--------- beginning of main
09-03 16:43:40.009 I/hwservicemanager(  287): getTransport: Cannot find entry android.hardware.memtrack@1.0::IMemtrack/default in either framework or device VINTF manifest.
09-03 16:43:40.022 I/hwservicemanager(  287): getTransport: Cannot find entry android.hardware.memtrack@1.0::IMemtrack/default in either framework or device VINTF manifest.
09-03 16:43:40.025 E/HidlServiceManagement(18689): Service android.hardware.memtrack@1.0::IMemtrack/default must be in VINTF manifest in order to register/get.
09-03 16:43:40.027 E/LegacySupport(18689): Could not register service android.hardware.memtrack@1.0::IMemtrack/default (-2147483648).
09-03 16:43:40.034 D/WifiHAL (  458): GetLinkStatCommand: zero radio case
09-03 16:43:40.078 D/ConnectivityService(  601): NetReassign [no changes] [c 1] [a 0] [i 4]
--------- beginning of system
09-03 16:43:40.260 D/io_stats(  319): !@ 179,0 r 456868 10087320 w 42919 416244 d 8207 615876 f 3233 4318 iot 662556 0 th 0 0 0 pt 0 inp 0 0 10845.543
09-03 16:43:40.262 D/io_stats(  319): !@ Read_top(KB): adbd(18687) 92 logd(284) 20 storaged(594) 20
09-03 16:43:40.262 D/io_stats(  319): !@ Write_top(KB): storaged(594) 168
09-03 16:43:40.559 E/BatteryStatsService(  601): Invalid uid for waking network packet: -1
09-03 16:43:40.562 E/BatteryStatsService(  601): Invalid uid for waking network packet: -1
09-03 16:43:42.021 E/BatteryStatsService(  601): Invalid uid for waking network packet: -1
09-03 16:43:42.023 E/BatteryStatsService(  601): Invalid uid for waking network packet: -1
09-03 16:43:42.026 E/BatteryStatsService(  601): Invalid uid for waking network packet: -1
09-03 16:43:42.473 E/BatteryDump(  489): !@new_battery_dump : 4359,155,2000,168,86,391,0,Chg,Normal,Good,INBOX_WRL,90,Normal,0,0,9895,205,0,0x7f,0x8b,0x0f,0x5e,0x01,0x34,0x00,0x01,0,0,8393,4203,1,1,4834,4737,175,4373,0x02,0,1,0x130,0x80,0x56,143,0x3,0x0,0x0
09-03 16:43:42.499 D/[SS]BattFunctions(  601): [sendRemainingChargingTimeChangedIntent]remainingChargingTime:1949 ,mLastRemainingChargingTime:1961
09-03 16:43:42.502 D/BatteryService(  601): Sending ACTION_BATTERY_CHANGED: level:86, status:2, health:2, ac:false, usb:false, wireless:true, misc:0x0, charge_type:1, charger_type:0, voltage:4359, temperature:391, online:11, current_avg:153, hvc:false, capacity:280000, current_event:0x0, current_now:155, mcc:0, mcv:0, cc:310680, present:true, scale:100, technology:Li-ion
09-03 16:43:42.510 D/PowerUI ( 1181): onReceive() Received Action =  com.samsung.server.BatteryService.action.SEC_BATTERY_REMAINING_CHARGING_TIME_CHANGED
09-03 16:43:42.510 D/PowerUI ( 1181): onReceive() Unsupported Action 
09-03 16:43:42.519 D/PowerUI ( 1181): onReceive() Received Action =  android.intent.action.BATTERY_CHANGED
09-03 16:43:42.520 D/PowerUI ( 1181): plugged=true
09-03 16:43:42.531 I/PowerUI ( 1181): maybeShowBatteryWarningV2 plugged=true bucket=1
09-03 16:43:42.531 I/PowerUI.NotificationHelper( 1181): cancelNotification  notificationID = 9009
09-03 16:43:42.540 D/SYSTEM_UI( 1181): BatteryIndicatorPresenter$3.onReceive(19): onReceive() Received Action =  android.intent.action.BATTERY_CHANGED
09-03 16:43:42.541 D/SYSTEM_UI( 1181): BatteryIndicatorPresenter$3.onReceive(103): level          86 --> 86
09-03 16:43:42.542 D/SYSTEM_UI( 1181): BatteryIndicatorPresenter$3.onReceive(130): status         2 --> 2
09-03 16:43:42.546 I/PowerUI ( 1181): ACTION_BATTERY_CHANGED : mPlugType=4 mBatteryStatus=2
09-03 16:43:42.546 I/PowerUI ( 1181): oldMisalign : false, curMisalign : false
09-03 16:43:42.548 D/AdaptiveBrightnessLongtermModelBuilder(  601): Received android.intent.action.BATTERY_CHANGED
09-03 16:43:42.561 I/NfcWirelessCharge( 1164): chargeMode: 4, isWirelessCharging: true
09-03 16:43:43.031 I/Watchface( 1109): [ModelBattery] action:android.intent.action.BATTERY_CHANGED
09-03 16:43:43.032 I/Watchface( 1109): [ModelBattery] scale[100] level[86] status[2] isCharging[true] batteryLow[false]
09-03 16:43:43.033 I/Watchface( 1109): [ModelBattery] putAll to pendingUpdatedValues!! size:2
09-03 16:43:43.089 I/wpa_supplicant( 1095): Heartbeat 1063
09-03 16:43:43.143 E/BatteryStatsService(  601): Invalid uid for waking network packet: -1
09-03 16:43:43.147 E/BatteryStatsService(  601): Invalid uid for waking network packet: -1
09-03 16:43:43.157 D/WifiHAL (  458): GetLinkStatCommand: zero radio case
09-03 16:43:44.271 D/io_stats(  319): !@ 179,0 r 456868 10087320 w 42922 416256 d 8207 615876 f 3233 4318 iot 662568 0 th 0 0 0 pt 0 inp 0 0 10849.554
09-03 16:43:44.273 D/io_stats(  319): !@ Write_top(KB): vendor.samsung.(489) 8 kworker/u4:2(18678) 4
09-03 16:43:44.420 E/BatteryStatsService(  601): Invalid uid for waking network packet: -1
09-03 16:43:45.028 I/hwservicemanager(  287): getTransport: Cannot find entry android.hardware.memtrack@1.0::IMemtrack/default in either framework or device VINTF manifest.
09-03 16:43:45.037 I/hwservicemanager(  287): getTransport: Cannot find entry android.hardware.memtrack@1.0::IMemtrack/default in either framework or device VINTF manifest.
09-03 16:43:45.038 E/HidlServiceManagement(18690): Service android.hardware.memtrack@1.0::IMemtrack/default must be in VINTF manifest in order to register/get.
09-03 16:43:45.038 E/LegacySupport(18690): Could not register service android.hardware.memtrack@1.0::IMemtrack/default (-2147483648).
09-03 16:43:45.569 I/adbd    ( 1489): New TLS connection [fd=25]
09-03 16:43:45.573 I/adbd    ( 1489): host-25: read thread spawning
09-03 16:43:45.573 I/adbd    ( 1489): host-25: write thread spawning
09-03 16:43:45.573 I/adbd    ( 1489): host-25: read failed: Success
09-03 16:43:45.573 I/adbd    ( 1489): host-25: connection terminated: read failed
09-03 16:43:45.574 I/adbd    ( 1489): BlockingConnectionAdapter(host-25): stopping
09-03 16:43:45.576 I/adbd    ( 1489): BlockingConnectionAdapter(host-25): stopped
09-03 16:43:45.576 I/adbd    ( 1489): BlockingConnectionAdapter(host-25): destructing
09-03 16:43:45.577 I/adbd    ( 1489): BlockingConnectionAdapter(host-25): already stopped
09-03 16:43:45.888 E/BatteryStatsService(  601): Invalid uid for waking network packet: -1
09-03 16:43:45.892 E/BatteryStatsService(  601): Invalid uid for waking network packet: -1
09-03 16:43:45.894 E/BatteryStatsService(  601): Invalid uid for waking network packet: -1
09-03 16:43:45.896 E/BatteryStatsService(  601): Invalid uid for waking network packet: -1
09-03 16:43:45.898 E/BatteryStatsService(  601): Invalid uid for waking network packet: -1
09-03 16:43:45.901 E/BatteryStatsService(  601): Invalid uid for waking network packet: -1
09-03 16:43:46.297 D/WifiHAL (  458): GetLinkStatCommand: zero radio case
09-03 16:43:46.368 D/SYSTEM_UI( 1181): QuickpanelView$$ExternalSyntheticOutline0.m(13): wifi rssi : -60
09-03 16:43:46.377 D/SYSTEM_UI( 1181): WifiConnection$2.onReceive(42): wifi rssi level : 4
09-03 16:43:46.378 D/SYSTEM_UI( 1181): QuickpanelView$$ExternalSyntheticOutline0.m(13): updateMainIcon mMainIconResId= 2131233883
09-03 16:43:47.040 E/SSRM:DHMS_BASEFRAMEWORK(  601): e = /sys/class/sec/sec-cp-thermistor/temperature: open failed: ENOENT (No such file or directory)
09-03 16:43:47.049 I/SSRM:Temperature(  601): SIOP:: AP : 408 CP : -999 BLK : 428 BAT : 391
09-03 16:43:48.065 I/SurfaceFlinger(  514): SFWD update time=10853349207544
09-03 16:43:48.281 D/io_stats(  319): !@ 179,0 r 456869 10087352 w 42922 416256 d 8207 615876 f 3233 4318 iot 662572 0 th 0 0 0 pt 0 inp 0 0 10853.564
09-03 16:43:48.282 D/io_stats(  319): !@ Read_top(KB): binder:505_2(505) 32
09-03 16:43:49.161 E/BatteryStatsService(  601): Invalid uid for waking network packet: -1
09-03 16:43:49.163 E/BatteryStatsService(  601): Invalid uid for waking network packet: -1
09-03 16:43:49.165 E/BatteryStatsService(  601): Invalid uid for waking network packet: -1
09-03 16:43:49.167 E/BatteryStatsService(  601): Invalid uid for waking network packet: -1
09-03 16:43:49.480 D/WifiHAL (  458): GetLinkStatCommand: zero radio case
09-03 16:43:50.037 I/hwservicemanager(  287): getTransport: Cannot find entry android.hardware.memtrack@1.0::IMemtrack/default in either framework or device VINTF manifest.
09-03 16:43:50.045 I/hwservicemanager(  287): getTransport: Cannot find entry android.hardware.memtrack@1.0::IMemtrack/default in either framework or device VINTF manifest.
09-03 16:43:50.046 E/HidlServiceManagement(18693): Service android.hardware.memtrack@1.0::IMemtrack/default must be in VINTF manifest in order to register/get.
09-03 16:43:50.047 E/LegacySupport(18693): Could not register service android.hardware.memtrack@1.0::IMemtrack/default (-2147483648).
09-03 16:43:50.213 E/BatteryStatsService(  601): Invalid uid for waking network packet: -1
09-03 16:43:50.215 E/BatteryStatsService(  601): Invalid uid for waking network packet: -1
09-03 16:43:50.217 E/BatteryStatsService(  601): Invalid uid for waking network packet: -1
09-03 16:43:51.425 E/BatteryStatsService(  601): Invalid uid for waking network packet: -1
09-03 16:43:51.428 E/BatteryStatsService(  601): Invalid uid for waking network packet: -1
09-03 16:43:51.432 E/BatteryStatsService(  601): Invalid uid for waking network packet: -1
09-03 16:43:51.438 E/BatteryStatsService(  601): Invalid uid for waking network packet: -1
09-03 16:43:51.441 E/BatteryStatsService(  601): Invalid uid for waking network packet: -1
09-03 16:43:51.443 E/BatteryStatsService(  601): Invalid uid for waking network packet: -1
09-03 16:43:52.106 I/adbd    ( 1489): New TLS connection [fd=25]
09-03 16:43:52.110 I/adbd    ( 1489): host-25: write thread spawning
09-03 16:43:52.110 I/adbd    ( 1489): host-25: read thread spawning
09-03 16:43:52.110 I/adbd    ( 1489): host-25: read failed: Success
09-03 16:43:52.110 I/adbd    ( 1489): host-25: connection terminated: read failed
09-03 16:43:52.111 I/adbd    ( 1489): BlockingConnectionAdapter(host-25): stopping
09-03 16:43:52.113 I/adbd    ( 1489): BlockingConnectionAdapter(host-25): stopped
09-03 16:43:52.114 I/adbd    ( 1489): BlockingConnectionAdapter(host-25): destructing
09-03 16:43:52.114 I/adbd    ( 1489): BlockingConnectionAdapter(host-25): already stopped
09-03 16:43:52.119 E/BatteryStatsService(  601): Invalid uid for waking network packet: -1
09-03 16:43:52.122 E/BatteryStatsService(  601): Invalid uid for waking network packet: -1
09-03 16:43:52.125 E/BatteryStatsService(  601): Invalid uid for waking network packet: -1
09-03 16:43:52.127 E/BatteryStatsService(  601): Invalid uid for waking network packet: -1
09-03 16:43:52.131 E/BatteryStatsService(  601): Invalid uid for waking network packet: -1
09-03 16:43:52.133 E/BatteryStatsService(  601): Invalid uid for waking network packet: -1
09-03 16:43:52.136 E/BatteryStatsService(  601): Invalid uid for waking network packet: -1
09-03 16:43:52.138 E/BatteryStatsService(  601): Invalid uid for waking network packet: -1
09-03 16:43:52.546 E/BatteryDump(  489): !@new_battery_dump : 4361,157,2000,168,86,390,0,Chg,Normal,Good,INBOX_WRL,90,Normal,0,0,9895,205,0,0x95,0x8b,0x0f,0x5e,0x01,0x34,0x00,0x01,0,0,8403,4205,1,1,4829,4737,173,4361,0x02,0,1,0x130,0x80,0x56,143,0x3,0x0,0x0
09-03 16:43:52.562 D/[SS]BattFunctions(  601): [sendRemainingChargingTimeChangedIntent]remainingChargingTime:1943 ,mLastRemainingChargingTime:1949
09-03 16:43:52.563 D/BatteryService(  601): Sending ACTION_BATTERY_CHANGED: level:86, status:2, health:2, ac:false, usb:false, wireless:true, misc:0x0, charge_type:1, charger_type:0, voltage:4361, temperature:390, online:11, current_avg:153, hvc:false, capacity:280000, current_event:0x0, current_now:157, mcc:0, mcv:0, cc:311400, present:true, scale:100, technology:Li-ion
09-03 16:43:52.569 D/PowerUI ( 1181): onReceive() Received Action =  com.samsung.server.BatteryService.action.SEC_BATTERY_REMAINING_CHARGING_TIME_CHANGED
09-03 16:43:52.569 D/PowerUI ( 1181): onReceive() Unsupported Action 
09-03 16:43:52.580 D/PowerUI ( 1181): onReceive() Received Action =  android.intent.action.BATTERY_CHANGED
09-03 16:43:52.580 D/PowerUI ( 1181): plugged=true
09-03 16:43:52.580 I/PowerUI ( 1181): ACTION_BATTERY_CHANGED : mPlugType=4 mBatteryStatus=2
09-03 16:43:52.580 I/PowerUI ( 1181): oldMisalign : false, curMisalign : false
09-03 16:43:52.581 I/PowerUI ( 1181): maybeShowBatteryWarningV2 plugged=true bucket=1
09-03 16:43:52.582 I/PowerUI.NotificationHelper( 1181): cancelNotification  notificationID = 9009
09-03 16:43:52.586 D/SYSTEM_UI( 1181): BatteryIndicatorPresenter$3.onReceive(19): onReceive() Received Action =  android.intent.action.BATTERY_CHANGED
09-03 16:43:52.588 D/SYSTEM_UI( 1181): BatteryIndicatorPresenter$3.onReceive(103): level          86 --> 86
09-03 16:43:52.588 D/SYSTEM_UI( 1181): BatteryIndicatorPresenter$3.onReceive(130): status         2 --> 2
09-03 16:43:52.590 D/AdaptiveBrightnessLongtermModelBuilder(  601): Received android.intent.action.BATTERY_CHANGED
09-03 16:43:52.599 D/WifiHAL (  458): GetLinkStatCommand: zero radio case
09-03 16:43:52.615 I/NfcWirelessCharge( 1164): chargeMode: 4, isWirelessCharging: true
09-03 16:43:53.076 I/Watchface( 1109): [ModelBattery] action:android.intent.action.BATTERY_CHANGED
09-03 16:43:53.077 I/Watchface( 1109): [ModelBattery] scale[100] level[86] status[2] isCharging[true] batteryLow[false]
09-03 16:43:53.077 I/Watchface( 1109): [ModelBattery] putAll to pendingUpdatedValues!! size:2
09-03 16:43:53.090 I/wpa_supplicant( 1095): Heartbeat 1064
09-03 16:43:53.535 E/BatteryStatsService(  601): Invalid uid for waking network packet: -1
09-03 16:43:53.538 E/BatteryStatsService(  601): Invalid uid for waking network packet: -1
09-03 16:43:53.541 E/BatteryStatsService(  601): Invalid uid for waking network packet: -1
09-03 16:43:54.293 D/io_stats(  319): !@ 179,0 r 456869 10087352 w 42924 416264 d 8207 615876 f 3233 4318 iot 662580 0 th 0 0 0 pt 0 inp 0 0 10859.576
09-03 16:43:55.068 I/hwservicemanager(  287): getTransport: Cannot find entry android.hardware.memtrack@1.0::IMemtrack/default in either framework or device VINTF manifest.
09-03 16:43:55.076 I/hwservicemanager(  287): getTransport: Cannot find entry android.hardware.memtrack@1.0::IMemtrack/default in either framework or device VINTF manifest.
09-03 16:43:55.077 E/HidlServiceManagement(18697): Service android.hardware.memtrack@1.0::IMemtrack/default must be in VINTF manifest in order to register/get.
09-03 16:43:55.078 E/LegacySupport(18697): Could not register service android.hardware.memtrack@1.0::IMemtrack/default (-2147483648).
09-03 16:43:55.460 E/BatteryStatsService(  601): Invalid uid for waking network packet: -1
09-03 16:43:55.463 E/BatteryStatsService(  601): Invalid uid for waking network packet: -1
09-03 16:43:55.466 E/BatteryStatsService(  601): Invalid uid for waking network packet: -1
09-03 16:43:55.468 E/BatteryStatsService(  601): Invalid uid for waking network packet: -1
09-03 16:43:55.470 E/BatteryStatsService(  601): Invalid uid for waking network packet: -1
09-03 16:43:55.473 E/BatteryStatsService(  601): Invalid uid for waking network packet: -1
09-03 16:43:55.713 D/WifiHAL (  458): GetLinkStatCommand: zero radio case
09-03 16:43:56.299 D/io_stats(  319): !@ Write_top(KB): vendor.samsung.(489) 8
09-03 16:43:57.062 E/SSRM:DHMS_BASEFRAMEWORK(  601): e = /sys/class/sec/sec-cp-thermistor/temperature: open failed: ENOENT (No such file or directory)
09-03 16:43:57.073 I/SSRM:Temperature(  601): SIOP:: AP : 408 CP : -999 BLK : 428 BAT : 390
09-03 16:43:58.724 E/BatteryStatsService(  601): Invalid uid for waking network packet: -1
09-03 16:43:58.727 E/BatteryStatsService(  601): Invalid uid for waking network packet: -1
09-03 16:43:58.729 E/BatteryStatsService(  601): Invalid uid for waking network packet: -1
09-03 16:43:58.830 D/WifiHAL (  458): GetLinkStatCommand: zero radio case
09-03 16:43:59.746 E/BatteryStatsService(  601): Invalid uid for waking network packet: -1
09-03 16:44:00.116 I/hwservicemanager(  287): getTransport: Cannot find entry android.hardware.memtrack@1.0::IMemtrack/default in either framework or device VINTF manifest.
09-03 16:44:00.135 I/hwservicemanager(  287): getTransport: Cannot find entry android.hardware.memtrack@1.0::IMemtrack/default in either framework or device VINTF manifest.
09-03 16:44:00.136 E/HidlServiceManagement(18698): Service android.hardware.memtrack@1.0::IMemtrack/default must be in VINTF manifest in order to register/get.
09-03 16:44:00.136 E/LegacySupport(18698): Could not register service android.hardware.memtrack@1.0::IMemtrack/default (-2147483648).
09-03 16:44:01.960 D/WifiHAL (  458): GetLinkStatCommand: zero radio case
09-03 16:44:02.593 D/[SS]BattFunctions(  601): [sendRemainingChargingTimeChangedIntent]remainingChargingTime:1937 ,mLastRemainingChargingTime:1943
09-03 16:44:02.598 E/BatteryDump(  489): !@new_battery_dump : 4363,157,2000,168,86,390,0,Chg,Normal,Good,INBOX_WRL,90,Normal,0,0,9875,205,0,0xa1,0x8b,0x0f,0x5e,0x01,0x34,0x00,0x01,0,0,8417,4206,1,1,4839,4742,175,4374,0x02,0,1,0x130,0x80,0x56,143,0x3,0x0,0x0
09-03 16:44:02.601 D/PowerUI ( 1181): onReceive() Received Action =  com.samsung.server.BatteryService.action.SEC_BATTERY_REMAINING_CHARGING_TIME_CHANGED
09-03 16:44:02.601 D/PowerUI ( 1181): onReceive() Unsupported Action 
09-03 16:44:02.602 D/BatteryService(  601): Sending ACTION_BATTERY_CHANGED: level:86, status:2, health:2, ac:false, usb:false, wireless:true, misc:0x0, charge_type:1, charger_type:0, voltage:4363, temperature:390, online:11, current_avg:154, hvc:false, capacity:280000, current_event:0x0, current_now:157, mcc:0, mcv:0, cc:311760, present:true, scale:100, technology:Li-ion
09-03 16:44:02.609 D/PowerUI ( 1181): onReceive() Received Action =  android.intent.action.BATTERY_CHANGED
09-03 16:44:02.610 D/PowerUI ( 1181): plugged=true
09-03 16:44:02.610 I/PowerUI ( 1181): ACTION_BATTERY_CHANGED : mPlugType=4 mBatteryStatus=2
09-03 16:44:02.610 I/PowerUI ( 1181): oldMisalign : false, curMisalign : false
09-03 16:44:02.613 D/SYSTEM_UI( 1181): BatteryIndicatorPresenter$3.onReceive(19): onReceive() Received Action =  android.intent.action.BATTERY_CHANGED
09-03 16:44:02.614 I/PowerUI ( 1181): maybeShowBatteryWarningV2 plugged=true bucket=1
09-03 16:44:02.614 I/PowerUI.NotificationHelper( 1181): cancelNotification  notificationID = 9009
09-03 16:44:02.615 D/SYSTEM_UI( 1181): BatteryIndicatorPresenter$3.onReceive(103): level          86 --> 86
09-03 16:44:02.616 D/SYSTEM_UI( 1181): BatteryIndicatorPresenter$3.onReceive(130): status         2 --> 2
09-03 16:44:02.616 D/AdaptiveBrightnessLongtermModelBuilder(  601): Received android.intent.action.BATTERY_CHANGED
09-03 16:44:02.636 I/NfcWirelessCharge( 1164): chargeMode: 4, isWirelessCharging: true
09-03 16:44:02.994 E/Watchdog(  601): !@Sync: 362 heap: 53 / 61 FD: 762 [2026-09-03 16:44:02.992]
09-03 16:44:03.092 I/wpa_supplicant( 1095): Heartbeat 1065
09-03 16:44:03.111 I/Watchface( 1109): [ModelBattery] action:android.intent.action.BATTERY_CHANGED
09-03 16:44:03.112 I/Watchface( 1109): [ModelBattery] scale[100] level[86] status[2] isCharging[true] batteryLow[false]
09-03 16:44:03.112 I/Watchface( 1109): [ModelBattery] putAll to pendingUpdatedValues!! size:2
09-03 16:44:04.315 D/io_stats(  319): !@ 179,0 r 456869 10087352 w 42926 416272 d 8207 615876 f 3233 4318 iot 662588 0 th 0 0 0 pt 0 inp 0 0 10869.598
09-03 16:44:04.317 D/io_stats(  319): !@ Write_top(KB): vendor.samsung.(489) 8
09-03 16:44:04.901 E/BatteryStatsService(  601): Invalid uid for waking network packet: -1
09-03 16:44:04.904 E/BatteryStatsService(  601): Invalid uid for waking network packet: -1
09-03 16:44:04.906 E/BatteryStatsService(  601): Invalid uid for waking network packet: -1
09-03 16:44:04.908 E/BatteryStatsService(  601): Invalid uid for waking network packet: -1
09-03 16:44:05.077 D/WifiHAL (  458): GetLinkStatCommand: zero radio case
09-03 16:44:05.118 I/hwservicemanager(  287): getTransport: Cannot find entry android.hardware.memtrack@1.0::IMemtrack/default in either framework or device VINTF manifest.
09-03 16:44:05.126 I/hwservicemanager(  287): getTransport: Cannot find entry android.hardware.memtrack@1.0::IMemtrack/default in either framework or device VINTF manifest.
09-03 16:44:05.128 E/HidlServiceManagement(18699): Service android.hardware.memtrack@1.0::IMemtrack/default must be in VINTF manifest in order to register/get.
09-03 16:44:05.129 E/LegacySupport(18699): Could not register service android.hardware.memtrack@1.0::IMemtrack/default (-2147483648).
09-03 16:44:06.047 E/BatteryStatsService(  601): Invalid uid for waking network packet: -1
09-03 16:44:06.050 E/BatteryStatsService(  601): Invalid uid for waking network packet: -1
09-03 16:44:06.055 E/BatteryStatsService(  601): Invalid uid for waking network packet: -1
09-03 16:44:06.058 E/BatteryStatsService(  601): Invalid uid for waking network packet: -1
09-03 16:44:06.060 E/BatteryStatsService(  601): Invalid uid for waking network packet: -1
09-03 16:44:06.062 E/BatteryStatsService(  601): Invalid uid for waking network packet: -1
09-03 16:44:07.136 E/SSRM:DHMS_BASEFRAMEWORK(  601): e = /sys/class/sec/sec-cp-thermistor/temperature: open failed: ENOENT (No such file or directory)
09-03 16:44:07.146 I/SSRM:Temperature(  601): SIOP:: AP : 407 CP : -999 BLK : 428 BAT : 390
09-03 16:44:07.303 E/BatteryStatsService(  601): Invalid uid for waking network packet: -1
09-03 16:44:07.306 E/BatteryStatsService(  601): Invalid uid for waking network packet: -1
09-03 16:44:07.309 E/BatteryStatsService(  601): Invalid uid for waking network packet: -1
09-03 16:44:08.179 D/WifiHAL (  458): GetLinkStatCommand: zero radio case
09-03 16:44:08.326 D/io_stats(  319): !@ 179,0 r 456870 10087356 w 42926 416272 d 8207 615876 f 3233 4318 iot 662592 0 th 0 0 0 pt 0 inp 0 0 10873.609
09-03 16:44:08.327 D/io_stats(  319): !@ Read_top(KB): d.process.acore(1787) 4
09-03 16:44:08.356 E/BatteryStatsService(  601): Invalid uid for waking network packet: -1
09-03 16:44:08.359 E/BatteryStatsService(  601): Invalid uid for waking network packet: -1
09-03 16:44:09.445 E/BatteryStatsService(  601): Invalid uid for waking network packet: -1
09-03 16:44:09.448 E/BatteryStatsService(  601): Invalid uid for waking network packet: -1
09-03 16:44:09.454 E/BatteryStatsService(  601): Invalid uid for waking network packet: -1
09-03 16:44:09.456 E/BatteryStatsService(  601): Invalid uid for waking network packet: -1
09-03 16:44:10.141 I/hwservicemanager(  287): getTransport: Cannot find entry android.hardware.memtrack@1.0::IMemtrack/default in either framework or device VINTF manifest.
09-03 16:44:10.149 I/hwservicemanager(  287): getTransport: Cannot find entry android.hardware.memtrack@1.0::IMemtrack/default in either framework or device VINTF manifest.
09-03 16:44:10.150 E/HidlServiceManagement(18701): Service android.hardware.memtrack@1.0::IMemtrack/default must be in VINTF manifest in order to register/get.
09-03 16:44:10.151 E/LegacySupport(18701): Could not register service android.hardware.memtrack@1.0::IMemtrack/default (-2147483648).
09-03 16:44:10.333 D/io_stats(  319): !@ 179,0 r 456870 10087356 w 42928 416280 d 8207 615876 f 3233 4318 iot 662600 0 th 0 0 0 pt 0 inp 0 0 10875.616
09-03 16:44:10.465 E/BatteryStatsService(  601): Invalid uid for waking network packet: -1
09-03 16:44:10.471 E/BatteryStatsService(  601): Invalid uid for waking network packet: -1
09-03 16:44:10.474 E/BatteryStatsService(  601): Invalid uid for waking network packet: -1
09-03 16:44:11.319 D/WifiHAL (  458): GetLinkStatCommand: zero radio case
09-03 16:44:11.713 E/BatteryStatsService(  601): Invalid uid for waking network packet: -1
09-03 16:44:12.338 D/io_stats(  319): !@ Write_top(KB): kworker/u4:0(18278) 8
09-03 16:44:12.596 E/BatteryDump(  489): !@new_battery_dump : 4364,156,2000,168,86,389,0,Chg,Normal,Good,INBOX_WRL,90,Normal,0,0,9875,205,0,0xaa,0x8b,0x0f,0x5e,0x01,0x34,0x00,0x01,0,0,8427,4207,1,1,4839,4742,175,4374,0x02,0,1,0x130,0x80,0x56,143,0x3,0x0,0x0
09-03 16:44:12.610 D/[SS]BattFunctions(  601): [sendRemainingChargingTimeChangedIntent]remainingChargingTime:1931 ,mLastRemainingChargingTime:1937
09-03 16:44:12.613 D/BatteryService(  601): Sending ACTION_BATTERY_CHANGED: level:86, status:2, health:2, ac:false, usb:false, wireless:true, misc:0x0, charge_type:1, charger_type:0, voltage:4364, temperature:389, online:11, current_avg:154, hvc:false, capacity:280000, current_event:0x0, current_now:156, mcc:0, mcv:0, cc:312120, present:true, scale:100, technology:Li-ion
09-03 16:44:12.620 D/PowerUI ( 1181): onReceive() Received Action =  com.samsung.server.BatteryService.action.SEC_BATTERY_REMAINING_CHARGING_TIME_CHANGED
09-03 16:44:12.620 D/PowerUI ( 1181): onReceive() Unsupported Action 
09-03 16:44:12.637 D/PowerUI ( 1181): onReceive() Received Action =  android.intent.action.BATTERY_CHANGED
09-03 16:44:12.647 D/PowerUI ( 1181): plugged=true
09-03 16:44:12.647 I/PowerUI ( 1181): maybeShowBatteryWarningV2 plugged=true bucket=1
09-03 16:44:12.648 I/PowerUI.NotificationHelper( 1181): cancelNotification  notificationID = 9009
09-03 16:44:12.649 I/PowerUI ( 1181): ACTION_BATTERY_CHANGED : mPlugType=4 mBatteryStatus=2
09-03 16:44:12.649 I/PowerUI ( 1181): oldMisalign : false, curMisalign : false
09-03 16:44:12.654 D/SYSTEM_UI( 1181): BatteryIndicatorPresenter$3.onReceive(19): onReceive() Received Action =  android.intent.action.BATTERY_CHANGED
09-03 16:44:12.655 D/SYSTEM_UI( 1181): BatteryIndicatorPresenter$3.onReceive(103): level          86 --> 86
09-03 16:44:12.655 D/SYSTEM_UI( 1181): BatteryIndicatorPresenter$3.onReceive(130): status         2 --> 2
09-03 16:44:12.657 D/AdaptiveBrightnessLongtermModelBuilder(  601): Received android.intent.action.BATTERY_CHANGED
09-03 16:44:12.668 I/NfcWirelessCharge( 1164): chargeMode: 4, isWirelessCharging: true
09-03 16:44:12.869 E/BatteryStatsService(  601): Invalid uid for waking network packet: -1
09-03 16:44:12.872 E/BatteryStatsService(  601): Invalid uid for waking network packet: -1
09-03 16:44:12.874 E/BatteryStatsService(  601): Invalid uid for waking network packet: -1
09-03 16:44:12.877 E/BatteryStatsService(  601): Invalid uid for waking network packet: -1
09-03 16:44:12.879 E/BatteryStatsService(  601): Invalid uid for waking network packet: -1
09-03 16:44:12.882 E/BatteryStatsService(  601): Invalid uid for waking network packet: -1
09-03 16:44:13.095 I/wpa_supplicant( 1095): Heartbeat 1066
09-03 16:44:13.133 I/Watchface( 1109): [ModelBattery] action:android.intent.action.BATTERY_CHANGED
09-03 16:44:13.133 I/Watchface( 1109): [ModelBattery] scale[100] level[86] status[2] isCharging[true] batteryLow[false]
09-03 16:44:13.134 I/Watchface( 1109): [ModelBattery] putAll to pendingUpdatedValues!! size:2
09-03 16:44:14.143 E/BatteryStatsService(  601): Invalid uid for waking network packet: -1
09-03 16:44:14.145 E/BatteryStatsService(  601): Invalid uid for waking network packet: -1
09-03 16:44:14.186 I/ProcessStatsService(  601): Pruning old procstats: /data/system/procstats/state-v2-2026-09-01-04-04-48.bin
09-03 16:44:14.341 D/io_stats(  319): !@ 179,0 r 456879 10087432 w 42932 416460 d 8207 615876 f 3233 4318 iot 662632 0 th 0 0 0 pt 0 inp 0 0 10879.625
09-03 16:44:14.476 D/WifiHAL (  458): GetLinkStatCommand: zero radio case
09-03 16:44:14.555 D/SYSTEM_UI( 1181): QuickpanelView$$ExternalSyntheticOutline0.m(13): wifi rssi : -64
09-03 16:44:14.557 D/SYSTEM_UI( 1181): WifiConnection$2.onReceive(42): wifi rssi level : 3
09-03 16:44:14.558 D/SYSTEM_UI( 1181): QuickpanelView$$ExternalSyntheticOutline0.m(13): updateMainIcon mMainIconResId= 2131233882
09-03 16:44:15.119 I/adbd    ( 1489): New TLS connection [fd=25]
09-03 16:44:15.122 I/adbd    ( 1489): host-25: write thread spawning
09-03 16:44:15.122 I/adbd    ( 1489): host-25: read thread spawning
09-03 16:44:15.123 I/adbd    ( 1489): host-25: read failed: Success
09-03 16:44:15.123 I/adbd    ( 1489): host-25: connection terminated: read failed
09-03 16:44:15.123 I/adbd    ( 1489): BlockingConnectionAdapter(host-25): stopping
09-03 16:44:15.124 I/adbd    ( 1489): BlockingConnectionAdapter(host-25): stopped
09-03 16:44:15.124 I/adbd    ( 1489): BlockingConnectionAdapter(host-25): destructing
09-03 16:44:15.124 I/adbd    ( 1489): BlockingConnectionAdapter(host-25): already stopped
09-03 16:44:15.181 I/hwservicemanager(  287): getTransport: Cannot find entry android.hardware.memtrack@1.0::IMemtrack/default in either framework or device VINTF manifest.
09-03 16:44:15.190 I/hwservicemanager(  287): getTransport: Cannot find entry android.hardware.memtrack@1.0::IMemtrack/default in either framework or device VINTF manifest.
09-03 16:44:15.191 E/HidlServiceManagement(18702): Service android.hardware.memtrack@1.0::IMemtrack/default must be in VINTF manifest in order to register/get.
09-03 16:44:15.191 E/LegacySupport(18702): Could not register service android.hardware.memtrack@1.0::IMemtrack/default (-2147483648).
09-03 16:44:15.763 E/BatteryStatsService(  601): Invalid uid for waking network packet: -1
09-03 16:44:15.767 E/BatteryStatsService(  601): Invalid uid for waking network packet: -1
09-03 16:44:15.770 E/BatteryStatsService(  601): Invalid uid for waking network packet: -1
09-03 16:44:15.772 E/BatteryStatsService(  601): Invalid uid for waking network packet: -1
09-03 16:44:15.775 E/BatteryStatsService(  601): Invalid uid for waking network packet: -1
09-03 16:44:15.777 E/BatteryStatsService(  601): Invalid uid for waking network packet: -1
09-03 16:44:15.779 E/BatteryStatsService(  601): Invalid uid for waking network packet: -1
09-03 16:44:15.781 E/BatteryStatsService(  601): Invalid uid for waking network packet: -1
09-03 16:44:16.347 D/io_stats(  319): !@ Read_top(KB): system_server(601) 76
09-03 16:44:16.348 D/io_stats(  319): !@ Write_top(KB): system_server(601) 172 vendor.samsung.(489) 8
09-03 16:44:16.833 E/BatteryStatsService(  601): Invalid uid for waking network packet: -1
09-03 16:44:17.207 E/SSRM:DHMS_BASEFRAMEWORK(  601): e = /sys/class/sec/sec-cp-thermistor/temperature: open failed: ENOENT (No such file or directory)
09-03 16:44:17.217 I/SSRM:Temperature(  601): SIOP:: AP : 407 CP : -999 BLK : 428 BAT : 389
09-03 16:44:17.651 D/WifiHAL (  458): GetLinkStatCommand: zero radio case
09-03 16:44:18.067 I/SurfaceFlinger(  514): SFWD update time=10883351227022
09-03 16:44:18.353 D/io_stats(  319): !@ 179,0 r 456881 10087440 w 42932 416460 d 8207 615876 f 3233 4318 iot 662640 0 th 0 0 0 pt 0 inp 0 0 10883.636
09-03 16:44:18.821 E/BatteryStatsService(  601): Invalid uid for waking network packet: -1
09-03 16:44:20.186 I/hwservicemanager(  287): getTransport: Cannot find entry android.hardware.memtrack@1.0::IMemtrack/default in either framework or device VINTF manifest.
09-03 16:44:20.195 I/hwservicemanager(  287): getTransport: Cannot find entry android.hardware.memtrack@1.0::IMemtrack/default in either framework or device VINTF manifest.
09-03 16:44:20.196 E/HidlServiceManagement(18705): Service android.hardware.memtrack@1.0::IMemtrack/default must be in VINTF manifest in order to register/get.
09-03 16:44:20.196 E/LegacySupport(18705): Could not register service android.hardware.memtrack@1.0::IMemtrack/default (-2147483648).
09-03 16:44:20.357 D/io_stats(  319): !@ 179,0 r 456882 10087444 w 42936 416524 d 8207 615876 f 3233 4318 iot 662652 0 th 0 0 0 pt 0 inp 0 0 10885.640
09-03 16:44:20.359 D/io_stats(  319): !@ Read_top(KB): .gms.persistent(1288) 8 system_server(601) 4
09-03 16:44:20.359 D/io_stats(  319): !@ Write_top(KB): system_server(601) 64
09-03 16:44:20.641 E/BatteryStatsService(  601): Invalid uid for waking network packet: -1
09-03 16:44:20.646 E/BatteryStatsService(  601): Invalid uid for waking network packet: -1
09-03 16:44:20.753 D/WifiHAL (  458): GetLinkStatCommand: zero radio case
09-03 16:44:21.122 E/BatteryStatsService(  601): Invalid uid for waking network packet: -1
09-03 16:44:21.125 E/BatteryStatsService(  601): Invalid uid for waking network packet: -1
09-03 16:44:21.145 E/BatteryStatsService(  601): Invalid uid for waking network packet: -1
09-03 16:44:21.191 I/adbd    ( 1489): New TLS connection [fd=25]
09-03 16:44:21.196 I/adbd    ( 1489): host-25: write thread spawning
09-03 16:44:21.196 I/adbd    ( 1489): host-25: read thread spawning
09-03 16:44:21.196 I/adbd    ( 1489): host-25: read failed: Success
09-03 16:44:21.196 I/adbd    ( 1489): host-25: connection terminated: read failed
09-03 16:44:21.197 I/adbd    ( 1489): BlockingConnectionAdapter(host-25): stopping
09-03 16:44:21.198 I/adbd    ( 1489): BlockingConnectionAdapter(host-25): stopped
09-03 16:44:21.198 I/adbd    ( 1489): BlockingConnectionAdapter(host-25): destructing
09-03 16:44:21.198 I/adbd    ( 1489): BlockingConnectionAdapter(host-25): already stopped
09-03 16:44:22.149 E/BatteryStatsService(  601): Invalid uid for waking network packet: -1
09-03 16:44:22.364 D/io_stats(  319): !@ 179,0 r 456888 10087560 w 42936 416524 d 8207 615876 f 3233 4318 iot 662656 0 th 0 0 0 pt 0 inp 0 0 10887.647
09-03 16:44:22.648 E/BatteryDump(  489): !@new_battery_dump : 4349,138,2000,168,86,390,0,Chg,Normal,Good,INBOX_WRL,90,Normal,0,0,9875,205,0,0x31,0x8b,0x0f,0x5e,0x01,0x34,0x00,0x01,0,0,8439,4209,1,1,4834,4732,174,4369,0x02,0,1,0x130,0x80,0x56,143,0x3,0x0,0x0
09-03 16:44:22.675 D/[SS]BattFunctions(  601): [sendRemainingChargingTimeChangedIntent]remainingChargingTime:1925 ,mLastRemainingChargingTime:1931
09-03 16:44:22.676 D/BatteryService(  601): Sending ACTION_BATTERY_CHANGED: level:86, status:2, health:2, ac:false, usb:false, wireless:true, misc:0x0, charge_type:1, charger_type:0, voltage:4349, temperature:390, online:11, current_avg:152, hvc:false, capacity:280000, current_event:0x0, current_now:138, mcc:0, mcv:0, cc:312480, present:true, scale:100, technology:Li-ion
09-03 16:44:22.682 D/PowerUI ( 1181): onReceive() Received Action =  com.samsung.server.BatteryService.action.SEC_BATTERY_REMAINING_CHARGING_TIME_CHANGED
09-03 16:44:22.683 D/PowerUI ( 1181): onReceive() Unsupported Action 
09-03 16:44:22.688 D/PowerUI ( 1181): onReceive() Received Action =  android.intent.action.BATTERY_CHANGED
09-03 16:44:22.688 D/PowerUI ( 1181): plugged=true
09-03 16:44:22.689 I/PowerUI ( 1181): ACTION_BATTERY_CHANGED : mPlugType=4 mBatteryStatus=2
09-03 16:44:22.689 I/PowerUI ( 1181): oldMisalign : false, curMisalign : false
09-03 16:44:22.689 I/PowerUI ( 1181): maybeShowBatteryWarningV2 plugged=true bucket=1
09-03 16:44:22.689 I/PowerUI.NotificationHelper( 1181): cancelNotification  notificationID = 9009
09-03 16:44:22.694 D/SYSTEM_UI( 1181): BatteryIndicatorPresenter$3.onReceive(19): onReceive() Received Action =  android.intent.action.BATTERY_CHANGED
09-03 16:44:22.695 D/SYSTEM_UI( 1181): BatteryIndicatorPresenter$3.onReceive(103): level          86 --> 86
09-03 16:44:22.696 D/SYSTEM_UI( 1181): BatteryIndicatorPresenter$3.onReceive(130): status         2 --> 2
09-03 16:44:22.719 D/AdaptiveBrightnessLongtermModelBuilder(  601): Received android.intent.action.BATTERY_CHANGED
09-03 16:44:22.726 I/NfcWirelessCharge( 1164): chargeMode: 4, isWirelessCharging: true
09-03 16:44:23.099 I/wpa_supplicant( 1095): Heartbeat 1067
09-03 16:44:23.205 I/Watchface( 1109): [ModelBattery] action:android.intent.action.BATTERY_CHANGED
09-03 16:44:23.205 I/Watchface( 1109): [ModelBattery] scale[100] level[86] status[2] isCharging[true] batteryLow[false]
09-03 16:44:23.205 I/Watchface( 1109): [ModelBattery] putAll to pendingUpdatedValues!! size:2
09-03 16:44:23.360 E/BatteryStatsService(  601): Invalid uid for waking network packet: -1
09-03 16:44:23.363 E/BatteryStatsService(  601): Invalid uid for waking network packet: -1
09-03 16:44:23.366 E/BatteryStatsService(  601): Invalid uid for waking network packet: -1
09-03 16:44:23.368 E/BatteryStatsService(  601): Invalid uid for waking network packet: -1
09-03 16:44:23.371 E/BatteryStatsService(  601): Invalid uid for waking network packet: -1
09-03 16:44:23.376 E/BatteryStatsService(  601): Invalid uid for waking network packet: -1
09-03 16:44:23.379 E/BatteryStatsService(  601): Invalid uid for waking network packet: -1
09-03 16:44:23.863 D/WifiHAL (  458): GetLinkStatCommand: zero radio case
09-03 16:44:23.925 D/SYSTEM_UI( 1181): QuickpanelView$$ExternalSyntheticOutline0.m(13): wifi rssi : -58
09-03 16:44:23.941 D/SYSTEM_UI( 1181): WifiConnection$2.onReceive(42): wifi rssi level : 4
09-03 16:44:23.942 D/SYSTEM_UI( 1181): QuickpanelView$$ExternalSyntheticOutline0.m(13): updateMainIcon mMainIconResId= 2131233883
09-03 16:44:24.368 D/io_stats(  319): !@ 179,0 r 456888 10087560 w 42939 416536 d 8207 615876 f 3233 4318 iot 662664 0 th 0 0 0 pt 0 inp 0 0 10889.651
09-03 16:44:24.370 D/io_stats(  319): !@ Read_top(KB): kworker/u4:0(18278) 116
09-03 16:44:24.370 D/io_stats(  319): !@ Write_top(KB): vendor.samsung.(489) 8 kworker/u4:2(18678) 4
09-03 16:44:24.608 E/BatteryStatsService(  601): Invalid uid for waking network packet: -1
09-03 16:44:24.611 E/BatteryStatsService(  601): Invalid uid for waking network packet: -1
09-03 16:44:24.614 E/BatteryStatsService(  601): Invalid uid for waking network packet: -1
09-03 16:44:24.617 E/BatteryStatsService(  601): Invalid uid for waking network packet: -1
09-03 16:44:24.619 E/BatteryStatsService(  601): Invalid uid for waking network packet: -1
09-03 16:44:24.621 E/BatteryStatsService(  601): Invalid uid for waking network packet: -1
09-03 16:44:24.623 E/BatteryStatsService(  601): Invalid uid for waking network packet: -1
09-03 16:44:25.228 I/hwservicemanager(  287): getTransport: Cannot find entry android.hardware.memtrack@1.0::IMemtrack/default in either framework or device VINTF manifest.
09-03 16:44:25.237 I/hwservicemanager(  287): getTransport: Cannot find entry android.hardware.memtrack@1.0::IMemtrack/default in either framework or device VINTF manifest.
09-03 16:44:25.238 E/HidlServiceManagement(18711): Service android.hardware.memtrack@1.0::IMemtrack/default must be in VINTF manifest in order to register/get.
09-03 16:44:25.238 E/LegacySupport(18711): Could not register service android.hardware.memtrack@1.0::IMemtrack/default (-2147483648).
09-03 16:44:25.346 E/BatteryStatsService(  601): Invalid uid for waking network packet: -1
09-03 16:44:25.349 E/BatteryStatsService(  601): Invalid uid for waking network packet: -1
09-03 16:44:25.352 E/BatteryStatsService(  601): Invalid uid for waking network packet: -1
09-03 16:44:25.354 E/BatteryStatsService(  601): Invalid uid for waking network packet: -1
09-03 16:44:25.357 E/BatteryStatsService(  601): Invalid uid for waking network packet: -1
09-03 16:44:25.359 E/BatteryStatsService(  601): Invalid uid for waking network packet: -1
09-03 16:44:25.365 E/BatteryStatsService(  601): Invalid uid for waking network packet: -1
09-03 16:44:26.400 E/BatteryStatsService(  601): Invalid uid for waking network packet: -1
09-03 16:44:26.403 E/BatteryStatsService(  601): Invalid uid for waking network packet: -1
09-03 16:44:26.406 E/BatteryStatsService(  601): Invalid uid for waking network packet: -1
09-03 16:44:26.408 E/BatteryStatsService(  601): Invalid uid for waking network packet: -1
09-03 16:44:26.410 E/BatteryStatsService(  601): Invalid uid for waking network packet: -1
09-03 16:44:27.028 D/WifiHAL (  458): GetLinkStatCommand: zero radio case
09-03 16:44:27.094 D/SYSTEM_UI( 1181): QuickpanelView$$ExternalSyntheticOutline0.m(13): wifi rssi : -64
09-03 16:44:27.105 D/SYSTEM_UI( 1181): WifiConnection$2.onReceive(42): wifi rssi level : 3
09-03 16:44:27.106 D/SYSTEM_UI( 1181): QuickpanelView$$ExternalSyntheticOutline0.m(13): updateMainIcon mMainIconResId= 2131233882
09-03 16:44:27.277 E/SSRM:DHMS_BASEFRAMEWORK(  601): e = /sys/class/sec/sec-cp-thermistor/temperature: open failed: ENOENT (No such file or directory)
09-03 16:44:27.286 I/SSRM:Temperature(  601): SIOP:: AP : 408 CP : -999 BLK : 428 BAT : 390
09-03 16:44:27.841 E/BatteryStatsService(  601): Invalid uid for waking network packet: -1
09-03 16:44:27.848 E/BatteryStatsService(  601): Invalid uid for waking network packet: -1
09-03 16:44:27.851 E/BatteryStatsService(  601): Invalid uid for waking network packet: -1
09-03 16:44:29.732 E/BatteryStatsService(  601): Invalid uid for waking network packet: -1
09-03 16:44:29.735 E/BatteryStatsService(  601): Invalid uid for waking network packet: -1
09-03 16:44:30.182 D/WifiHAL (  458): GetLinkStatCommand: zero radio case
09-03 16:44:30.212 D/SYSTEM_UI( 1181): QuickpanelView$$ExternalSyntheticOutline0.m(13): wifi rssi : -60
09-03 16:44:30.213 D/SYSTEM_UI( 1181): WifiConnection$2.onReceive(42): wifi rssi level : 4
09-03 16:44:30.215 D/SYSTEM_UI( 1181): QuickpanelView$$ExternalSyntheticOutline0.m(13): updateMainIcon mMainIconResId= 2131233883
09-03 16:44:30.270 I/hwservicemanager(  287): getTransport: Cannot find entry android.hardware.memtrack@1.0::IMemtrack/default in either framework or device VINTF manifest.
09-03 16:44:30.284 I/hwservicemanager(  287): getTransport: Cannot find entry android.hardware.memtrack@1.0::IMemtrack/default in either framework or device VINTF manifest.
09-03 16:44:30.285 E/HidlServiceManagement(18712): Service android.hardware.memtrack@1.0::IMemtrack/default must be in VINTF manifest in order to register/get.
09-03 16:44:30.286 E/LegacySupport(18712): Could not register service android.hardware.memtrack@1.0::IMemtrack/default (-2147483648).
09-03 16:44:32.357 E/BatteryStatsService(  601): Invalid uid for waking network packet: -1
09-03 16:44:32.700 E/BatteryDump(  489): !@new_battery_dump : 4366,156,2000,168,87,390,0,Chg,Normal,Good,INBOX_WRL,90,Normal,0,0,9854,205,0,0xba,0x8b,0x0f,0x5e,0x01,0x34,0x00,0x01,0,0,8449,4210,1,1,4834,4732,173,4365,0x02,0,1,0x130,0x80,0x56,143,0x3,0x0,0x0
09-03 16:44:32.728 D/[SS]BattFunctions(  601): [sendRemainingChargingTimeChangedIntent]remainingChargingTime:1920 ,mLastRemainingChargingTime:1925
09-03 16:44:32.730 D/BatteryService(  601): Sending ACTION_BATTERY_CHANGED: level:87, status:2, health:2, ac:false, usb:false, wireless:true, misc:0x0, charge_type:1, charger_type:0, voltage:4366, temperature:390, online:11, current_avg:152, hvc:false, capacity:280000, current_event:0x0, current_now:156, mcc:0, mcv:0, cc:312840, present:true, scale:100, technology:Li-ion
09-03 16:44:32.740 D/PowerUI ( 1181): onReceive() Received Action =  com.samsung.server.BatteryService.action.SEC_BATTERY_REMAINING_CHARGING_TIME_CHANGED
09-03 16:44:32.741 D/PowerUI ( 1181): onReceive() Unsupported Action 
09-03 16:44:32.755 D/PowerUI ( 1181): onReceive() Received Action =  android.intent.action.BATTERY_CHANGED
09-03 16:44:32.756 D/PowerUI ( 1181): plugged=true
09-03 16:44:32.756 I/PowerUI ( 1181): ACTION_BATTERY_CHANGED : mPlugType=4 mBatteryStatus=2
09-03 16:44:32.756 I/PowerUI ( 1181): oldMisalign : false, curMisalign : false
09-03 16:44:32.756 I/PowerUI ( 1181): maybeShowBatteryWarningV2 plugged=true bucket=1
09-03 16:44:32.757 I/PowerUI.NotificationHelper( 1181): cancelNotification  notificationID = 9009
09-03 16:44:32.758 I/PowerUI ( 1181): checkSendBatteryUpdate, sendBatteryData
09-03 16:44:32.767 D/SYSTEM_UI( 1181): BatteryIndicatorPresenter$3.onReceive(19): onReceive() Received Action =  android.intent.action.BATTERY_CHANGED
09-03 16:44:32.768 D/SYSTEM_UI( 1181): BatteryIndicatorPresenter$3.onReceive(103): level          86 --> 87
09-03 16:44:32.768 D/SYSTEM_UI( 1181): BatteryIndicatorPresenter$3.onReceive(130): status         2 --> 2
09-03 16:44:32.781 D/AdaptiveBrightnessLongtermModelBuilder(  601): Received android.intent.action.BATTERY_CHANGED
09-03 16:44:32.789 D/SYSTEM_UI( 1181): BatteryIndicatorPresenter$$ExternalSyntheticLambda0.handleMessage(8): handle msg
09-03 16:44:32.789 D/SYSTEM_UI( 1181): BatteryIndicatorPresenter$$ExternalSyntheticLambda0.handleMessage(36): onBatteryLevelChanged
09-03 16:44:32.789 D/SYSTEM_UI( 1181): BatteryIndicatorPresenter$$ExternalSyntheticLambda0.handleMessage(131): onBatteryLevelChanged() isSomethingChanged! Level:87, PluggedIn:true, Charging:true, BatteryStatus:2
09-03 16:44:32.796 I/PowerUI.LaunchUtils( 1181): callBsApi call BatterySavingSettings in worker thread
09-03 16:44:32.804 I/NfcWirelessCharge( 1164): chargeMode: 4, isWirelessCharging: true
09-03 16:44:32.806 I/WFModule( 1044): [SetViewToggleButtonReceiver$$ExternalSyntheticOutline0] m(13) > begin onBatteryStatusState, isCharging:true
09-03 16:44:32.807 I/AndroidXWFEngine( 1044): [AndroidXWatchFaceEngine] sendSystemState(6) > send system state in sub-thread
09-03 16:44:32.808 I/WFModule( 1044): [WatchFaceModule] onBatteryStatusState(24) > end onBatteryStatusState
09-03 16:44:32.808 I/AndroidXWFEngine( 1044): [AndroidXWatchFaceEngine$$ExternalSyntheticLambda0] run(28) > begin sendSystemStateInternal, WatchFaceSystemState{inAmbientMode=false, interruptionFilter=0, unreadNotificationCount=0, notificationCount=8, statusIndicator=Optional.absent()}
09-03 16:44:32.808 I/SecWFOverlayController( 1044): [WatchFaceOverlayModule] onBatteryState(39) > setChargingStatus():: charging : true fullyCharged : false
09-03 16:44:32.809 I/AndroidXWFEngine( 1044): [AndroidXWatchFaceEngine$$ExternalSyntheticLambda0] run(66) > end sendSystemStateInternal
09-03 16:44:32.812 I/SecWFOverlayController( 1044): [SecWatchFaceOverlayController] updateIcons(8) > updateIcons()::
09-03 16:44:32.813 I/SecWFOverlayController( 1044): [SchoolModeStateImpl$$ExternalSyntheticOutline0] m(8) > locationEnabled: false
09-03 16:44:32.813 I/SecWFOverlayController( 1044): [SecWatchFaceOverlayController] updateChargingIcon(6) > updateChargingIcon()::
09-03 16:44:32.813 I/SecWFOverlayController( 1044): [SecWatchFaceOverlayController] updateAirplaneModeIcon(6) > updateAirplaneModeIcon()::
09-03 16:44:32.814 I/SecWFOverlayController( 1044): [SchoolModeStateImpl$$ExternalSyntheticOutline0] m(8) > update dnd mode: false
09-03 16:44:32.814 I/SecWFOverlayController( 1044): [SecAppsItemSyncManagerImpl$$ExternalSyntheticOutline0] m(9) > Shop demo : 0
09-03 16:44:32.814 I/SecWFOverlayController( 1044): [SecAppsItemSyncManagerImpl$$ExternalSyntheticOutline0] m(9) > SETUP_SKIPPED: 0
09-03 16:44:32.815 I/SecWFOverlayController( 1044): [SetViewToggleButtonReceiver$$ExternalSyntheticOutline0] m(13) > read setting_kids_mode_state: false
09-03 16:44:32.815 W/SecWFOverlayController( 1044): [SecWatchFaceOverlayController] updateIcons(211) > isDeviceManaged: false, deviceType: 1
09-03 16:44:32.815 I/SecWFOverlayController( 1044): [SecWatchFaceOverlayController] updateIcons(221) > BT disconnect icon is displayed.
09-03 16:44:32.815 I/SecWFOverlayController( 1044): [SecWatchFaceOverlayController] updateIcons(246) > updateModes() ::
09-03 16:44:32.816 I/SecWFOverlayController( 1044): [SecWatchFaceOverlayController] updateIcons(325) > updateStaminaModeIcon
09-03 16:44:32.824 D/ActivityManager(  601): sync unfroze 15885 com.samsung.android.batterysavingsettings for 7
09-03 16:44:32.832 E/bt_hf_client( 1193): system/bta/hf_client/bta_hf_client_at.cc:1954 bta_hf_client_send_at_biev: HF indicators 2 is disabled
09-03 16:44:32.832 I/Bss.BatteryDataBsApi(15885): API send_battery_info_data
09-03 16:44:32.833 I/Bss.BatteryDataManager(15885): getDeviceBatteryItem
09-03 16:44:32.837 I/RutCore (  601): getRemainingUsageTime: mode(0), time(916)
09-03 16:44:32.839 I/RutCore (  601): getRemainingUsageTime: mode(1), time(1374)
09-03 16:44:32.840 I/RutCore (  601): getRemainingUsageTime: mode(full), time(1053)
09-03 16:44:32.840 I/Bss.ChargingTimeUtils(15885): battery RUT : 1053, Mode : 3
09-03 16:44:32.840 I/Bss.BatteryDataManager(15885): DeviceBatteryItem
09-03 16:44:32.840 I/Bss.BatteryDataManager(15885): batteryLevel : 87
09-03 16:44:32.840 I/Bss.BatteryDataManager(15885): batteryStatus : 2
09-03 16:44:32.840 I/Bss.BatteryDataManager(15885): usedTimeSinceLastCharge : 39604379000
09-03 16:44:32.840 I/Bss.BatteryDataManager(15885): remainingChargeTime : 1920000
09-03 16:44:32.840 I/Bss.BatteryDataManager(15885): remainingUsageTime : 916
09-03 16:44:32.840 I/Bss.BatteryDataManager(15885): remainingUsageTimeInPowerSaveMode : 1374
09-03 16:44:32.840 I/Bss.BatteryDataManager(15885): psmStatus : false
09-03 16:44:32.840 I/Bss.BatteryDataManager(15885): psmControlRestricted : 0
09-03 16:44:32.840 I/Bss.BatteryDataManager(15885): totalUsage : 0.0
09-03 16:44:32.840 I/Bss.BatteryDataManager(15885): totalDischarge : 0.0
09-03 16:44:32.840 I/Bss.BatteryDataManager(15885): usageTimeForFullCharge : 1053
09-03 16:44:32.840 I/Bss.BatteryDataManager(15885): isProtectedFully : false
09-03 16:44:32.840 I/Bss.BatteryDataBsApi(15885): oldPlugType = 4 , current plug type = 4
09-03 16:44:32.841 I/Bss.BatteryDataBsApi(15885): oldBatteryStatus = 2 , current battery status = 2
09-03 16:44:32.841 I/Bss.BatteryDataBsApi(15885): oldBatteryLevel = 86 , current battery level = 87
09-03 16:44:32.841 I/Bss.BatteryDataBsApi(15885): oldProtectedStatus = false , current protected status = false
09-03 16:44:32.841 I/Bss.BsApiProvider(15885): send_battery_info_data from com.google.android.apps.wearable.systemui 1788434072841
09-03 16:44:32.845 I/SecWFOverlayController( 1044): [SecWatchFaceOverlayController] updateIcons(380) > [{CHARGING, true}]
09-03 16:44:32.846 I/SecStatusIndicatorsContainer( 1044): [SecStatusIndicatorsContainer] setColor(17) > bgColor: null, iconColor: null
09-03 16:44:32.848 I/SecStatusIndicatorsContainer( 1044): [SecStatusIndicatorsContainer] setColor(17) > bgColor: null, iconColor: null
09-03 16:44:32.849 W/SysUI   ( 1044): [SecWatchFaceOverlayController] updateIcons(505) > [SALogUtil] sending Samsung analytics logs: HM0007
09-03 16:44:32.855 D/ActivityManager(  601): sync unfroze 1740 com.sec.android.diagmonagent for 7
09-03 16:44:32.863 E/ActivityManager(  601): Sending non-protected broadcast android.support.wearable.complications.ACTION_REQUEST_UPDATE_ALL from system 1044:com.samsung.android.wearable.sysui/u0a16 pkg com.samsung.android.wearable.sysui
09-03 16:44:32.863 E/ActivityManager(  601): java.lang.Throwable
09-03 16:44:32.863 E/ActivityManager(  601): 	at com.android.server.am.BroadcastController.checkBroadcastFromSystem(qb/112629584 da2668213873155c075611debd402b75647f9519ec8764a6d2524f2906c44dbd:221)
09-03 16:44:32.863 E/ActivityManager(  601): 	at com.android.server.am.BroadcastController.broadcastIntentLockedTraced(qb/112629584 da2668213873155c075611debd402b75647f9519ec8764a6d2524f2906c44dbd:337)
09-03 16:44:32.863 E/ActivityManager(  601): 	at com.android.server.am.BroadcastController.broadcastIntentLocked(qb/112629584 da2668213873155c075611debd402b75647f9519ec8764a6d2524f2906c44dbd:18)
09-03 16:44:32.863 E/ActivityManager(  601): 	at com.android.server.am.ActivityManagerService.broadcastIntentWithFeature(qb/112629584 da2668213873155c075611debd402b75647f9519ec8764a6d2524f2906c44dbd:145)
09-03 16:44:32.863 E/ActivityManager(  601): 	at android.app.IActivityManager$Stub.onTransact$broadcastIntentWithFeature$(IActivityManager.java:11258)
09-03 16:44:32.863 E/ActivityManager(  601): 	at android.app.IActivityManager$Stub.onTransact(IActivityManager.java:2950)
09-03 16:44:32.863 E/ActivityManager(  601): 	at com.android.server.am.ActivityManagerService.onTransact(qb/112629584 da2668213873155c075611debd402b75647f9519ec8764a6d2524f2906c44dbd:286)
09-03 16:44:32.863 E/ActivityManager(  601): 	at android.os.Binder.execTransactInternal(Binder.java:1426)
09-03 16:44:32.863 E/ActivityManager(  601): 	at android.os.Binder.execTransact(Binder.java:1365)
09-03 16:44:32.864 I/DMASA[S]( 1740): [a]check quota : 4Q5-399-1001005
09-03 16:44:32.865 I/DMASA[S]( 1740): [b]4Q5-399-1001005 remain quota : 745
09-03 16:44:32.865 I/DMASA[S]( 1740): [a]Receive log ok : 4Q5-399-1001005
09-03 16:44:33.028 E/Watchdog(  601): !@Sync: 363 heap: 55 / 61 FD: 762 [2026-09-03 16:44:33.026]
09-03 16:44:33.103 I/wpa_supplicant( 1095): Heartbeat 1068
09-03 16:44:33.279 I/Watchface( 1109): [ModelBattery] action:android.intent.action.BATTERY_CHANGED
09-03 16:44:33.280 I/Watchface( 1109): [ModelBattery] scale[100] level[87] status[2] isCharging[true] batteryLow[false]
09-03 16:44:33.280 I/Watchface( 1109): [ModelBattery] updatedValues.put BATTERY_LEVEL[87]
09-03 16:44:33.281 I/Watchface( 1109): [ModelBattery] updatedValues.put BATTERY_PERCENT[87]
09-03 16:44:33.281 I/Watchface( 1109): [ModelBattery] putAll to pendingUpdatedValues!! size:2
09-03 16:44:33.302 D/WearServices( 1056): [UpdateRequestReceiver]UpdateRequestReceiver received an update intent: Intent { act=android.support.wearable.complications.ACTION_REQUEST_UPDATE_ALL flg=0x10 pkg=com.google.wear.services (has extras) }
09-03 16:44:33.303 D/WifiHAL (  458): GetLinkStatCommand: zero radio case
09-03 16:44:33.633 E/BatteryStatsService(  601): Invalid uid for waking network packet: -1
09-03 16:44:34.390 D/io_stats(  319): !@ 179,0 r 456888 10087560 w 42951 416584 d 8207 615876 f 3233 4319 iot 662692 0 th 0 0 0 pt 0 inp 0 0 10899.674
09-03 16:44:35.278 I/hwservicemanager(  287): getTransport: Cannot find entry android.hardware.memtrack@1.0::IMemtrack/default in either framework or device VINTF manifest.
09-03 16:44:35.286 I/hwservicemanager(  287): getTransport: Cannot find entry android.hardware.memtrack@1.0::IMemtrack/default in either framework or device VINTF manifest.
09-03 16:44:35.287 E/HidlServiceManagement(18715): Service android.hardware.memtrack@1.0::IMemtrack/default must be in VINTF manifest in order to register/get.
09-03 16:44:35.288 E/LegacySupport(18715): Could not register service android.hardware.memtrack@1.0::IMemtrack/default (-2147483648).
09-03 16:44:35.331 E/BatteryStatsService(  601): Invalid uid for waking network packet: -1
09-03 16:44:35.334 E/BatteryStatsService(  601): Invalid uid for waking network packet: -1
09-03 16:44:36.395 D/io_stats(  319): !@ Write_top(KB): id.diagmonagent(1740) 28 arable.systemui(1181) 8 vendor.samsung.(489) 8
09-03 16:44:36.444 D/WifiHAL (  458): GetLinkStatCommand: zero radio case
09-03 16:44:36.577 E/BatteryStatsService(  601): Invalid uid for waking network packet: -1
09-03 16:44:36.580 E/BatteryStatsService(  601): Invalid uid for waking network packet: -1
09-03 16:44:36.582 E/BatteryStatsService(  601): Invalid uid for waking network packet: -1
09-03 16:44:36.587 E/BatteryStatsService(  601): Invalid uid for waking network packet: -1
09-03 16:44:36.588 E/BatteryStatsService(  601): Invalid uid for waking network packet: -1
09-03 16:44:37.344 E/SSRM:DHMS_BASEFRAMEWORK(  601): e = /sys/class/sec/sec-cp-thermistor/temperature: open failed: ENOENT (No such file or directory)
09-03 16:44:37.353 I/SSRM:Temperature(  601): SIOP:: AP : 408 CP : -999 BLK : 428 BAT : 390
09-03 16:44:38.401 E/BatteryStatsService(  601): Invalid uid for waking network packet: -1
09-03 16:44:38.404 E/BatteryStatsService(  601): Invalid uid for waking network packet: -1
09-03 16:44:39.333 I/adbd    ( 1489): New TLS connection [fd=25]
09-03 16:44:39.337 I/adbd    ( 1489): host-25: read thread spawning
09-03 16:44:39.337 I/adbd    ( 1489): host-25: write thread spawning
09-03 16:44:39.337 I/adbd    ( 1489): host-25: read failed: Success
09-03 16:44:39.337 I/adbd    ( 1489): host-25: connection terminated: read failed
09-03 16:44:39.337 I/adbd    ( 1489): BlockingConnectionAdapter(host-25): stopping
09-03 16:44:39.338 I/adbd    ( 1489): BlockingConnectionAdapter(host-25): stopped
09-03 16:44:39.339 I/adbd    ( 1489): BlockingConnectionAdapter(host-25): destructing
09-03 16:44:39.339 I/adbd    ( 1489): BlockingConnectionAdapter(host-25): already stopped
09-03 16:44:39.382 D/ActivityManager(  601): sync unfroze 5531 com.samsung.android.watch.runestone.app for 3
09-03 16:44:39.402 V/GrammaticalInflectionUtils(  601): AttributionSource: AttributionSource { uid = 10034, packageName = null, attributionTag = null, token = android.os.Binder@ca7f77d, deviceId = 0, next = null } does not have READ_SYSTEM_GRAMMATICAL_GENDER permission.
09-03 16:44:39.403 D/CompatChangeReporter(  601): Compat change id reported: 135754954; UID 10034; state: ENABLED
09-03 16:44:39.405 D/CompatChangeReporter(  601): Compat change id reported: 143937733; UID 10034; state: ENABLED
09-03 16:44:39.432 D/Zygote  (  425): Forked child process 18719
09-03 16:44:39.434 I/ActivityManager(  601): Start proc 18719:com.google.android.partnersetup/u0a34 for service {com.google.android.partnersetup/com.google.android.partnersetup.InstalledAppJobService}
09-03 16:44:39.435 I/ActivityManager(  601): ProcessObserver broadcast disabled
09-03 16:44:39.437 I/RUNESTONE-LOCATION-LOGGER( 5531): [2] LoadedApk$ReceiverDispatcher$Args.lambda$getRunnable$0(LoadedApk.java:1854) : Location update alarm went off
09-03 16:44:39.448 I/RUNESTONE-LOCATION-LOGGER( 5531): [2] LocationLogger.requestSingleLocationUpdate(Unknown Source) : requestFlpLocation enter!
09-03 16:44:39.511 I/id.partnersetup(18719): Using CollectorTypeCMC GC.
09-03 16:44:39.527 E/id.partnersetup(18719): Not starting debugger since process cannot load the jdwp agent.
09-03 16:44:39.537 I/bt_btm_pm( 1193): system/stack/acl/btm_pm.cc:280 BTM_SetPowerMode: Setting power mode for peer:xx:xx:xx:xx:71:14 current_mode:immediate:sniff[2] new_mode:forced:active[0]
09-03 16:44:39.537 I/bt_btm_pm( 1193): system/stack/acl/btm_pm.cc:573 btm_pm_snd_md_req: Switching from immediate:sniff[0x02] to immediate:active[0x00]
09-03 16:44:39.543 I/bt_btm_pm( 1193): system/stack/acl/btm_pm.cc:268 BTM_SetPowerMode: Current power mode is hold or pending status or pending links state:immediate:sniff[2] pm_pending_link:11
09-03 16:44:39.551 D/WifiHAL (  458): GetLinkStatCommand: zero radio case
09-03 16:44:39.555 D/nativeloader(18719): Load libframework-connectivity-tiramisu-jni.so using APEX ns com_android_tethering for caller /apex/com.android.tethering/javalib/framework-connectivity-t.jar: ok
09-03 16:44:39.609 D/ApplicationLoaders(18719): Returning zygote-cached class loader: /system/framework/org.apache.http.legacy.jar
09-03 16:44:39.621 I/bt_btm_pm( 1193): system/stack/acl/btm_pm.cc:720 btm_pm_proc_mode_change: Power mode switched from immediate:pending[5] to immediate:active[0]
09-03 16:44:39.621 I/bt_btm_pm( 1193): system/stack/acl/btm_pm.cc:537 btm_pm_snd_md_req: Link already in requested mode pm_id:128 link_ind:11 mode:forced:active[0]
09-03 16:44:39.630 D/nativeloader(18719): Configuring clns-shared-6 for other apk /system/priv-app/GooglePartnerSetup/GooglePartnerSetup.apk. target_sdk_version=30, uses_libraries=, library_path=/system/priv-app/GooglePartnerSetup/lib/arm:/system/lib:/system/system_ext/lib, permitted_path=/data:/mnt/expand:/data/user/0/com.google.android.partnersetup:/system/priv-app/GooglePartnerSetup:/system/lib:/system/system_ext/lib
09-03 16:44:39.630 D/nativeloader(18719): Extending system_exposed_libraries: libSDKRecognitionText.spensdk.samsung.so:lib_algorithm.gesture.samsung.so:libteecl.teegris.samsung.so:libhal.wsm.samsung.so:lib.engmodejni.samsung.so:lib_vnd_client.dk.samsung.so:lib_native_client.dk.samsung.so:lib_nativeJni.dk.samsung.so:libSEF.quram.so:libagifencoder.quram.so:libpele.samsung.so:libcfms.ssrm.samsung.so:lib_aerobic.sensor.samsung.so:lib_anaerobic.sensor.samsung.so:lib_altitudetracker.sensor.samsung.so:lib_fitnessengine.sensor.samsung.so:lib_fc.sensor.samsung.so:lib_hrmax.sensor.samsung.so:lib_hmspo2wrap.sensor.samsung.so:lib_spo2manual.sensor.samsung.so:lib_trackrunningcalibrator.sensor.samsung.so:lib_vo2.sensor.samsung.so:lib_hrvariability.sensor.samsung.so
09-03 16:44:39.649 V/GraphicsEnvironment(18719): Currently set values for:
09-03 16:44:39.649 V/GraphicsEnvironment(18719):   angle_gl_driver_selection_pkgs=[]
09-03 16:44:39.649 V/GraphicsEnvironment(18719):   angle_gl_driver_selection_values=[]
09-03 16:44:39.649 V/GraphicsEnvironment(18719): com.google.android.partnersetup is not listed in per-application setting
09-03 16:44:39.650 V/GraphicsEnvironment(18719): ANGLE allowlist from config: 
09-03 16:44:39.650 V/GraphicsEnvironment(18719): com.google.android.partnersetup is not listed in ANGLE allowlist or settings, returning default
09-03 16:44:39.650 V/GraphicsEnvironment(18719): Neither updatable production driver nor prerelease driver is supported.
09-03 16:44:39.742 W/JobInfo (18719): Job 'com.google.android.partnersetup/.InstalledAppJobService#4096' has a deadline with no functional constraints. The deadline won't improve job execution latency. Consider removing the deadline.
09-03 16:44:39.744 W/JobInfo (  601): Job 'com.google.android.partnersetup/.InstalledAppJobService#4096' has a deadline with no functional constraints. The deadline won't improve job execution latency. Consider removing the deadline.
09-03 16:44:39.757 W/JobScheduler(  601): Job didn't exist in JobStore: 7e8ccc7 #u0a34/4096 com.google.android.partnersetup/.InstalledAppJobService
09-03 16:44:39.869 E/BatteryStatsService(  601): Invalid uid for waking network packet: -1
09-03 16:44:39.871 E/BatteryStatsService(  601): Invalid uid for waking network packet: -1
09-03 16:44:39.872 E/BatteryStatsService(  601): Invalid uid for waking network packet: -1
09-03 16:44:39.873 E/BatteryStatsService(  601): Invalid uid for waking network packet: -1
09-03 16:44:39.874 E/BatteryStatsService(  601): Invalid uid for waking network packet: -1
09-03 16:44:39.914 V/LocationManagerService(  601): passive provider registration 1000/android[SensorNotificationService]/55F1BC4A dropped delivery - too close
09-03 16:44:39.935 I/RUNESTONE-LOCATION-LOGGER( 5531): [37] LocationLogger.access$setLocationUpdateAlarm(Unknown Source) : setLocationUpdateAlarm time interval = 1800000
09-03 16:44:39.940 E/RUNESTONE-LOCATION-LOGGER( 5531): [2] LocationLogger$requestFlpLocation$1.invoke(SourceFile:1) : FLP successfully get location changedLa: 1792.9756192 changedLo: 9414.5683988
09-03 16:44:39.941 I/RUNESTONE-LOCATION-LOGGER( 5531): [2] LocationLogger.access$setLocationUpdateAlarm(Unknown Source) : setLocationUpdateAlarm time interval = 1800000
09-03 16:44:39.943 E/RUNESTONE-LOCATION-LOGGER( 5531): [38] LocationLogger.handleLocationUpdate(Unknown Source) : New Location: accuracy 15.724
09-03 16:44:39.947 E/RUNESTONE-LOCATION-LOGGER( 5531): [2] LocationLogger.b(Unknown Source) : get current location finished
09-03 16:44:39.948 I/RUNESTONE-LOCATION-LOGGER( 5531): [37] LocationListener.onLocationChanged(LocationListener.java:63) : Passive location updated
09-03 16:44:39.956 I/RUNESTONE-LOCATION-LOGGER( 5531): [38] LocationLogger.putLog(Unknown Source) : location logger flush
09-03 16:44:39.963 I/RUNESTONE-LOCATION-DATA-BASE( 5531): [38] LocationLogger.putLog(Unknown Source) : insertLocation list
09-03 16:44:40.000 I/RUNESTONE-GEOFENCE-DETECTOR( 5531): [2] a.handleMessage(Unknown Source) : LocationUpdateEventReceiver BR action : com.samsung.runestone.logCollectorManager.ACTION_NEW_LOCATION_LOG_INSERTED
09-03 16:44:40.000 E/RUNESTONE-LOCATION-LOGGER( 5531): [38] LocationLogger.handleLocationUpdate(Unknown Source) : New Location: accuracy 15.724
09-03 16:44:40.001 I/RUNESTONE-LOCATION-LOGGER( 5531): [38] LocationLogger.putLog(Unknown Source) : location logger flush
09-03 16:44:40.002 I/RUNESTONE-LOCATION-DATA-BASE( 5531): [38] LocationLogger.putLog(Unknown Source) : insertLocation list
09-03 16:44:40.011 I/RUNESTONE-GEOFENCE-DETECTOR( 5531): [2] a.handleMessage(Unknown Source) : LocationUpdateEventReceiver BR action : com.samsung.runestone.logCollectorManager.ACTION_NEW_LOCATION_LOG_INSERTED
09-03 16:44:40.011 I/RUNESTONE-GEOFENCE-DETECTOR( 5531): [38] GeofenceDetector$LocationUpdateEventReceiver.a(Unknown Source) : start to sync the geofence transition status
09-03 16:44:40.012 I/RUNESTONE-GEOFENCE-DETECTOR( 5531): [38] GeofenceDetector$LocationUpdateEventReceiver.onReceive$lambda$0(Unknown Source) : geofence id: AnalyzedPlaceMonitor_3, new transition status: 0, old transition status: 0 ,geofence  changedLa :1791.8580443542503,  geofence changedLo :9415.50107227957
09-03 16:44:40.012 I/RUNESTONE-GEOFENCE-DETECTOR( 5531): [38] GeofenceDetector$LocationUpdateEventReceiver.onReceive$lambda$0(Unknown Source) : geofence id: AnalyzedPlaceMonitor_4, new transition status: 1, old transition status: 1 ,geofence  changedLa :1792.9679991716946,  geofence changedLo :9414.570321120966
09-03 16:44:40.013 I/RUNESTONE-GEOFENCE-DETECTOR( 5531): [38] GeofenceDetector$LocationUpdateEventReceiver.onReceive$lambda$0(Unknown Source) : geofence id: NearPlaceMonitor_5, new transition status: 1, old transition status: 1 ,geofence  changedLa :1792.9679991716946,  geofence changedLo :9414.570321120966
09-03 16:44:40.013 I/RUNESTONE-GEOFENCE-DETECTOR( 5531): [38] GeofenceDetector$LocationUpdateEventReceiver.onReceive$lambda$0(Unknown Source) : geofence id: NearPlaceMonitor_6, new transition status: 0, old transition status: 0 ,geofence  changedLa :1791.8580443542503,  geofence changedLo :9415.50107227957
09-03 16:44:40.013 I/RUNESTONE-GEOFENCE-DETECTOR( 5531): [38] GeofenceDetector$LocationUpdateEventReceiver.a(Unknown Source) : start to sync the geofence transition status
09-03 16:44:40.013 I/RUNESTONE-GEOFENCE-DETECTOR( 5531): [38] GeofenceDetector$LocationUpdateEventReceiver.onReceive$lambda$0(Unknown Source) : geofence id: AnalyzedPlaceMonitor_3, new transition status: 0, old transition status: 0 ,geofence  changedLa :1791.8580443542503,  geofence changedLo :9415.50107227957
09-03 16:44:40.014 I/RUNESTONE-GEOFENCE-DETECTOR( 5531): [38] GeofenceDetector$LocationUpdateEventReceiver.onReceive$lambda$0(Unknown Source) : geofence id: AnalyzedPlaceMonitor_4, new transition status: 1, old transition status: 1 ,geofence  changedLa :1792.9679991716946,  geofence changedLo :9414.570321120966
09-03 16:44:40.014 I/RUNESTONE-GEOFENCE-DETECTOR( 5531): [38] GeofenceDetector$LocationUpdateEventReceiver.onReceive$lambda$0(Unknown Source) : geofence id: NearPlaceMonitor_5, new transition status: 1, old transition status: 1 ,geofence  changedLa :1792.9679991716946,  geofence changedLo :9414.570321120966
09-03 16:44:40.014 I/RUNESTONE-GEOFENCE-DETECTOR( 5531): [38] GeofenceDetector$LocationUpdateEventReceiver.onReceive$lambda$0(Unknown Source) : geofence id: NearPlaceMonitor_6, new transition status: 0, old transition status: 0 ,geofence  changedLa :1791.8580443542503,  geofence changedLo :9415.50107227957
09-03 16:44:40.297 I/hwservicemanager(  287): getTransport: Cannot find entry android.hardware.memtrack@1.0::IMemtrack/default in either framework or device VINTF manifest.
09-03 16:44:40.309 I/hwservicemanager(  287): getTransport: Cannot find entry android.hardware.memtrack@1.0::IMemtrack/default in either framework or device VINTF manifest.
09-03 16:44:40.310 E/HidlServiceManagement(18733): Service android.hardware.memtrack@1.0::IMemtrack/default must be in VINTF manifest in order to register/get.
09-03 16:44:40.310 E/LegacySupport(18733): Could not register service android.hardware.memtrack@1.0::IMemtrack/default (-2147483648).
09-03 16:44:40.401 D/io_stats(  319): !@ 179,0 r 457102 10092116 w 42965 416632 d 8207 615876 f 3233 4321 iot 663036 0 th 0 0 0 pt 0 inp 0 0 10905.684
09-03 16:44:40.401 D/io_stats(  319): !@ Read_top(KB): h.runestone.app(5531) 2528 ch_zygote(18719) 1348 .gms.persistent(1288) 300
09-03 16:44:40.402 D/io_stats(  319): !@ Write_top(KB): h.runestone.app(5531) 32 ch_zygote(18719) 8
09-03 16:44:40.461 W/dumpsys (18736): Thread Pool max thread count is 0. Cannot cache binder as linkToDeath cannot be implemented. serviceName: window
09-03 16:44:40.480 W/ModifierShortcutManager(  601): No launch intent for role android.app.role.BROWSER
09-03 16:44:40.957 I/bt_btm_pm( 1193): system/stack/acl/btm_pm.cc:280 BTM_SetPowerMode: Setting power mode for peer:xx:xx:xx:xx:71:14 current_mode:immediate:active[0] new_mode:forced:sniff[2]
09-03 16:44:40.958 I/bt_btm_pm( 1193): system/stack/acl/btm_pm.cc:573 btm_pm_snd_md_req: Switching from immediate:active[0x00] to immediate:sniff[0x02]
09-03 16:44:40.958 I/bt_btm_pm( 1193): system/stack/acl/btm_pm.cc:963 btm_sniff_wakelock: set sniff wakelock
09-03 16:44:41.011 I/bt_btm_pm( 1193): system/stack/acl/btm_pm.cc:958 btm_sniff_wakelock_timeout: btm sniff wakelock timeout
09-03 16:44:41.047 I/bt_btm_pm( 1193): system/stack/acl/btm_pm.cc:720 btm_pm_proc_mode_change: Power mode switched from immediate:pending[5] to immediate:sniff[2]
09-03 16:44:41.055 E/BatteryStatsService(  601): Invalid uid for waking network packet: -1
09-03 16:44:41.057 E/BatteryStatsService(  601): Invalid uid for waking network packet: -1
09-03 16:44:42.208 E/BatteryStatsService(  601): Invalid uid for waking network packet: -1
09-03 16:44:42.210 E/BatteryStatsService(  601): Invalid uid for waking network packet: -1
09-03 16:44:42.213 E/BatteryStatsService(  601): Invalid uid for waking network packet: -1
09-03 16:44:42.406 D/io_stats(  319): !@ 179,0 r 457117 10092332 w 42965 416632 d 8207 615876 f 3233 4321 iot 663060 0 th 0 0 0 pt 0 inp 0 0 10907.689
09-03 16:44:42.662 D/WifiHAL (  458): GetLinkStatCommand: zero radio case
09-03 16:44:42.750 E/BatteryDump(  489): !@new_battery_dump : 4359,146,2000,168,87,391,0,Chg,Normal,Good,INBOX_WRL,90,Normal,0,0,9854,205,0,0x82,0x8b,0x0f,0x5e,0x01,0x34,0x00,0x01,0,0,8464,4212,1,1,4834,4732,174,4370,0x02,0,1,0x130,0x80,0x56,143,0x3,0x0,0x0
09-03 16:44:42.760 D/[SS]BattFunctions(  601): [sendRemainingChargingTimeChangedIntent]remainingChargingTime:1908 ,mLastRemainingChargingTime:1920
09-03 16:44:42.761 D/BatteryService(  601): Sending ACTION_BATTERY_CHANGED: level:87, status:2, health:2, ac:false, usb:false, wireless:true, misc:0x0, charge_type:1, charger_type:0, voltage:4359, temperature:391, online:11, current_avg:150, hvc:false, capacity:280000, current_event:0x0, current_now:146, mcc:0, mcv:0, cc:313200, present:true, scale:100, technology:Li-ion
09-03 16:44:42.775 D/PowerUI ( 1181): onReceive() Received Action =  com.samsung.server.BatteryService.action.SEC_BATTERY_REMAINING_CHARGING_TIME_CHANGED
09-03 16:44:42.776 D/PowerUI ( 1181): onReceive() Unsupported Action 
09-03 16:44:42.784 D/SYSTEM_UI( 1181): BatteryIndicatorPresenter$3.onReceive(19): onReceive() Received Action =  android.intent.action.BATTERY_CHANGED
09-03 16:44:42.786 D/PowerUI ( 1181): onReceive() Received Action =  android.intent.action.BATTERY_CHANGED
09-03 16:44:42.786 D/PowerUI ( 1181): plugged=true
09-03 16:44:42.787 I/PowerUI ( 1181): maybeShowBatteryWarningV2 plugged=true bucket=1
09-03 16:44:42.787 I/PowerUI.NotificationHelper( 1181): cancelNotification  notificationID = 9009
09-03 16:44:42.790 I/PowerUI ( 1181): ACTION_BATTERY_CHANGED : mPlugType=4 mBatteryStatus=2
09-03 16:44:42.790 I/PowerUI ( 1181): oldMisalign : false, curMisalign : false
09-03 16:44:42.796 I/NfcWirelessCharge( 1164): chargeMode: 4, isWirelessCharging: true
09-03 16:44:42.803 D/AdaptiveBrightnessLongtermModelBuilder(  601): Received android.intent.action.BATTERY_CHANGED
09-03 16:44:42.804 D/SYSTEM_UI( 1181): BatteryIndicatorPresenter$3.onReceive(103): level          87 --> 87
09-03 16:44:42.804 D/SYSTEM_UI( 1181): BatteryIndicatorPresenter$3.onReceive(130): status         2 --> 2
09-03 16:44:43.105 I/wpa_supplicant( 1095): Heartbeat 1069
09-03 16:44:43.273 I/Watchface( 1109): [ModelBattery] action:android.intent.action.BATTERY_CHANGED
09-03 16:44:43.275 I/Watchface( 1109): [ModelBattery] scale[100] level[87] status[2] isCharging[true] batteryLow[false]
09-03 16:44:43.275 I/Watchface( 1109): [ModelBattery] putAll to pendingUpdatedValues!! size:2
09-03 16:44:43.877 E/BatteryStatsService(  601): Invalid uid for waking network packet: -1
09-03 16:44:43.879 E/BatteryStatsService(  601): Invalid uid for waking network packet: -1
09-03 16:44:44.409 D/io_stats(  319): !@ 179,0 r 457117 10092332 w 42967 416640 d 8207 615876 f 3233 4321 iot 663068 0 th 0 0 0 pt 0 inp 0 0 10909.692
09-03 16:44:44.411 D/io_stats(  319): !@ Read_top(KB): system_server(601) 96 sh(18737) 64 sh(18736) 56
09-03 16:44:44.411 D/io_stats(  319): !@ Write_top(KB): vendor.samsung.(489) 8
09-03 16:44:44.786 D/InetDiagMessage(  601): Destroyed 0 sockets, proto=IPPROTO_TCP, family=AF_INET, states=14
09-03 16:44:44.791 D/InetDiagMessage(  601): Destroyed 0 sockets, proto=IPPROTO_TCP, family=AF_INET6, states=14
09-03 16:44:44.792 D/InetDiagMessage(  601): Destroyed live tcp sockets for uids={10034} in 16ms
09-03 16:44:44.796 D/InetDiagMessage(  601): Destroyed 0 sockets, proto=IPPROTO_TCP, family=AF_INET, states=14
09-03 16:44:44.801 D/InetDiagMessage(  601): Destroyed 0 sockets, proto=IPPROTO_TCP, family=AF_INET6, states=14
09-03 16:44:44.802 D/InetDiagMessage(  601): Destroyed live tcp sockets for uids={20034} in 9ms
09-03 16:44:45.313 I/hwservicemanager(  287): getTransport: Cannot find entry android.hardware.memtrack@1.0::IMemtrack/default in either framework or device VINTF manifest.
09-03 16:44:45.322 I/hwservicemanager(  287): getTransport: Cannot find entry android.hardware.memtrack@1.0::IMemtrack/default in either framework or device VINTF manifest.
09-03 16:44:45.323 E/HidlServiceManagement(18739): Service android.hardware.memtrack@1.0::IMemtrack/default must be in VINTF manifest in order to register/get.
09-03 16:44:45.323 E/LegacySupport(18739): Could not register service android.hardware.memtrack@1.0::IMemtrack/default (-2147483648).
09-03 16:44:45.832 D/WifiHAL (  458): GetLinkStatCommand: zero radio case
09-03 16:44:46.215 E/BatteryStatsService(  601): Invalid uid for waking network packet: -1
09-03 16:44:46.217 E/BatteryStatsService(  601): Invalid uid for waking network packet: -1
09-03 16:44:46.218 E/BatteryStatsService(  601): Invalid uid for waking network packet: -1
09-03 16:44:46.219 E/BatteryStatsService(  601): Invalid uid for waking network packet: -1
09-03 16:44:46.221 E/BatteryStatsService(  601): Invalid uid for waking network packet: -1
09-03 16:44:46.222 E/BatteryStatsService(  601): Invalid uid for waking network packet: -1
09-03 16:44:46.415 D/io_stats(  319): !@ 179,0 r 457118 10092336 w 42968 416644 d 8207 615876 f 3233 4321 iot 663076 0 th 0 0 0 pt 0 inp 0 0 10911.698
09-03 16:44:47.268 E/BatteryStatsService(  601): Invalid uid for waking network packet: -1
09-03 16:44:47.270 E/BatteryStatsService(  601): Invalid uid for waking network packet: -1
09-03 16:44:47.272 E/BatteryStatsService(  601): Invalid uid for waking network packet: -1
09-03 16:44:47.275 E/BatteryStatsService(  601): Invalid uid for waking network packet: -1
09-03 16:44:47.406 E/SSRM:DHMS_BASEFRAMEWORK(  601): e = /sys/class/sec/sec-cp-thermistor/temperature: open failed: ENOENT (No such file or directory)
09-03 16:44:47.417 I/SSRM:Temperature(  601): SIOP:: AP : 409 CP : -999 BLK : 428 BAT : 391
09-03 16:44:48.324 E/BatteryStatsService(  601): Invalid uid for waking network packet: -1
09-03 16:44:48.331 E/BatteryStatsService(  601): Invalid uid for waking network packet: -1
09-03 16:44:48.419 D/io_stats(  319): !@ 179,0 r 457123 10092380 w 42968 416644 d 8207 615876 f 3233 4321 iot 663084 0 th 0 0 0 pt 0 inp 0 0 10913.703
09-03 16:44:48.422 D/io_stats(  319): !@ Read_top(KB): sh(18742) 44 kworker/u4:2(18678) 4
09-03 16:44:48.422 D/io_stats(  319): !@ Write_top(KB): kworker/u4:2(18678) 4
09-03 16:44:48.979 D/WifiHAL (  458): GetLinkStatCommand: zero radio case
09-03 16:44:49.502 D/ActivityManager(  601): freezing 5531 com.samsung.android.watch.runestone.app
09-03 16:44:49.504 E/BatteryStatsService(  601): Invalid uid for waking network packet: -1
09-03 16:44:49.517 D/InetDiagMessage(  601): Destroyed 0 sockets, proto=IPPROTO_TCP, family=AF_INET, states=14
09-03 16:44:49.524 D/InetDiagMessage(  601): Destroyed 0 sockets, proto=IPPROTO_TCP, family=AF_INET6, states=14
09-03 16:44:49.525 D/InetDiagMessage(  601): Destroyed live tcp sockets for uids={5010} in 14ms
09-03 16:44:50.331 I/hwservicemanager(  287): getTransport: Cannot find entry android.hardware.memtrack@1.0::IMemtrack/default in either framework or device VINTF manifest.
09-03 16:44:50.339 I/hwservicemanager(  287): getTransport: Cannot find entry android.hardware.memtrack@1.0::IMemtrack/default in either framework or device VINTF manifest.
09-03 16:44:50.340 E/HidlServiceManagement(18745): Service android.hardware.memtrack@1.0::IMemtrack/default must be in VINTF manifest in order to register/get.
09-03 16:44:50.341 E/LegacySupport(18745): Could not register service android.hardware.memtrack@1.0::IMemtrack/default (-2147483648).
09-03 16:44:50.725 E/BatteryStatsService(  601): Invalid uid for waking network packet: -1
09-03 16:44:52.118 D/WifiHAL (  458): GetLinkStatCommand: zero radio case
09-03 16:44:52.797 E/BatteryDump(  489): !@new_battery_dump : 4368,154,2000,168,87,391,0,Chg,Normal,Good,INBOX_WRL,90,Normal,0,0,9854,205,0,0xcb,0x8b,0x0f,0x5e,0x01,0x34,0x00,0x01,0,0,8479,4213,1,1,4834,4737,173,4356,0x02,0,1,0x130,0x80,0x56,143,0x3,0x0,0x0
09-03 16:44:52.806 D/[SS]BattFunctions(  601): [sendRemainingChargingTimeChangedIntent]remainingChargingTime:1902 ,mLastRemainingChargingTime:1908
09-03 16:44:52.807 D/BatteryService(  601): Sending ACTION_BATTERY_CHANGED: level:87, status:2, health:2, ac:false, usb:false, wireless:true, misc:0x0, charge_type:1, charger_type:0, voltage:4368, temperature:391, online:11, current_avg:150, hvc:false, capacity:280000, current_event:0x0, current_now:154, mcc:0, mcv:0, cc:313920, present:true, scale:100, technology:Li-ion
09-03 16:44:52.824 D/PowerUI ( 1181): onReceive() Received Action =  com.samsung.server.BatteryService.action.SEC_BATTERY_REMAINING_CHARGING_TIME_CHANGED
09-03 16:44:52.825 D/PowerUI ( 1181): onReceive() Unsupported Action 
09-03 16:44:52.826 D/PowerUI ( 1181): onReceive() Received Action =  android.intent.action.BATTERY_CHANGED
09-03 16:44:52.827 D/PowerUI ( 1181): plugged=true
09-03 16:44:52.827 I/PowerUI ( 1181): maybeShowBatteryWarningV2 plugged=true bucket=1
09-03 16:44:52.827 I/PowerUI.NotificationHelper( 1181): cancelNotification  notificationID = 9009
09-03 16:44:52.832 I/PowerUI ( 1181): ACTION_BATTERY_CHANGED : mPlugType=4 mBatteryStatus=2
09-03 16:44:52.832 I/PowerUI ( 1181): oldMisalign : false, curMisalign : false
09-03 16:44:52.833 D/SYSTEM_UI( 1181): BatteryIndicatorPresenter$3.onReceive(19): onReceive() Received Action =  android.intent.action.BATTERY_CHANGED
09-03 16:44:52.833 D/SYSTEM_UI( 1181): BatteryIndicatorPresenter$3.onReceive(103): level          87 --> 87
09-03 16:44:52.834 D/SYSTEM_UI( 1181): BatteryIndicatorPresenter$3.onReceive(130): status         2 --> 2
09-03 16:44:52.843 D/AdaptiveBrightnessLongtermModelBuilder(  601): Received android.intent.action.BATTERY_CHANGED
09-03 16:44:52.858 I/NfcWirelessCharge( 1164): chargeMode: 4, isWirelessCharging: true
09-03 16:44:53.028 E/BatteryStatsService(  601): Invalid uid for waking network packet: -1
09-03 16:44:53.031 E/BatteryStatsService(  601): Invalid uid for waking network packet: -1
09-03 16:44:53.033 E/BatteryStatsService(  601): Invalid uid for waking network packet: -1
09-03 16:44:53.036 E/BatteryStatsService(  601): Invalid uid for waking network packet: -1
09-03 16:44:53.108 I/wpa_supplicant( 1095): Heartbeat 1070
09-03 16:44:53.323 I/Watchface( 1109): [ModelBattery] action:android.intent.action.BATTERY_CHANGED
09-03 16:44:53.324 I/Watchface( 1109): [ModelBattery] scale[100] level[87] status[2] isCharging[true] batteryLow[false]
09-03 16:44:53.324 I/Watchface( 1109): [ModelBattery] putAll to pendingUpdatedValues!! size:2
09-03 16:44:54.081 E/BatteryStatsService(  601): Invalid uid for waking network packet: -1
09-03 16:44:54.091 E/BatteryStatsService(  601): Invalid uid for waking network packet: -1
09-03 16:44:54.435 D/io_stats(  319): !@ 179,0 r 457123 10092380 w 42970 416652 d 8207 615876 f 3233 4321 iot 663092 0 th 0 0 0 pt 0 inp 0 0 10919.719
09-03 16:44:55.239 E/BatteryStatsService(  601): Invalid uid for waking network packet: -1
09-03 16:44:55.243 E/BatteryStatsService(  601): Invalid uid for waking network packet: -1
09-03 16:44:55.273 D/WifiHAL (  458): GetLinkStatCommand: zero radio case
09-03 16:44:55.363 I/hwservicemanager(  287): getTransport: Cannot find entry android.hardware.memtrack@1.0::IMemtrack/default in either framework or device VINTF manifest.
09-03 16:44:55.371 I/hwservicemanager(  287): getTransport: Cannot find entry android.hardware.memtrack@1.0::IMemtrack/default in either framework or device VINTF manifest.
09-03 16:44:55.373 E/HidlServiceManagement(18746): Service android.hardware.memtrack@1.0::IMemtrack/default must be in VINTF manifest in order to register/get.
09-03 16:44:55.374 E/LegacySupport(18746): Could not register service android.hardware.memtrack@1.0::IMemtrack/default (-2147483648).
09-03 16:44:56.321 E/BatteryStatsService(  601): Invalid uid for waking network packet: -1
09-03 16:44:56.440 D/io_stats(  319): !@ 179,0 r 457124 10092384 w 42970 416652 d 8207 615876 f 3233 4321 iot 663096 0 th 0 0 0 pt 0 inp 0 0 10921.723
09-03 16:44:56.442 D/io_stats(  319): !@ Read_top(KB): system_server(601) 4
09-03 16:44:56.442 D/io_stats(  319): !@ Write_top(KB): vendor.samsung.(489) 8
09-03 16:44:57.482 E/SSRM:DHMS_BASEFRAMEWORK(  601): e = /sys/class/sec/sec-cp-thermistor/temperature: open failed: ENOENT (No such file or directory)
09-03 16:44:57.491 I/SSRM:Temperature(  601): SIOP:: AP : 408 CP : -999 BLK : 428 BAT : 391
09-03 16:44:58.400 D/WifiHAL (  458): GetLinkStatCommand: zero radio case
09-03 16:44:59.887 I/ActivityManager(  601): Killing 17320:com.android.vending/u0a47 (adj 995): empty #11
09-03 16:44:59.889 W/DMASA[C]( 1740): [DiagMonAgentApplication]onTrimMemory (40)
09-03 16:44:59.986 D/ConnectivityService(  601): releasing NetworkRequest [ REQUEST id=135, [ Capabilities: INTERNET&NOT_RESTRICTED&TRUSTED&NOT_VCN_MANAGED&NOT_BANDWIDTH_CONSTRAINED Uid: 10047 RequestorUid: 10047 RequestorPkg: com.android.vending UnderlyingNetworks: Null] ] (release request)
09-03 16:44:59.987 D/NetworkRequestStateStatsMetrics(  601): Removed nr with ID = 135
09-03 16:44:59.988 I/libprocessgroup(  601): Removed cgroup /sys/fs/cgroup/apps/uid_10047/pid_17320
09-03 16:44:59.992 I/Zygote  (  425): Process 17320 exited due to signal 9 (Killed)
09-03 16:45:00.293 I/Sensors (  455): context 8 0 7 1,1,21,3,255,9,5,0, 11305007087331
09-03 16:45:00.293 D/Sensors (  455): scontext len: 8, inst: 1, type: 1, LibType: 21
09-03 16:45:00.294 I/Sensors (  455): fall detection event 3, 8, 25042300
09-03 16:45:00.294 I/Sensors (  455): Parsed libType: 21 8, status 1
09-03 16:45:00.304 I/sensor_FallDetection(  601): setHistoryLog : 2026-09-03 16:45:00.294 : 3 -1 9 5 0
09-03 16:45:00.386 I/hwservicemanager(  287): getTransport: Cannot find entry android.hardware.memtrack@1.0::IMemtrack/default in either framework or device VINTF manifest.
09-03 16:45:00.394 I/hwservicemanager(  287): getTransport: Cannot find entry android.hardware.memtrack@1.0::IMemtrack/default in either framework or device VINTF manifest.
09-03 16:45:00.395 E/HidlServiceManagement(18747): Service android.hardware.memtrack@1.0::IMemtrack/default must be in VINTF manifest in order to register/get.
09-03 16:45:00.396 E/LegacySupport(18747): Could not register service android.hardware.memtrack@1.0::IMemtrack/default (-2147483648).
09-03 16:45:00.447 E/BatteryStatsService(  601): Invalid uid for waking network packet: -1
09-03 16:45:00.449 E/BatteryStatsService(  601): Invalid uid for waking network packet: -1
09-03 16:45:00.450 D/io_stats(  319): !@ 179,0 r 457134 10092472 w 42971 416680 d 8207 615876 f 3233 4321 iot 663116 0 th 0 0 0 pt 0 inp 0 0 10925.733
09-03 16:45:00.451 E/BatteryStatsService(  601): Invalid uid for waking network packet: -1
09-03 16:45:00.452 D/io_stats(  319): !@ Read_top(KB): system_server(601) 88
09-03 16:45:00.453 E/BatteryStatsService(  601): Invalid uid for waking network packet: -1
09-03 16:45:00.455 D/io_stats(  319): !@ Write_top(KB): kworker/u4:2(18678) 28
09-03 16:45:00.456 E/BatteryStatsService(  601): Invalid uid for waking network packet: -1
09-03 16:45:00.458 E/BatteryStatsService(  601): Invalid uid for waking network packet: -1
09-03 16:45:01.547 D/WifiHAL (  458): GetLinkStatCommand: zero radio case
09-03 16:45:02.835 E/BatteryDump(  489): !@new_battery_dump : 4370,155,2000,168,87,391,0,Chg,Normal,Good,INBOX_WRL,90,Normal,0,0,9834,205,0,0xd9,0x8b,0x0f,0x5e,0x01,0x34,0x00,0x01,0,0,8488,4214,1,1,4839,4732,174,4384,0x02,0,1,0x130,0x80,0x56,143,0x3,0x0,0x0
09-03 16:45:02.865 D/[SS]BattFunctions(  601): [sendRemainingChargingTimeChangedIntent]remainingChargingTime:1896 ,mLastRemainingChargingTime:1902
09-03 16:45:02.866 D/BatteryService(  601): Sending ACTION_BATTERY_CHANGED: level:87, status:2, health:2, ac:false, usb:false, wireless:true, misc:0x0, charge_type:1, charger_type:0, voltage:4370, temperature:391, online:11, current_avg:149, hvc:false, capacity:280000, current_event:0x0, current_now:155, mcc:0, mcv:0, cc:314280, present:true, scale:100, technology:Li-ion
09-03 16:45:02.877 D/PowerUI ( 1181): onReceive() Received Action =  com.samsung.server.BatteryService.action.SEC_BATTERY_REMAINING_CHARGING_TIME_CHANGED
09-03 16:45:02.877 D/PowerUI ( 1181): onReceive() Unsupported Action 
09-03 16:45:02.886 D/PowerUI ( 1181): onReceive() Received Action =  android.intent.action.BATTERY_CHANGED
09-03 16:45:02.886 D/PowerUI ( 1181): plugged=true
09-03 16:45:02.887 I/PowerUI ( 1181): maybeShowBatteryWarningV2 plugged=true bucket=1
09-03 16:45:02.887 I/PowerUI.NotificationHelper( 1181): cancelNotification  notificationID = 9009
09-03 16:45:02.888 I/PowerUI ( 1181): ACTION_BATTERY_CHANGED : mPlugType=4 mBatteryStatus=2
09-03 16:45:02.888 I/PowerUI ( 1181): oldMisalign : false, curMisalign : false
09-03 16:45:02.891 D/SYSTEM_UI( 1181): BatteryIndicatorPresenter$3.onReceive(19): onReceive() Received Action =  android.intent.action.BATTERY_CHANGED
09-03 16:45:02.892 D/SYSTEM_UI( 1181): BatteryIndicatorPresenter$3.onReceive(103): level          87 --> 87
09-03 16:45:02.892 D/SYSTEM_UI( 1181): BatteryIndicatorPresenter$3.onReceive(130): status         2 --> 2
09-03 16:45:02.911 D/AdaptiveBrightnessLongtermModelBuilder(  601): Received android.intent.action.BATTERY_CHANGED
09-03 16:45:02.937 I/NfcWirelessCharge( 1164): chargeMode: 4, isWirelessCharging: true
09-03 16:45:03.068 E/Watchdog(  601): !@Sync: 364 heap: 59 / 61 FD: 763 [2026-09-03 16:45:03.067]
09-03 16:45:03.109 I/wpa_supplicant( 1095): Heartbeat 1071
09-03 16:45:03.169 E/BatteryStatsService(  601): Invalid uid for waking network packet: -1
09-03 16:45:03.172 E/BatteryStatsService(  601): Invalid uid for waking network packet: -1
09-03 16:45:03.174 E/BatteryStatsService(  601): Invalid uid for waking network packet: -1
09-03 16:45:03.406 I/Watchface( 1109): [ModelBattery] action:android.intent.action.BATTERY_CHANGED
09-03 16:45:03.407 I/Watchface( 1109): [ModelBattery] scale[100] level[87] status[2] isCharging[true] batteryLow[false]
09-03 16:45:03.407 I/Watchface( 1109): [ModelBattery] putAll to pendingUpdatedValues!! size:2
09-03 16:45:04.462 D/io_stats(  319): !@ 179,0 r 457134 10092472 w 42973 416688 d 8207 615876 f 3233 4321 iot 663124 0 th 0 0 0 pt 0 inp 0 0 10929.745
09-03 16:45:04.464 D/io_stats(  319): !@ Write_top(KB): vendor.samsung.(489) 8
09-03 16:45:04.698 D/WifiHAL (  458): GetLinkStatCommand: zero radio case
09-03 16:45:05.422 I/hwservicemanager(  287): getTransport: Cannot find entry android.hardware.memtrack@1.0::IMemtrack/default in either framework or device VINTF manifest.
09-03 16:45:05.431 I/hwservicemanager(  287): getTransport: Cannot find entry android.hardware.memtrack@1.0::IMemtrack/default in either framework or device VINTF manifest.
09-03 16:45:05.432 E/HidlServiceManagement(18748): Service android.hardware.memtrack@1.0::IMemtrack/default must be in VINTF manifest in order to register/get.
09-03 16:45:05.432 E/LegacySupport(18748): Could not register service android.hardware.memtrack@1.0::IMemtrack/default (-2147483648).
09-03 16:45:05.637 E/BatteryStatsService(  601): Invalid uid for waking network packet: -1
09-03 16:45:06.605 E/BatteryStatsService(  601): Invalid uid for waking network packet: -1
09-03 16:45:06.606 E/BatteryStatsService(  601): Invalid uid for waking network packet: -1
09-03 16:45:06.606 E/BatteryStatsService(  601): Invalid uid for waking network packet: -1
09-03 16:45:06.607 E/BatteryStatsService(  601): Invalid uid for waking network packet: -1
09-03 16:45:06.607 E/BatteryStatsService(  601): Invalid uid for waking network packet: -1
09-03 16:45:06.608 E/BatteryStatsService(  601): Invalid uid for waking network packet: -1
09-03 16:45:06.608 E/BatteryStatsService(  601): Invalid uid for waking network packet: -1
09-03 16:45:06.609 E/BatteryStatsService(  601): Invalid uid for waking network packet: -1
09-03 16:45:07.518 E/SSRM:DHMS_BASEFRAMEWORK(  601): e = /sys/class/sec/sec-cp-thermistor/temperature: open failed: ENOENT (No such file or directory)
09-03 16:45:07.527 I/SSRM:Temperature(  601): SIOP:: AP : 408 CP : -999 BLK : 428 BAT : 391
09-03 16:45:07.843 D/WifiHAL (  458): GetLinkStatCommand: zero radio case
09-03 16:45:07.936 E/BatteryStatsService(  601): Invalid uid for waking network packet: -1
09-03 16:45:07.938 E/BatteryStatsService(  601): Invalid uid for waking network packet: -1
09-03 16:45:07.940 E/BatteryStatsService(  601): Invalid uid for waking network packet: -1
09-03 16:45:07.942 E/BatteryStatsService(  601): Invalid uid for waking network packet: -1
09-03 16:45:07.944 E/BatteryStatsService(  601): Invalid uid for waking network packet: -1
09-03 16:45:07.946 E/BatteryStatsService(  601): Invalid uid for waking network packet: -1
09-03 16:45:07.947 E/BatteryStatsService(  601): Invalid uid for waking network packet: -1
09-03 16:45:08.938 D/ActivityManager(  601): freezing 15885 com.samsung.android.batterysavingsettings
09-03 16:45:09.151 E/BatteryStatsService(  601): Invalid uid for waking network packet: -1
09-03 16:45:09.154 E/BatteryStatsService(  601): Invalid uid for waking network packet: -1
09-03 16:45:09.162 E/BatteryStatsService(  601): Invalid uid for waking network packet: -1
09-03 16:45:09.164 E/BatteryStatsService(  601): Invalid uid for waking network packet: -1
09-03 16:45:09.167 E/BatteryStatsService(  601): Invalid uid for waking network packet: -1
09-03 16:45:09.895 D/ActivityManager(  601): freezing 1740 com.sec.android.diagmonagent
09-03 16:45:10.431 I/hwservicemanager(  287): getTransport: Cannot find entry android.hardware.memtrack@1.0::IMemtrack/default in either framework or device VINTF manifest.
09-03 16:45:10.439 I/hwservicemanager(  287): getTransport: Cannot find entry android.hardware.memtrack@1.0::IMemtrack/default in either framework or device VINTF manifest.
09-03 16:45:10.440 E/HidlServiceManagement(18751): Service android.hardware.memtrack@1.0::IMemtrack/default must be in VINTF manifest in order to register/get.
09-03 16:45:10.441 E/LegacySupport(18751): Could not register service android.hardware.memtrack@1.0::IMemtrack/default (-2147483648).
09-03 16:45:10.478 D/io_stats(  319): !@ 179,0 r 457134 10092472 w 42975 416696 d 8207 615876 f 3233 4321 iot 663132 0 th 0 0 0 pt 0 inp 0 0 10935.761
09-03 16:45:10.551 E/BatteryStatsService(  601): Invalid uid for waking network packet: -1
09-03 16:45:10.554 E/BatteryStatsService(  601): Invalid uid for waking network packet: -1
09-03 16:45:10.561 E/BatteryStatsService(  601): Invalid uid for waking network packet: -1
09-03 16:45:10.563 E/BatteryStatsService(  601): Invalid uid for waking network packet: -1
09-03 16:45:10.565 E/BatteryStatsService(  601): Invalid uid for waking network packet: -1
09-03 16:45:10.567 E/BatteryStatsService(  601): Invalid uid for waking network packet: -1
09-03 16:45:10.569 E/BatteryStatsService(  601): Invalid uid for waking network packet: -1
09-03 16:45:10.988 D/WifiHAL (  458): GetLinkStatCommand: zero radio case
09-03 16:45:11.077 D/SYSTEM_UI( 1181): QuickpanelView$$ExternalSyntheticOutline0.m(13): wifi rssi : -64
09-03 16:45:11.102 D/SYSTEM_UI( 1181): WifiConnection$2.onReceive(42): wifi rssi level : 3
09-03 16:45:11.105 D/SYSTEM_UI( 1181): QuickpanelView$$ExternalSyntheticOutline0.m(13): updateMainIcon mMainIconResId= 2131233882
09-03 16:45:11.682 E/BatteryStatsService(  601): Invalid uid for waking network packet: -1
09-03 16:45:11.685 E/BatteryStatsService(  601): Invalid uid for waking network packet: -1
09-03 16:45:11.689 E/BatteryStatsService(  601): Invalid uid for waking network packet: -1
09-03 16:45:11.694 E/BatteryStatsService(  601): Invalid uid for waking network packet: -1
09-03 16:45:11.697 E/BatteryStatsService(  601): Invalid uid for waking network packet: -1
09-03 16:45:12.482 D/io_stats(  319): !@ Write_top(KB): kworker/u4:2(18678) 8
09-03 16:45:12.801 E/BatteryStatsService(  601): Invalid uid for waking network packet: -1
09-03 16:45:12.803 E/BatteryStatsService(  601): Invalid uid for waking network packet: -1
09-03 16:45:12.806 E/BatteryStatsService(  601): Invalid uid for waking network packet: -1
09-03 16:45:12.808 E/BatteryStatsService(  601): Invalid uid for waking network packet: -1
09-03 16:45:12.810 E/BatteryStatsService(  601): Invalid uid for waking network packet: -1
09-03 16:45:12.812 E/BatteryStatsService(  601): Invalid uid for waking network packet: -1
09-03 16:45:12.877 E/BatteryDump(  489): !@new_battery_dump : 4373,152,2000,168,87,391,0,Chg,Normal,Good,INBOX_WRL,90,Normal,0,0,9834,205,0,0xf7,0x8b,0x0f,0x5e,0x01,0x34,0x00,0x01,0,0,8503,4216,1,1,4839,4737,174,4372,0x02,0,1,0x130,0x80,0x56,143,0x3,0x0,0x0
09-03 16:45:12.905 D/[SS]BattFunctions(  601): [sendRemainingChargingTimeChangedIntent]remainingChargingTime:1884 ,mLastRemainingChargingTime:1896
09-03 16:45:12.906 D/BatteryService(  601): Sending ACTION_BATTERY_CHANGED: level:87, status:2, health:2, ac:false, usb:false, wireless:true, misc:0x0, charge_type:1, charger_type:0, voltage:4373, temperature:391, online:11, current_avg:152, hvc:false, capacity:280000, current_event:0x0, current_now:152, mcc:0, mcv:0, cc:314640, present:true, scale:100, technology:Li-ion
09-03 16:45:12.929 D/PowerUI ( 1181): onReceive() Received Action =  android.intent.action.BATTERY_CHANGED
09-03 16:45:12.930 D/PowerUI ( 1181): plugged=true
09-03 16:45:12.931 I/PowerUI ( 1181): maybeShowBatteryWarningV2 plugged=true bucket=1
09-03 16:45:12.931 I/PowerUI.NotificationHelper( 1181): cancelNotification  notificationID = 9009
09-03 16:45:12.931 I/PowerUI ( 1181): ACTION_BATTERY_CHANGED : mPlugType=4 mBatteryStatus=2
09-03 16:45:12.931 I/PowerUI ( 1181): oldMisalign : false, curMisalign : false
09-03 16:45:12.935 D/SYSTEM_UI( 1181): BatteryIndicatorPresenter$3.onReceive(19): onReceive() Received Action =  android.intent.action.BATTERY_CHANGED
09-03 16:45:12.938 D/SYSTEM_UI( 1181): BatteryIndicatorPresenter$3.onReceive(103): level          87 --> 87
09-03 16:45:12.938 D/SYSTEM_UI( 1181): BatteryIndicatorPresenter$3.onReceive(130): status         2 --> 2
09-03 16:45:12.942 D/PowerUI ( 1181): onReceive() Received Action =  com.samsung.server.BatteryService.action.SEC_BATTERY_REMAINING_CHARGING_TIME_CHANGED
09-03 16:45:12.942 D/PowerUI ( 1181): onReceive() Unsupported Action 
09-03 16:45:12.957 D/AdaptiveBrightnessLongtermModelBuilder(  601): Received android.intent.action.BATTERY_CHANGED
09-03 16:45:12.971 I/NfcWirelessCharge( 1164): chargeMode: 4, isWirelessCharging: true
09-03 16:45:13.113 I/wpa_supplicant( 1095): Heartbeat 1072
09-03 16:45:13.153 I/adbd    ( 1489): New TLS connection [fd=25]
09-03 16:45:13.156 I/adbd    ( 1489): host-25: read thread spawning
09-03 16:45:13.157 I/adbd    ( 1489): host-25: write thread spawning
09-03 16:45:13.157 I/adbd    ( 1489): host-25: read failed: Success
09-03 16:45:13.157 I/adbd    ( 1489): host-25: connection terminated: read failed
09-03 16:45:13.157 I/adbd    ( 1489): BlockingConnectionAdapter(host-25): stopping
09-03 16:45:13.158 I/adbd    ( 1489): BlockingConnectionAdapter(host-25): stopped
09-03 16:45:13.159 I/adbd    ( 1489): BlockingConnectionAdapter(host-25): destructing
09-03 16:45:13.159 I/adbd    ( 1489): BlockingConnectionAdapter(host-25): already stopped
09-03 16:45:13.423 I/Watchface( 1109): [ModelBattery] action:android.intent.action.BATTERY_CHANGED
09-03 16:45:13.424 I/Watchface( 1109): [ModelBattery] scale[100] level[87] status[2] isCharging[true] batteryLow[false]
09-03 16:45:13.425 I/Watchface( 1109): [ModelBattery] putAll to pendingUpdatedValues!! size:2
09-03 16:45:13.585 E/BatteryStatsService(  601): Invalid uid for waking network packet: -1
09-03 16:45:13.588 E/BatteryStatsService(  601): Invalid uid for waking network packet: -1
09-03 16:45:13.590 E/BatteryStatsService(  601): Invalid uid for waking network packet: -1
09-03 16:45:13.592 E/BatteryStatsService(  601): Invalid uid for waking network packet: -1
09-03 16:45:13.594 E/BatteryStatsService(  601): Invalid uid for waking network packet: -1
09-03 16:45:13.597 E/BatteryStatsService(  601): Invalid uid for waking network packet: -1
09-03 16:45:13.600 E/BatteryStatsService(  601): Invalid uid for waking network packet: -1
09-03 16:45:14.187 D/WifiHAL (  458): GetLinkStatCommand: zero radio case
09-03 16:45:14.272 D/SYSTEM_UI( 1181): QuickpanelView$$ExternalSyntheticOutline0.m(13): wifi rssi : -58
09-03 16:45:14.293 D/SYSTEM_UI( 1181): WifiConnection$2.onReceive(42): wifi rssi level : 4
09-03 16:45:14.297 D/SYSTEM_UI( 1181): QuickpanelView$$ExternalSyntheticOutline0.m(13): updateMainIcon mMainIconResId= 2131233883
09-03 16:45:14.486 D/io_stats(  319): !@ 179,0 r 457137 10092508 w 42977 416704 d 8207 615876 f 3233 4321 iot 663152 0 th 0 0 0 pt 0 inp 0 0 10939.770
09-03 16:45:15.460 I/hwservicemanager(  287): getTransport: Cannot find entry android.hardware.memtrack@1.0::IMemtrack/default in either framework or device VINTF manifest.
09-03 16:45:15.468 I/hwservicemanager(  287): getTransport: Cannot find entry android.hardware.memtrack@1.0::IMemtrack/default in either framework or device VINTF manifest.
09-03 16:45:15.469 E/HidlServiceManagement(18754): Service android.hardware.memtrack@1.0::IMemtrack/default must be in VINTF manifest in order to register/get.
09-03 16:45:15.469 E/LegacySupport(18754): Could not register service android.hardware.memtrack@1.0::IMemtrack/default (-2147483648).
09-03 16:45:16.292 E/BatteryStatsService(  601): Invalid uid for waking network packet: -1
09-03 16:45:16.294 E/BatteryStatsService(  601): Invalid uid for waking network packet: -1
09-03 16:45:16.492 D/io_stats(  319): !@ Read_top(KB): kworker/u4:2(18678) 36
09-03 16:45:16.493 D/io_stats(  319): !@ Write_top(KB): vendor.samsung.(489) 8
09-03 16:45:17.345 D/WifiHAL (  458): GetLinkStatCommand: zero radio case
09-03 16:45:17.575 E/SSRM:DHMS_BASEFRAMEWORK(  601): e = /sys/class/sec/sec-cp-thermistor/temperature: open failed: ENOENT (No such file or directory)
09-03 16:45:17.586 I/SSRM:Temperature(  601): SIOP:: AP : 408 CP : -999 BLK : 428 BAT : 391
09-03 16:45:18.069 I/SurfaceFlinger(  514): SFWD update time=10943352394249
09-03 16:45:18.117 E/BatteryStatsService(  601): Invalid uid for waking network packet: -1
09-03 16:45:18.119 E/BatteryStatsService(  601): Invalid uid for waking network packet: -1
09-03 16:45:18.122 E/BatteryStatsService(  601): Invalid uid for waking network packet: -1
09-03 16:45:19.557 E/BatteryStatsService(  601): Invalid uid for waking network packet: -1
09-03 16:45:19.559 E/BatteryStatsService(  601): Invalid uid for waking network packet: -1
09-03 16:45:19.561 E/BatteryStatsService(  601): Invalid uid for waking network packet: -1
09-03 16:45:20.452 D/WifiHAL (  458): GetLinkStatCommand: zero radio case
09-03 16:45:20.497 I/hwservicemanager(  287): getTransport: Cannot find entry android.hardware.memtrack@1.0::IMemtrack/default in either framework or device VINTF manifest.
09-03 16:45:20.510 I/hwservicemanager(  287): getTransport: Cannot find entry android.hardware.memtrack@1.0::IMemtrack/default in either framework or device VINTF manifest.
09-03 16:45:20.511 E/HidlServiceManagement(18755): Service android.hardware.memtrack@1.0::IMemtrack/default must be in VINTF manifest in order to register/get.
09-03 16:45:20.511 E/LegacySupport(18755): Could not register service android.hardware.memtrack@1.0::IMemtrack/default (-2147483648).
09-03 16:45:20.613 E/BatteryStatsService(  601): Invalid uid for waking network packet: -1
09-03 16:45:20.615 E/BatteryStatsService(  601): Invalid uid for waking network packet: -1
09-03 16:45:20.617 E/BatteryStatsService(  601): Invalid uid for waking network packet: -1
09-03 16:45:20.619 E/BatteryStatsService(  601): Invalid uid for waking network packet: -1
09-03 16:45:20.622 E/BatteryStatsService(  601): Invalid uid for waking network packet: -1
09-03 16:45:20.624 E/BatteryStatsService(  601): Invalid uid for waking network packet: -1
09-03 16:45:21.856 E/BatteryStatsService(  601): Invalid uid for waking network packet: -1
09-03 16:45:21.859 E/BatteryStatsService(  601): Invalid uid for waking network packet: -1
09-03 16:45:21.867 E/BatteryStatsService(  601): Invalid uid for waking network packet: -1
09-03 16:45:21.869 E/BatteryStatsService(  601): Invalid uid for waking network packet: -1
09-03 16:45:21.871 E/BatteryStatsService(  601): Invalid uid for waking network packet: -1
09-03 16:45:22.761 E/BatteryStatsService(  601): Invalid uid for waking network packet: -1
09-03 16:45:22.768 E/BatteryStatsService(  601): Invalid uid for waking network packet: -1
09-03 16:45:22.770 E/BatteryStatsService(  601): Invalid uid for waking network packet: -1
09-03 16:45:22.773 E/BatteryStatsService(  601): Invalid uid for waking network packet: -1
09-03 16:45:22.775 E/BatteryStatsService(  601): Invalid uid for waking network packet: -1
09-03 16:45:22.777 E/BatteryStatsService(  601): Invalid uid for waking network packet: -1
09-03 16:45:22.779 E/BatteryStatsService(  601): Invalid uid for waking network packet: -1
09-03 16:45:22.921 E/BatteryDump(  489): !@new_battery_dump : 4372,149,2000,168,87,390,0,Chg,Normal,Good,INBOX_WRL,90,Normal,0,0,9834,205,0,0xed,0x8b,0x0f,0x5e,0x01,0x34,0x00,0x01,0,0,8513,4217,1,1,4834,4742,173,4379,0x02,0,1,0x130,0x80,0x56,143,0x3,0x0,0x0
09-03 16:45:22.933 D/[SS]BattFunctions(  601): [sendRemainingChargingTimeChangedIntent]remainingChargingTime:1878 ,mLastRemainingChargingTime:1884
09-03 16:45:22.934 D/BatteryService(  601): Sending ACTION_BATTERY_CHANGED: level:87, status:2, health:2, ac:false, usb:false, wireless:true, misc:0x0, charge_type:1, charger_type:0, voltage:4372, temperature:390, online:11, current_avg:151, hvc:false, capacity:280000, current_event:0x0, current_now:149, mcc:0, mcv:0, cc:315360, present:true, scale:100, technology:Li-ion
09-03 16:45:22.941 D/PowerUI ( 1181): onReceive() Received Action =  com.samsung.server.BatteryService.action.SEC_BATTERY_REMAINING_CHARGING_TIME_CHANGED
09-03 16:45:22.941 D/PowerUI ( 1181): onReceive() Unsupported Action 
09-03 16:45:22.960 D/PowerUI ( 1181): onReceive() Received Action =  android.intent.action.BATTERY_CHANGED
09-03 16:45:22.961 D/PowerUI ( 1181): plugged=true
09-03 16:45:22.961 I/PowerUI ( 1181): ACTION_BATTERY_CHANGED : mPlugType=4 mBatteryStatus=2
09-03 16:45:22.961 I/PowerUI ( 1181): oldMisalign : false, curMisalign : false
09-03 16:45:22.962 I/PowerUI ( 1181): maybeShowBatteryWarningV2 plugged=true bucket=1
09-03 16:45:22.963 I/PowerUI.NotificationHelper( 1181): cancelNotification  notificationID = 9009
09-03 16:45:22.972 D/SYSTEM_UI( 1181): BatteryIndicatorPresenter$3.onReceive(19): onReceive() Received Action =  android.intent.action.BATTERY_CHANGED
09-03 16:45:22.974 D/SYSTEM_UI( 1181): BatteryIndicatorPresenter$3.onReceive(103): level          87 --> 87
09-03 16:45:22.975 D/SYSTEM_UI( 1181): BatteryIndicatorPresenter$3.onReceive(130): status         2 --> 2
09-03 16:45:22.982 D/AdaptiveBrightnessLongtermModelBuilder(  601): Received android.intent.action.BATTERY_CHANGED
09-03 16:45:23.001 I/NfcWirelessCharge( 1164): chargeMode: 4, isWirelessCharging: true
09-03 16:45:23.117 I/wpa_supplicant( 1095): Heartbeat 1073
09-03 16:45:23.255 I/adbd    ( 1489): New TLS connection [fd=25]
09-03 16:45:23.259 I/adbd    ( 1489): host-25: read thread spawning
09-03 16:45:23.259 I/adbd    ( 1489): host-25: write thread spawning
09-03 16:45:23.259 I/adbd    ( 1489): host-25: read failed: Success
09-03 16:45:23.260 I/adbd    ( 1489): host-25: connection terminated: read failed
09-03 16:45:23.260 I/adbd    ( 1489): BlockingConnectionAdapter(host-25): stopping
09-03 16:45:23.261 I/adbd    ( 1489): BlockingConnectionAdapter(host-25): stopped
09-03 16:45:23.261 I/adbd    ( 1489): BlockingConnectionAdapter(host-25): destructing
09-03 16:45:23.261 I/adbd    ( 1489): BlockingConnectionAdapter(host-25): already stopped
09-03 16:45:23.454 I/Watchface( 1109): [ModelBattery] action:android.intent.action.BATTERY_CHANGED
09-03 16:45:23.455 I/Watchface( 1109): [ModelBattery] scale[100] level[87] status[2] isCharging[true] batteryLow[false]
09-03 16:45:23.455 I/Watchface( 1109): [ModelBattery] putAll to pendingUpdatedValues!! size:2
09-03 16:45:23.560 D/WifiHAL (  458): GetLinkStatCommand: zero radio case
09-03 16:45:23.688 E/BatteryStatsService(  601): Invalid uid for waking network packet: -1
09-03 16:45:23.694 E/BatteryStatsService(  601): Invalid uid for waking network packet: -1
09-03 16:45:23.704 E/BatteryStatsService(  601): Invalid uid for waking network packet: -1
09-03 16:45:23.706 E/BatteryStatsService(  601): Invalid uid for waking network packet: -1
09-03 16:45:23.708 E/BatteryStatsService(  601): Invalid uid for waking network packet: -1
09-03 16:45:23.710 E/BatteryStatsService(  601): Invalid uid for waking network packet: -1
09-03 16:45:23.711 E/BatteryStatsService(  601): Invalid uid for waking network packet: -1
09-03 16:45:24.505 D/io_stats(  319): !@ 179,0 r 457137 10092508 w 42979 416712 d 8207 615876 f 3233 4321 iot 663160 0 th 0 0 0 pt 0 inp 0 0 10949.789
09-03 16:45:24.507 D/io_stats(  319): !@ Write_top(KB): vendor.samsung.(489) 8
09-03 16:45:24.705 E/BatteryStatsService(  601): Invalid uid for waking network packet: -1
09-03 16:45:24.709 E/BatteryStatsService(  601): Invalid uid for waking network packet: -1
09-03 16:45:24.713 E/BatteryStatsService(  601): Invalid uid for waking network packet: -1
09-03 16:45:24.716 E/BatteryStatsService(  601): Invalid uid for waking network packet: -1
09-03 16:45:25.520 I/hwservicemanager(  287): getTransport: Cannot find entry android.hardware.memtrack@1.0::IMemtrack/default in either framework or device VINTF manifest.
09-03 16:45:25.530 I/hwservicemanager(  287): getTransport: Cannot find entry android.hardware.memtrack@1.0::IMemtrack/default in either framework or device VINTF manifest.
09-03 16:45:25.531 E/HidlServiceManagement(18758): Service android.hardware.memtrack@1.0::IMemtrack/default must be in VINTF manifest in order to register/get.
09-03 16:45:25.531 E/LegacySupport(18758): Could not register service android.hardware.memtrack@1.0::IMemtrack/default (-2147483648).
09-03 16:45:25.585 E/BatteryStatsService(  601): Invalid uid for waking network packet: -1
09-03 16:45:25.589 E/BatteryStatsService(  601): Invalid uid for waking network packet: -1
09-03 16:45:25.592 E/BatteryStatsService(  601): Invalid uid for waking network packet: -1
09-03 16:45:25.595 E/BatteryStatsService(  601): Invalid uid for waking network packet: -1
09-03 16:45:25.597 E/BatteryStatsService(  601): Invalid uid for waking network packet: -1
09-03 16:45:25.600 E/BatteryStatsService(  601): Invalid uid for waking network packet: -1
09-03 16:45:25.604 E/BatteryStatsService(  601): Invalid uid for waking network packet: -1
09-03 16:45:25.606 E/BatteryStatsService(  601): Invalid uid for waking network packet: -1
09-03 16:45:26.707 D/WifiHAL (  458): GetLinkStatCommand: zero radio case
09-03 16:45:26.761 E/BatteryStatsService(  601): Invalid uid for waking network packet: -1
09-03 16:45:26.763 E/BatteryStatsService(  601): Invalid uid for waking network packet: -1
09-03 16:45:26.765 E/BatteryStatsService(  601): Invalid uid for waking network packet: -1
09-03 16:45:26.767 E/BatteryStatsService(  601): Invalid uid for waking network packet: -1
09-03 16:45:26.769 E/BatteryStatsService(  601): Invalid uid for waking network packet: -1
09-03 16:45:27.648 E/SSRM:DHMS_BASEFRAMEWORK(  601): e = /sys/class/sec/sec-cp-thermistor/temperature: open failed: ENOENT (No such file or directory)
09-03 16:45:27.658 I/SSRM:Temperature(  601): SIOP:: AP : 408 CP : -999 BLK : 428 BAT : 390
09-03 16:45:27.877 E/BatteryStatsService(  601): Invalid uid for waking network packet: -1
09-03 16:45:27.880 E/BatteryStatsService(  601): Invalid uid for waking network packet: -1
09-03 16:45:27.882 E/BatteryStatsService(  601): Invalid uid for waking network packet: -1
09-03 16:45:27.885 E/BatteryStatsService(  601): Invalid uid for waking network packet: -1
09-03 16:45:27.887 E/BatteryStatsService(  601): Invalid uid for waking network packet: -1
09-03 16:45:28.689 I/adbd    ( 1489): New TLS connection [fd=25]
09-03 16:45:28.693 I/adbd    ( 1489): host-25: write thread spawning
09-03 16:45:28.693 I/adbd    ( 1489): host-25: read thread spawning
09-03 16:45:28.694 I/adbd    ( 1489): host-25: read failed: Success
09-03 16:45:28.694 I/adbd    ( 1489): host-25: connection terminated: read failed
09-03 16:45:28.694 I/adbd    ( 1489): BlockingConnectionAdapter(host-25): stopping
09-03 16:45:28.695 I/adbd    ( 1489): BlockingConnectionAdapter(host-25): stopped
09-03 16:45:28.695 I/adbd    ( 1489): BlockingConnectionAdapter(host-25): destructing
09-03 16:45:28.695 I/adbd    ( 1489): BlockingConnectionAdapter(host-25): already stopped
09-03 16:45:29.152 E/BatteryStatsService(  601): Invalid uid for waking network packet: -1
09-03 16:45:29.160 E/BatteryStatsService(  601): Invalid uid for waking network packet: -1
09-03 16:45:29.864 D/WifiHAL (  458): GetLinkStatCommand: zero radio case
09-03 16:45:30.305 E/BatteryStatsService(  601): Invalid uid for waking network packet: -1
09-03 16:45:30.308 E/BatteryStatsService(  601): Invalid uid for waking network packet: -1
09-03 16:45:30.534 I/hwservicemanager(  287): getTransport: Cannot find entry android.hardware.memtrack@1.0::IMemtrack/default in either framework or device VINTF manifest.
09-03 16:45:30.543 I/hwservicemanager(  287): getTransport: Cannot find entry android.hardware.memtrack@1.0::IMemtrack/default in either framework or device VINTF manifest.
09-03 16:45:30.545 E/HidlServiceManagement(18761): Service android.hardware.memtrack@1.0::IMemtrack/default must be in VINTF manifest in order to register/get.
09-03 16:45:30.545 E/LegacySupport(18761): Could not register service android.hardware.memtrack@1.0::IMemtrack/default (-2147483648).
09-03 16:45:31.941 E/BatteryStatsService(  601): Invalid uid for waking network packet: -1
09-03 16:45:32.955 E/BatteryDump(  489): !@new_battery_dump : 4377,153,2000,168,87,391,0,Chg,Normal,Good,INBOX_WRL,90,Normal,0,0,9813,205,0,0x13,0x8c,0x0f,0x5e,0x01,0x34,0x00,0x01,0,0,8525,4219,1,1,4834,4727,175,4383,0x02,0,1,0x130,0x80,0x56,143,0x3,0x0,0x0
09-03 16:45:33.002 D/[SS]BattFunctions(  601): [sendRemainingChargingTimeChangedIntent]remainingChargingTime:1872 ,mLastRemainingChargingTime:1878
09-03 16:45:33.009 D/BatteryService(  601): Sending ACTION_BATTERY_CHANGED: level:87, status:2, health:2, ac:false, usb:false, wireless:true, misc:0x0, charge_type:1, charger_type:0, voltage:4377, temperature:391, online:11, current_avg:152, hvc:false, capacity:280000, current_event:0x0, current_now:153, mcc:0, mcv:0, cc:315720, present:true, scale:100, technology:Li-ion
09-03 16:45:33.012 D/PowerUI ( 1181): onReceive() Received Action =  com.samsung.server.BatteryService.action.SEC_BATTERY_REMAINING_CHARGING_TIME_CHANGED
09-03 16:45:33.012 D/PowerUI ( 1181): onReceive() Unsupported Action 
09-03 16:45:33.014 D/WifiHAL (  458): GetLinkStatCommand: zero radio case
09-03 16:45:33.027 D/SYSTEM_UI( 1181): BatteryIndicatorPresenter$3.onReceive(19): onReceive() Received Action =  android.intent.action.BATTERY_CHANGED
09-03 16:45:33.027 D/PowerUI ( 1181): onReceive() Received Action =  android.intent.action.BATTERY_CHANGED
09-03 16:45:33.028 D/PowerUI ( 1181): plugged=true
09-03 16:45:33.028 D/SYSTEM_UI( 1181): BatteryIndicatorPresenter$3.onReceive(103): level          87 --> 87
09-03 16:45:33.028 I/PowerUI ( 1181): maybeShowBatteryWarningV2 plugged=true bucket=1
09-03 16:45:33.028 I/PowerUI.NotificationHelper( 1181): cancelNotification  notificationID = 9009
09-03 16:45:33.028 D/SYSTEM_UI( 1181): BatteryIndicatorPresenter$3.onReceive(130): status         2 --> 2
09-03 16:45:33.029 I/PowerUI ( 1181): ACTION_BATTERY_CHANGED : mPlugType=4 mBatteryStatus=2
09-03 16:45:33.029 I/PowerUI ( 1181): oldMisalign : false, curMisalign : false
09-03 16:45:33.049 D/AdaptiveBrightnessLongtermModelBuilder(  601): Received android.intent.action.BATTERY_CHANGED
09-03 16:45:33.062 I/NfcWirelessCharge( 1164): chargeMode: 4, isWirelessCharging: true
09-03 16:45:33.077 E/Watchdog(  601): !@Sync: 365 heap: 61 / 61 FD: 763 [2026-09-03 16:45:33.076]
09-03 16:45:33.086 E/BatteryStatsService(  601): Invalid uid for waking network packet: -1
09-03 16:45:33.087 E/BatteryStatsService(  601): Invalid uid for waking network packet: -1
09-03 16:45:33.089 E/BatteryStatsService(  601): Invalid uid for waking network packet: -1
09-03 16:45:33.090 E/BatteryStatsService(  601): Invalid uid for waking network packet: -1
09-03 16:45:33.091 E/BatteryStatsService(  601): Invalid uid for waking network packet: -1
09-03 16:45:33.092 E/BatteryStatsService(  601): Invalid uid for waking network packet: -1
09-03 16:45:33.118 I/wpa_supplicant( 1095): Heartbeat 1074
09-03 16:45:33.535 I/Watchface( 1109): [ModelBattery] action:android.intent.action.BATTERY_CHANGED
09-03 16:45:33.535 I/Watchface( 1109): [ModelBattery] scale[100] level[87] status[2] isCharging[true] batteryLow[false]
09-03 16:45:33.535 I/Watchface( 1109): [ModelBattery] putAll to pendingUpdatedValues!! size:2
09-03 16:45:34.273 E/BatteryStatsService(  601): Invalid uid for waking network packet: -1
09-03 16:45:34.526 D/io_stats(  319): !@ 179,0 r 457137 10092508 w 42981 416720 d 8207 615876 f 3233 4321 iot 663172 0 th 0 0 0 pt 0 inp 0 0 10959.810
09-03 16:45:35.560 I/hwservicemanager(  287): getTransport: Cannot find entry android.hardware.memtrack@1.0::IMemtrack/default in either framework or device VINTF manifest.
09-03 16:45:35.580 I/hwservicemanager(  287): getTransport: Cannot find entry android.hardware.memtrack@1.0::IMemtrack/default in either framework or device VINTF manifest.
09-03 16:45:35.581 E/HidlServiceManagement(18762): Service android.hardware.memtrack@1.0::IMemtrack/default must be in VINTF manifest in order to register/get.
09-03 16:45:35.582 E/LegacySupport(18762): Could not register service android.hardware.memtrack@1.0::IMemtrack/default (-2147483648).
09-03 16:45:36.153 D/WifiHAL (  458): GetLinkStatCommand: zero radio case
09-03 16:45:36.289 E/BatteryStatsService(  601): Invalid uid for waking network packet: -1
09-03 16:45:36.291 E/BatteryStatsService(  601): Invalid uid for waking network packet: -1
09-03 16:45:36.298 E/BatteryStatsService(  601): Invalid uid for waking network packet: -1
09-03 16:45:36.300 E/BatteryStatsService(  601): Invalid uid for waking network packet: -1
09-03 16:45:36.302 E/BatteryStatsService(  601): Invalid uid for waking network packet: -1
09-03 16:45:36.532 D/io_stats(  319): !@ Write_top(KB): vendor.samsung.(489) 8
09-03 16:45:37.111 E/BatteryStatsService(  601): Invalid uid for waking network packet: -1
09-03 16:45:37.116 E/BatteryStatsService(  601): Invalid uid for waking network packet: -1
09-03 16:45:37.119 E/BatteryStatsService(  601): Invalid uid for waking network packet: -1
09-03 16:45:37.121 E/BatteryStatsService(  601): Invalid uid for waking network packet: -1
09-03 16:45:37.123 E/BatteryStatsService(  601): Invalid uid for waking network packet: -1
09-03 16:45:37.126 E/BatteryStatsService(  601): Invalid uid for waking network packet: -1
09-03 16:45:37.128 E/BatteryStatsService(  601): Invalid uid for waking network packet: -1
09-03 16:45:37.703 E/SSRM:DHMS_BASEFRAMEWORK(  601): e = /sys/class/sec/sec-cp-thermistor/temperature: open failed: ENOENT (No such file or directory)
09-03 16:45:37.711 I/SSRM:Temperature(  601): SIOP:: AP : 408 CP : -999 BLK : 428 BAT : 391
09-03 16:45:37.762 E/BatteryStatsService(  601): Invalid uid for waking network packet: -1
09-03 16:45:37.765 E/BatteryStatsService(  601): Invalid uid for waking network packet: -1
09-03 16:45:37.767 E/BatteryStatsService(  601): Invalid uid for waking network packet: -1
09-03 16:45:37.770 E/BatteryStatsService(  601): Invalid uid for waking network packet: -1
09-03 16:45:37.772 E/BatteryStatsService(  601): Invalid uid for waking network packet: -1
09-03 16:45:37.774 E/BatteryStatsService(  601): Invalid uid for waking network packet: -1
09-03 16:45:37.777 E/BatteryStatsService(  601): Invalid uid for waking network packet: -1
09-03 16:45:37.779 E/BatteryStatsService(  601): Invalid uid for waking network packet: -1
09-03 16:45:39.009 E/BatteryStatsService(  601): Invalid uid for waking network packet: -1
09-03 16:45:39.012 E/BatteryStatsService(  601): Invalid uid for waking network packet: -1
09-03 16:45:39.015 E/BatteryStatsService(  601): Invalid uid for waking network packet: -1
09-03 16:45:39.017 E/BatteryStatsService(  601): Invalid uid for waking network packet: -1
09-03 16:45:39.019 E/BatteryStatsService(  601): Invalid uid for waking network packet: -1
09-03 16:45:39.022 E/BatteryStatsService(  601): Invalid uid for waking network packet: -1
09-03 16:45:39.296 D/WifiHAL (  458): GetLinkStatCommand: zero radio case
09-03 16:45:39.405 D/BatteryExternalStatsWorker(  601): update stats : procstate-change (10)
09-03 16:45:39.406 D/BatteryExternalStatsWorker(  601): Fetch WiFi data
09-03 16:45:39.406 D/BatteryExternalStatsWorker(  601): Update Rail Energy data
09-03 16:45:39.477 D/WifiHAL (  458): GetLinkStatCommand: zero radio case
09-03 16:45:39.484 D/BatteryExternalStatsWorker(  601): mStats lock released
09-03 16:45:39.513 D/BatteryExternalStatsWorker(  601): Update wifi state
09-03 16:45:39.513 D/BatteryExternalStatsWorker(  601): done updateExternalStatsLocked
09-03 16:45:40.012 E/BatteryStatsService(  601): Invalid uid for waking network packet: -1
09-03 16:45:40.017 I/adbd    ( 1489): New TLS connection [fd=25]
09-03 16:45:40.022 I/adbd    ( 1489): host-25: read thread spawning
09-03 16:45:40.022 I/adbd    ( 1489): host-25: read failed: Success
09-03 16:45:40.022 I/adbd    ( 1489): host-25: connection terminated: read failed
09-03 16:45:40.022 I/adbd    ( 1489): BlockingConnectionAdapter(host-25): stopping
09-03 16:45:40.023 E/BatteryStatsService(  601): Invalid uid for waking network packet: -1
09-03 16:45:40.023 I/adbd    ( 1489): host-25: write thread spawning
09-03 16:45:40.024 I/adbd    ( 1489): BlockingConnectionAdapter(host-25): stopped
09-03 16:45:40.024 I/adbd    ( 1489): BlockingConnectionAdapter(host-25): destructing
09-03 16:45:40.024 I/adbd    ( 1489): BlockingConnectionAdapter(host-25): already stopped
09-03 16:45:40.025 E/BatteryStatsService(  601): Invalid uid for waking network packet: -1
09-03 16:45:40.026 E/BatteryStatsService(  601): Invalid uid for waking network packet: -1
09-03 16:45:40.027 E/BatteryStatsService(  601): Invalid uid for waking network packet: -1
09-03 16:45:40.027 E/BatteryStatsService(  601): Invalid uid for waking network packet: -1
09-03 16:45:40.028 E/BatteryStatsService(  601): Invalid uid for waking network packet: -1
09-03 16:45:40.590 I/hwservicemanager(  287): getTransport: Cannot find entry android.hardware.memtrack@1.0::IMemtrack/default in either framework or device VINTF manifest.
09-03 16:45:40.605 I/hwservicemanager(  287): getTransport: Cannot find entry android.hardware.memtrack@1.0::IMemtrack/default in either framework or device VINTF manifest.
09-03 16:45:40.606 E/HidlServiceManagement(18765): Service android.hardware.memtrack@1.0::IMemtrack/default must be in VINTF manifest in order to register/get.
09-03 16:45:40.606 E/LegacySupport(18765): Could not register service android.hardware.memtrack@1.0::IMemtrack/default (-2147483648).
09-03 16:45:41.057 E/BatteryStatsService(  601): Invalid uid for waking network packet: -1
09-03 16:45:41.061 E/BatteryStatsService(  601): Invalid uid for waking network packet: -1
09-03 16:45:42.117 E/BatteryStatsService(  601): Invalid uid for waking network packet: -1
09-03 16:45:42.119 E/BatteryStatsService(  601): Invalid uid for waking network packet: -1
09-03 16:45:42.121 E/BatteryStatsService(  601): Invalid uid for waking network packet: -1
09-03 16:45:42.124 E/BatteryStatsService(  601): Invalid uid for waking network packet: -1
09-03 16:45:42.457 D/WifiHAL (  458): GetLinkStatCommand: zero radio case
09-03 16:45:42.540 D/io_stats(  319): !@ 179,0 r 457158 10092592 w 43041 417148 d 8207 615876 f 3238 4334 iot 663256 0 th 0 0 0 pt 0 inp 0 0 10967.824
09-03 16:45:43.010 E/BatteryDump(  489): !@new_battery_dump : 4371,146,2000,168,87,391,0,Chg,Normal,Good,INBOX_WRL,90,Normal,0,0,9813,205,0,0xe7,0x8b,0x0f,0x5e,0x01,0x34,0x00,0x01,0,0,8535,4220,1,1,4839,4737,173,4413,0x02,0,1,0x130,0x80,0x56,143,0x3,0x0,0x0
09-03 16:45:43.025 D/[SS]BattFunctions(  601): [sendRemainingChargingTimeChangedIntent]remainingChargingTime:1866 ,mLastRemainingChargingTime:1872
09-03 16:45:43.026 D/BatteryService(  601): Sending ACTION_BATTERY_CHANGED: level:87, status:2, health:2, ac:false, usb:false, wireless:true, misc:0x0, charge_type:1, charger_type:0, voltage:4371, temperature:391, online:11, current_avg:151, hvc:false, capacity:280000, current_event:0x0, current_now:146, mcc:0, mcv:0, cc:316080, present:true, scale:100, technology:Li-ion
09-03 16:45:43.037 D/PowerUI ( 1181): onReceive() Received Action =  com.samsung.server.BatteryService.action.SEC_BATTERY_REMAINING_CHARGING_TIME_CHANGED
09-03 16:45:43.037 D/PowerUI ( 1181): onReceive() Unsupported Action 
09-03 16:45:43.047 D/PowerUI ( 1181): onReceive() Received Action =  android.intent.action.BATTERY_CHANGED
09-03 16:45:43.048 D/PowerUI ( 1181): plugged=true
09-03 16:45:43.048 I/PowerUI ( 1181): ACTION_BATTERY_CHANGED : mPlugType=4 mBatteryStatus=2
09-03 16:45:43.049 I/PowerUI ( 1181): oldMisalign : false, curMisalign : false
09-03 16:45:43.052 I/PowerUI ( 1181): maybeShowBatteryWarningV2 plugged=true bucket=1
09-03 16:45:43.053 I/PowerUI.NotificationHelper( 1181): cancelNotification  notificationID = 9009
09-03 16:45:43.059 D/SYSTEM_UI( 1181): BatteryIndicatorPresenter$3.onReceive(19): onReceive() Received Action =  android.intent.action.BATTERY_CHANGED
09-03 16:45:43.060 D/SYSTEM_UI( 1181): BatteryIndicatorPresenter$3.onReceive(103): level          87 --> 87
09-03 16:45:43.060 D/SYSTEM_UI( 1181): BatteryIndicatorPresenter$3.onReceive(130): status         2 --> 2
09-03 16:45:43.069 D/AdaptiveBrightnessLongtermModelBuilder(  601): Received android.intent.action.BATTERY_CHANGED
09-03 16:45:43.098 I/NfcWirelessCharge( 1164): chargeMode: 4, isWirelessCharging: true
09-03 16:45:43.119 I/wpa_supplicant( 1095): Heartbeat 1075
09-03 16:45:43.269 E/BatteryStatsService(  601): Invalid uid for waking network packet: -1
09-03 16:45:43.557 I/Watchface( 1109): [ModelBattery] action:android.intent.action.BATTERY_CHANGED
09-03 16:45:43.558 I/Watchface( 1109): [ModelBattery] scale[100] level[87] status[2] isCharging[true] batteryLow[false]
09-03 16:45:43.558 I/Watchface( 1109): [ModelBattery] putAll to pendingUpdatedValues!! size:2
09-03 16:45:44.385 E/BatteryStatsService(  601): Invalid uid for waking network packet: -1
09-03 16:45:44.387 E/BatteryStatsService(  601): Invalid uid for waking network packet: -1
09-03 16:45:44.390 E/BatteryStatsService(  601): Invalid uid for waking network packet: -1
09-03 16:45:44.393 E/BatteryStatsService(  601): Invalid uid for waking network packet: -1
09-03 16:45:44.395 E/BatteryStatsService(  601): Invalid uid for waking network packet: -1
09-03 16:45:44.545 D/io_stats(  319): !@ 179,0 r 457158 10092592 w 43043 417156 d 8207 615876 f 3238 4334 iot 663264 0 th 0 0 0 pt 0 inp 0 0 10969.828
09-03 16:45:44.546 D/io_stats(  319): !@ Read_top(KB): f2fs_ckpt-254:4(349) 84
09-03 16:45:44.547 D/io_stats(  319): !@ Write_top(KB): f2fs_ckpt-254:4(349) 156 vendor.samsung.(489) 8
09-03 16:45:45.408 E/BatteryStatsService(  601): Invalid uid for waking network packet: -1
09-03 16:45:45.411 E/BatteryStatsService(  601): Invalid uid for waking network packet: -1
09-03 16:45:45.414 E/BatteryStatsService(  601): Invalid uid for waking network packet: -1
09-03 16:45:45.416 E/BatteryStatsService(  601): Invalid uid for waking network packet: -1
09-03 16:45:45.578 D/WifiHAL (  458): GetLinkStatCommand: zero radio case
09-03 16:45:45.619 I/hwservicemanager(  287): getTransport: Cannot find entry android.hardware.memtrack@1.0::IMemtrack/default in either framework or device VINTF manifest.
09-03 16:45:45.634 I/hwservicemanager(  287): getTransport: Cannot find entry android.hardware.memtrack@1.0::IMemtrack/default in either framework or device VINTF manifest.
09-03 16:45:45.635 E/HidlServiceManagement(18766): Service android.hardware.memtrack@1.0::IMemtrack/default must be in VINTF manifest in order to register/get.
09-03 16:45:45.635 E/LegacySupport(18766): Could not register service android.hardware.memtrack@1.0::IMemtrack/default (-2147483648).
09-03 16:45:45.905 I/[SSW]SyncQueue$SyncAlarmReceiver(17961): onReceive - action : com.sec.android.easyMover.action.WEAR_SYNC, attemptCount : 8, attemptCountWakeup : 0
09-03 16:45:45.932 W/SemBatteryUsageStatsProvider(  601): Did not update because the battery SOC decreased by less than 0.5%.
09-03 16:45:45.933 I/[SSW]SyncQueue(17961): reserveAlarm - (reserveNextAlarm) at 2026-09-03T16:47:45.932934+05:30[Asia/Kolkata], attemptCount : 9, attemptCountWakeUp : 0
09-03 16:45:45.942 I/[SSW]PermissionChecker(17961): checkAllPermissions - 10
09-03 16:45:45.966 I/[SSW]WearSettingManager(17961): setSettingInfo. 0 -> 0
09-03 16:45:45.967 I/[SSW]SyncQueue(17961): checkPreCondition() : false (isInteractive : true, batteryLevel : 87, freeSpace : 6718840832, SsmState : Idle, isWorking : false, isAllPermissionsOk : false, temperature : 408)
09-03 16:45:46.019 I/SDHMS:BarTender:Gatherer:BatteryStats( 1565): BarTender addStats To DB (83 ms)
09-03 16:45:46.063 I/SDHMS:BarTender:Gatherer:BatteryStats( 1565): BarTender addStats To ExtDB (43 ms)
09-03 16:45:46.064 I/SDHMS:BarTender:Gatherer:BatteryStats( 1565): refreshBatteryStats completed (128 ms)
09-03 16:45:46.551 D/io_stats(  319): !@ 179,0 r 457199 10093196 w 43090 417356 d 8207 615876 f 3240 4342 iot 663364 0 th 0 0 0 pt 0 inp 0 0 10971.835
09-03 16:45:46.718 E/BatteryStatsService(  601): Invalid uid for waking network packet: -1
09-03 16:45:46.721 E/BatteryStatsService(  601): Invalid uid for waking network packet: -1
09-03 16:45:46.723 E/BatteryStatsService(  601): Invalid uid for waking network packet: -1
09-03 16:45:46.725 E/BatteryStatsService(  601): Invalid uid for waking network packet: -1
09-03 16:45:46.733 E/BatteryStatsService(  601): Invalid uid for waking network packet: -1
09-03 16:45:46.734 E/BatteryStatsService(  601): Invalid uid for waking network packet: -1
09-03 16:45:46.735 E/BatteryStatsService(  601): Invalid uid for waking network packet: -1
09-03 16:45:47.773 E/SSRM:DHMS_BASEFRAMEWORK(  601): e = /sys/class/sec/sec-cp-thermistor/temperature: open failed: ENOENT (No such file or directory)
09-03 16:45:47.775 I/SSRM:Temperature(  601): SIOP:: AP : 410 CP : -999 BLK : 428 BAT : 391
09-03 16:45:47.822 E/BatteryStatsService(  601): Invalid uid for waking network packet: -1
09-03 16:45:47.823 E/BatteryStatsService(  601): Invalid uid for waking network packet: -1
09-03 16:45:47.825 E/BatteryStatsService(  601): Invalid uid for waking network packet: -1
09-03 16:45:47.826 E/BatteryStatsService(  601): Invalid uid for waking network packet: -1
09-03 16:45:47.828 E/BatteryStatsService(  601): Invalid uid for waking network packet: -1
09-03 16:45:48.069 I/SurfaceFlinger(  514): SFWD update time=10973352917458
09-03 16:45:48.092 I/system_server(  601): Background concurrent mark compact GC freed 21MB AllocSpace bytes, 121(3120KB) LOS objects, 39% free, 36MB/60MB, paused 9.967ms,24.188ms total 1.360s
09-03 16:45:48.558 D/io_stats(  319): !@ Read_top(KB): c.android.sdhms(1565) 544 .gms.persistent(1288) 32 f2fs_ckpt-254:4(349) 16
09-03 16:45:48.558 D/io_stats(  319): !@ Write_top(KB): c.android.sdhms(1565) 60 f2fs_ckpt-254:4(349) 16 droid.easyMover(17961) 8
09-03 16:45:48.697 D/WifiHAL (  458): GetLinkStatCommand: zero radio case
09-03 16:45:50.641 I/hwservicemanager(  287): getTransport: Cannot find entry android.hardware.memtrack@1.0::IMemtrack/default in either framework or device VINTF manifest.
09-03 16:45:50.650 I/hwservicemanager(  287): getTransport: Cannot find entry android.hardware.memtrack@1.0::IMemtrack/default in either framework or device VINTF manifest.
09-03 16:45:50.650 E/HidlServiceManagement(18768): Service android.hardware.memtrack@1.0::IMemtrack/default must be in VINTF manifest in order to register/get.
09-03 16:45:50.651 E/LegacySupport(18768): Could not register service android.hardware.memtrack@1.0::IMemtrack/default (-2147483648).
09-03 16:45:50.939 D/InetDiagMessage(  601): Destroyed 0 sockets, proto=IPPROTO_TCP, family=AF_INET, states=14
09-03 16:45:50.942 D/InetDiagMessage(  601): Destroyed 0 sockets, proto=IPPROTO_TCP, family=AF_INET6, states=14
09-03 16:45:50.942 D/InetDiagMessage(  601): Destroyed live tcp sockets for uids={10074} in 11ms
09-03 16:45:50.944 D/InetDiagMessage(  601): Destroyed 0 sockets, proto=IPPROTO_TCP, family=AF_INET, states=14
09-03 16:45:50.947 D/InetDiagMessage(  601): Destroyed 0 sockets, proto=IPPROTO_TCP, family=AF_INET6, states=14
09-03 16:45:50.947 D/InetDiagMessage(  601): Destroyed live tcp sockets for uids={20074} in 6ms
09-03 16:45:51.865 D/WifiHAL (  458): GetLinkStatCommand: zero radio case
09-03 16:45:52.566 D/io_stats(  319): !@ 179,0 r 457220 10093524 w 43093 417424 d 8207 615876 f 3240 4342 iot 663408 0 th 0 0 0 pt 0 inp 0 0 10977.849
09-03 16:45:52.567 D/io_stats(  319): !@ Read_top(KB): arable.systemui(1181) 268 kworker/u4:3(18167) 60
09-03 16:45:52.568 D/io_stats(  319): !@ Write_top(KB): kworker/u4:3(18167) 68
09-03 16:45:53.045 E/BatteryDump(  489): !@new_battery_dump : 4378,152,2000,168,88,391,0,Chg,Normal,Good,INBOX_WRL,90,Normal,0,0,9813,205,0,0x20,0x8c,0x0f,0x5e,0x01,0x34,0x00,0x01,0,0,8549,4222,1,1,4829,4737,174,4368,0x02,0,1,0x130,0x80,0x56,143,0x3,0x0,0x0
09-03 16:45:53.060 D/[SS]BattFunctions(  601): [sendRemainingChargingTimeChangedIntent]remainingChargingTime:1860 ,mLastRemainingChargingTime:1866
09-03 16:45:53.072 D/PowerUI ( 1181): onReceive() Received Action =  com.samsung.server.BatteryService.action.SEC_BATTERY_REMAINING_CHARGING_TIME_CHANGED
09-03 16:45:53.072 D/PowerUI ( 1181): onReceive() Unsupported Action 
09-03 16:45:53.073 D/BatteryService(  601): Sending ACTION_BATTERY_CHANGED: level:88, status:2, health:2, ac:false, usb:false, wireless:true, misc:0x0, charge_type:1, charger_type:0, voltage:4378, temperature:391, online:11, current_avg:150, hvc:false, capacity:280000, current_event:0x0, current_now:152, mcc:0, mcv:0, cc:316440, present:true, scale:100, technology:Li-ion
09-03 16:45:53.088 D/PowerUI ( 1181): onReceive() Received Action =  android.intent.action.BATTERY_CHANGED
09-03 16:45:53.089 D/PowerUI ( 1181): plugged=true
09-03 16:45:53.089 I/PowerUI ( 1181): ACTION_BATTERY_CHANGED : mPlugType=4 mBatteryStatus=2
09-03 16:45:53.090 I/PowerUI ( 1181): oldMisalign : false, curMisalign : false
09-03 16:45:53.090 I/PowerUI ( 1181): checkSendBatteryUpdate, sendBatteryData
09-03 16:45:53.097 D/SYSTEM_UI( 1181): BatteryIndicatorPresenter$3.onReceive(19): onReceive() Received Action =  android.intent.action.BATTERY_CHANGED
09-03 16:45:53.098 D/SYSTEM_UI( 1181): BatteryIndicatorPresenter$3.onReceive(103): level          87 --> 88
09-03 16:45:53.099 D/SYSTEM_UI( 1181): BatteryIndicatorPresenter$3.onReceive(130): status         2 --> 2
09-03 16:45:53.099 I/PowerUI ( 1181): maybeShowBatteryWarningV2 plugged=true bucket=1
09-03 16:45:53.100 I/PowerUI.NotificationHelper( 1181): cancelNotification  notificationID = 9009
09-03 16:45:53.106 D/SYSTEM_UI( 1181): BatteryIndicatorPresenter$$ExternalSyntheticLambda0.handleMessage(8): handle msg
09-03 16:45:53.107 D/SYSTEM_UI( 1181): BatteryIndicatorPresenter$$ExternalSyntheticLambda0.handleMessage(36): onBatteryLevelChanged
09-03 16:45:53.107 D/SYSTEM_UI( 1181): BatteryIndicatorPresenter$$ExternalSyntheticLambda0.handleMessage(131): onBatteryLevelChanged() isSomethingChanged! Level:88, PluggedIn:true, Charging:true, BatteryStatus:2
09-03 16:45:53.112 I/PowerUI.LaunchUtils( 1181): callBsApi call BatterySavingSettings in worker thread
09-03 16:45:53.118 I/NfcWirelessCharge( 1164): chargeMode: 4, isWirelessCharging: true
09-03 16:45:53.119 I/WFModule( 1044): [SetViewToggleButtonReceiver$$ExternalSyntheticOutline0] m(13) > begin onBatteryStatusState, isCharging:true
09-03 16:45:53.120 I/AndroidXWFEngine( 1044): [AndroidXWatchFaceEngine] sendSystemState(6) > send system state in sub-thread
09-03 16:45:53.120 I/WFModule( 1044): [WatchFaceModule] onBatteryStatusState(24) > end onBatteryStatusState
09-03 16:45:53.121 I/SecWFOverlayController( 1044): [WatchFaceOverlayModule] onBatteryState(39) > setChargingStatus():: charging : true fullyCharged : false
09-03 16:45:53.121 I/SecWFOverlayController( 1044): [SecWatchFaceOverlayController] updateIcons(8) > updateIcons()::
09-03 16:45:53.121 I/SecWFOverlayController( 1044): [SchoolModeStateImpl$$ExternalSyntheticOutline0] m(8) > locationEnabled: false
09-03 16:45:53.121 I/SecWFOverlayController( 1044): [SecWatchFaceOverlayController] updateChargingIcon(6) > updateChargingIcon()::
09-03 16:45:53.122 I/SecWFOverlayController( 1044): [SecWatchFaceOverlayController] updateAirplaneModeIcon(6) > updateAirplaneModeIcon()::
09-03 16:45:53.122 I/SecWFOverlayController( 1044): [SchoolModeStateImpl$$ExternalSyntheticOutline0] m(8) > update dnd mode: false
09-03 16:45:53.122 I/SecWFOverlayController( 1044): [SecAppsItemSyncManagerImpl$$ExternalSyntheticOutline0] m(9) > Shop demo : 0
09-03 16:45:53.123 I/SecWFOverlayController( 1044): [SecAppsItemSyncManagerImpl$$ExternalSyntheticOutline0] m(9) > SETUP_SKIPPED: 0
09-03 16:45:53.123 I/SecWFOverlayController( 1044): [SetViewToggleButtonReceiver$$ExternalSyntheticOutline0] m(13) > read setting_kids_mode_state: false
09-03 16:45:53.123 W/SecWFOverlayController( 1044): [SecWatchFaceOverlayController] updateIcons(211) > isDeviceManaged: false, deviceType: 1
09-03 16:45:53.123 I/SecWFOverlayController( 1044): [SecWatchFaceOverlayController] updateIcons(221) > BT disconnect icon is displayed.
09-03 16:45:53.124 I/SecWFOverlayController( 1044): [SecWatchFaceOverlayController] updateIcons(246) > updateModes() ::
09-03 16:45:53.124 I/SecWFOverlayController( 1044): [SecWatchFaceOverlayController] updateIcons(325) > updateStaminaModeIcon
09-03 16:45:53.124 I/wpa_supplicant( 1095): Heartbeat 1076
09-03 16:45:53.125 I/AndroidXWFEngine( 1044): [AndroidXWatchFaceEngine$$ExternalSyntheticLambda0] run(28) > begin sendSystemStateInternal, WatchFaceSystemState{inAmbientMode=false, interruptionFilter=0, unreadNotificationCount=0, notificationCount=8, statusIndicator=Optional.absent()}
09-03 16:45:53.126 I/AndroidXWFEngine( 1044): [AndroidXWatchFaceEngine$$ExternalSyntheticLambda0] run(66) > end sendSystemStateInternal
09-03 16:45:53.129 I/SecWFOverlayController( 1044): [SecWatchFaceOverlayController] updateIcons(380) > [{CHARGING, true}]
09-03 16:45:53.131 I/SecStatusIndicatorsContainer( 1044): [SecStatusIndicatorsContainer] setColor(17) > bgColor: null, iconColor: null
09-03 16:45:53.132 I/SecStatusIndicatorsContainer( 1044): [SecStatusIndicatorsContainer] setColor(17) > bgColor: null, iconColor: null
09-03 16:45:53.137 D/ActivityManager(  601): sync unfroze 15885 com.samsung.android.batterysavingsettings for 7
09-03 16:45:53.145 I/Bss.BatteryDataBsApi(15885): API send_battery_info_data
09-03 16:45:53.145 D/AdaptiveBrightnessLongtermModelBuilder(  601): Received android.intent.action.BATTERY_CHANGED
09-03 16:45:53.145 I/Bss.BatteryDataManager(15885): getDeviceBatteryItem
09-03 16:45:53.152 I/RutCore (  601): getRemainingUsageTime: mode(0), time(926)
09-03 16:45:53.155 E/bt_hf_client( 1193): system/bta/hf_client/bta_hf_client_at.cc:1954 bta_hf_client_send_at_biev: HF indicators 2 is disabled
09-03 16:45:53.157 W/SysUI   ( 1044): [SecWatchFaceOverlayController] updateIcons(505) > [SALogUtil] sending Samsung analytics logs: HM0007
09-03 16:45:53.158 I/RutCore (  601): getRemainingUsageTime: mode(1), time(1389)
09-03 16:45:53.163 I/RutCore (  601): getRemainingUsageTime: mode(full), time(1053)
09-03 16:45:53.163 D/ActivityManager(  601): sync unfroze 1740 com.sec.android.diagmonagent for 7
09-03 16:45:53.165 I/Bss.ChargingTimeUtils(15885): battery RUT : 1053, Mode : 3
09-03 16:45:53.166 I/Bss.BatteryDataManager(15885): DeviceBatteryItem
09-03 16:45:53.166 I/Bss.BatteryDataManager(15885): batteryLevel : 88
09-03 16:45:53.166 I/Bss.BatteryDataManager(15885): batteryStatus : 2
09-03 16:45:53.166 I/Bss.BatteryDataManager(15885): usedTimeSinceLastCharge : 39684692000
09-03 16:45:53.166 I/Bss.BatteryDataManager(15885): remainingChargeTime : 1860000
09-03 16:45:53.166 I/Bss.BatteryDataManager(15885): remainingUsageTime : 926
09-03 16:45:53.166 I/Bss.BatteryDataManager(15885): remainingUsageTimeInPowerSaveMode : 1389
09-03 16:45:53.166 I/Bss.BatteryDataManager(15885): psmStatus : false
09-03 16:45:53.166 I/Bss.BatteryDataManager(15885): psmControlRestricted : 0
09-03 16:45:53.166 I/Bss.BatteryDataManager(15885): totalUsage : 0.0
09-03 16:45:53.166 I/Bss.BatteryDataManager(15885): totalDischarge : 0.0
09-03 16:45:53.166 I/Bss.BatteryDataManager(15885): usageTimeForFullCharge : 1053
09-03 16:45:53.166 I/Bss.BatteryDataManager(15885): isProtectedFully : false
09-03 16:45:53.166 I/Bss.BatteryDataBsApi(15885): oldPlugType = 4 , current plug type = 4
09-03 16:45:53.166 I/Bss.BatteryDataBsApi(15885): oldBatteryStatus = 2 , current battery status = 2
09-03 16:45:53.166 I/Bss.BatteryDataBsApi(15885): oldBatteryLevel = 87 , current battery level = 88
09-03 16:45:53.166 I/Bss.BatteryDataBsApi(15885): oldProtectedStatus = false , current protected status = false
09-03 16:45:53.167 I/Bss.BsApiProvider(15885): send_battery_info_data from com.google.android.apps.wearable.systemui 1788434153167
09-03 16:45:53.175 E/ActivityManager(  601): Sending non-protected broadcast android.support.wearable.complications.ACTION_REQUEST_UPDATE_ALL from system 1044:com.samsung.android.wearable.sysui/u0a16 pkg com.samsung.android.wearable.sysui
09-03 16:45:53.175 E/ActivityManager(  601): java.lang.Throwable
09-03 16:45:53.175 E/ActivityManager(  601): 	at com.android.server.am.BroadcastController.checkBroadcastFromSystem(qb/112629584 da2668213873155c075611debd402b75647f9519ec8764a6d2524f2906c44dbd:221)
09-03 16:45:53.175 E/ActivityManager(  601): 	at com.android.server.am.BroadcastController.broadcastIntentLockedTraced(qb/112629584 da2668213873155c075611debd402b75647f9519ec8764a6d2524f2906c44dbd:337)
09-03 16:45:53.175 E/ActivityManager(  601): 	at com.android.server.am.BroadcastController.broadcastIntentLocked(qb/112629584 da2668213873155c075611debd402b75647f9519ec8764a6d2524f2906c44dbd:18)
09-03 16:45:53.175 E/ActivityManager(  601): 	at com.android.server.am.ActivityManagerService.broadcastIntentWithFeature(qb/112629584 da2668213873155c075611debd402b75647f9519ec8764a6d2524f2906c44dbd:145)
09-03 16:45:53.175 E/ActivityManager(  601): 	at android.app.IActivityManager$Stub.onTransact$broadcastIntentWithFeature$(IActivityManager.java:11258)
09-03 16:45:53.175 E/ActivityManager(  601): 	at android.app.IActivityManager$Stub.onTransact(IActivityManager.java:2950)
09-03 16:45:53.175 E/ActivityManager(  601): 	at com.android.server.am.ActivityManagerService.onTransact(qb/112629584 da2668213873155c075611debd402b75647f9519ec8764a6d2524f2906c44dbd:286)
09-03 16:45:53.175 E/ActivityManager(  601): 	at android.os.Binder.execTransactInternal(Binder.java:1426)
09-03 16:45:53.175 E/ActivityManager(  601): 	at android.os.Binder.execTransact(Binder.java:1365)
09-03 16:45:53.175 I/DMASA[S]( 1740): [a]check quota : 4Q5-399-1001005
09-03 16:45:53.176 I/DMASA[S]( 1740): [b]4Q5-399-1001005 remain quota : 744
09-03 16:45:53.178 I/DMASA[S]( 1740): [a]Receive log ok : 4Q5-399-1001005
09-03 16:45:53.605 I/Watchface( 1109): [ModelBattery] action:android.intent.action.BATTERY_CHANGED
09-03 16:45:53.606 I/Watchface( 1109): [ModelBattery] scale[100] level[88] status[2] isCharging[true] batteryLow[false]
09-03 16:45:53.607 I/Watchface( 1109): [ModelBattery] updatedValues.put BATTERY_LEVEL[88]
09-03 16:45:53.607 I/Watchface( 1109): [ModelBattery] updatedValues.put BATTERY_PERCENT[88]
09-03 16:45:53.607 I/Watchface( 1109): [ModelBattery] putAll to pendingUpdatedValues!! size:2
09-03 16:45:53.623 D/WearServices( 1056): [UpdateRequestReceiver]UpdateRequestReceiver received an update intent: Intent { act=android.support.wearable.complications.ACTION_REQUEST_UPDATE_ALL flg=0x10 pkg=com.google.wear.services (has extras) }
09-03 16:45:53.669 E/BatteryStatsService(  601): Invalid uid for waking network packet: -1
09-03 16:45:53.671 E/BatteryStatsService(  601): Invalid uid for waking network packet: -1
09-03 16:45:53.673 E/BatteryStatsService(  601): Invalid uid for waking network packet: -1
09-03 16:45:53.674 E/BatteryStatsService(  601): Invalid uid for waking network packet: -1
09-03 16:45:54.470 I/adbd    ( 1489): New TLS connection [fd=25]
09-03 16:45:54.474 I/adbd    ( 1489): host-25: write thread spawning
09-03 16:45:54.474 I/adbd    ( 1489): host-25: read thread spawning
09-03 16:45:54.474 I/adbd    ( 1489): host-25: read failed: Success
09-03 16:45:54.475 I/adbd    ( 1489): host-25: connection terminated: read failed
09-03 16:45:54.475 I/adbd    ( 1489): BlockingConnectionAdapter(host-25): stopping
09-03 16:45:54.477 I/adbd    ( 1489): BlockingConnectionAdapter(host-25): stopped
09-03 16:45:54.477 I/adbd    ( 1489): BlockingConnectionAdapter(host-25): destructing
09-03 16:45:54.477 I/adbd    ( 1489): BlockingConnectionAdapter(host-25): already stopped
09-03 16:45:54.573 D/io_stats(  319): !@ 179,0 r 457220 10093524 w 43106 417480 d 8207 615876 f 3240 4343 iot 663440 0 th 0 0 0 pt 0 inp 0 0 10979.856
09-03 16:45:55.023 D/WifiHAL (  458): GetLinkStatCommand: zero radio case
09-03 16:45:55.489 E/BatteryStatsService(  601): Invalid uid for waking network packet: -1
09-03 16:45:55.491 E/BatteryStatsService(  601): Invalid uid for waking network packet: -1
09-03 16:45:55.494 E/BatteryStatsService(  601): Invalid uid for waking network packet: -1
09-03 16:45:55.497 E/BatteryStatsService(  601): Invalid uid for waking network packet: -1
09-03 16:45:55.499 E/BatteryStatsService(  601): Invalid uid for waking network packet: -1
09-03 16:45:55.502 E/BatteryStatsService(  601): Invalid uid for waking network packet: -1
09-03 16:45:55.692 I/hwservicemanager(  287): getTransport: Cannot find entry android.hardware.memtrack@1.0::IMemtrack/default in either framework or device VINTF manifest.
09-03 16:45:55.701 I/hwservicemanager(  287): getTransport: Cannot find entry android.hardware.memtrack@1.0::IMemtrack/default in either framework or device VINTF manifest.
09-03 16:45:55.702 E/HidlServiceManagement(18773): Service android.hardware.memtrack@1.0::IMemtrack/default must be in VINTF manifest in order to register/get.
09-03 16:45:55.702 E/LegacySupport(18773): Could not register service android.hardware.memtrack@1.0::IMemtrack/default (-2147483648).
09-03 16:45:56.578 D/io_stats(  319): !@ Write_top(KB): id.diagmonagent(1740) 28 vendor.samsung.(489) 16 arable.systemui(1181) 8
09-03 16:45:56.578 E/BatteryStatsService(  601): Invalid uid for waking network packet: -1
09-03 16:45:56.582 E/BatteryStatsService(  601): Invalid uid for waking network packet: -1
09-03 16:45:56.584 E/BatteryStatsService(  601): Invalid uid for waking network packet: -1
09-03 16:45:56.587 E/BatteryStatsService(  601): Invalid uid for waking network packet: -1
09-03 16:45:56.589 E/BatteryStatsService(  601): Invalid uid for waking network packet: -1
09-03 16:45:56.591 E/BatteryStatsService(  601): Invalid uid for waking network packet: -1
09-03 16:45:56.594 E/BatteryStatsService(  601): Invalid uid for waking network packet: -1
09-03 16:45:57.760 E/BatteryStatsService(  601): Invalid uid for waking network packet: -1
09-03 16:45:57.764 E/BatteryStatsService(  601): Invalid uid for waking network packet: -1
09-03 16:45:57.830 E/SSRM:DHMS_BASEFRAMEWORK(  601): e = /sys/class/sec/sec-cp-thermistor/temperature: open failed: ENOENT (No such file or directory)
09-03 16:45:57.838 I/SSRM:Temperature(  601): SIOP:: AP : 409 CP : -999 BLK : 429 BAT : 391
09-03 16:45:58.182 D/WifiHAL (  458): GetLinkStatCommand: zero radio case
09-03 16:45:59.391 E/BatteryStatsService(  601): Invalid uid for waking network packet: -1
09-03 16:45:59.395 E/BatteryStatsService(  601): Invalid uid for waking network packet: -1
09-03 16:45:59.398 E/BatteryStatsService(  601): Invalid uid for waking network packet: -1
09-03 16:45:59.400 E/BatteryStatsService(  601): Invalid uid for waking network packet: -1
09-03 16:45:59.402 E/BatteryStatsService(  601): Invalid uid for waking network packet: -1
09-03 16:45:59.404 E/BatteryStatsService(  601): Invalid uid for waking network packet: -1
09-03 16:46:00.050 E/BatteryStatsService(  601): Invalid uid for waking network packet: -1
09-03 16:46:00.053 E/BatteryStatsService(  601): Invalid uid for waking network packet: -1
09-03 16:46:00.055 E/BatteryStatsService(  601): Invalid uid for waking network packet: -1
09-03 16:46:00.058 E/BatteryStatsService(  601): Invalid uid for waking network packet: -1
09-03 16:46:00.060 E/BatteryStatsService(  601): Invalid uid for waking network packet: -1
09-03 16:46:00.062 E/BatteryStatsService(  601): Invalid uid for waking network packet: -1
09-03 16:46:00.064 E/BatteryStatsService(  601): Invalid uid for waking network packet: -1
09-03 16:46:00.067 E/BatteryStatsService(  601): Invalid uid for waking network packet: -1
09-03 16:46:00.693 I/hwservicemanager(  287): getTransport: Cannot find entry android.hardware.memtrack@1.0::IMemtrack/default in either framework or device VINTF manifest.
09-03 16:46:00.711 I/hwservicemanager(  287): getTransport: Cannot find entry android.hardware.memtrack@1.0::IMemtrack/default in either framework or device VINTF manifest.
09-03 16:46:00.712 E/HidlServiceManagement(18774): Service android.hardware.memtrack@1.0::IMemtrack/default must be in VINTF manifest in order to register/get.
09-03 16:46:00.712 E/LegacySupport(18774): Could not register service android.hardware.memtrack@1.0::IMemtrack/default (-2147483648).
09-03 16:46:01.281 E/BatteryStatsService(  601): Invalid uid for waking network packet: -1
09-03 16:46:01.284 E/BatteryStatsService(  601): Invalid uid for waking network packet: -1
09-03 16:46:01.291 E/BatteryStatsService(  601): Invalid uid for waking network packet: -1
09-03 16:46:01.294 E/BatteryStatsService(  601): Invalid uid for waking network packet: -1
09-03 16:46:01.347 D/WifiHAL (  458): GetLinkStatCommand: zero radio case
09-03 16:46:03.102 E/BatteryStatsService(  601): Invalid uid for waking network packet: -1
09-03 16:46:03.106 E/BatteryDump(  489): !@new_battery_dump : 4360,130,2000,168,88,391,0,Chg,Normal,Good,INBOX_WRL,90,Normal,0,0,9792,205,0,0x86,0x8b,0x0f,0x5e,0x01,0x34,0x00,0x01,0,0,8559,4223,1,1,4834,4737,173,4389,0x11,0,2,0x130,0x80,0x56,143,0x3,0x0,0x0
09-03 16:46:03.111 E/Watchdog(  601): !@Sync: 366 heap: 38 / 60 FD: 759 [2026-09-03 16:46:03.109]
09-03 16:46:03.114 D/[SS]BattFunctions(  601): [sendRemainingChargingTimeChangedIntent]remainingChargingTime:1847 ,mLastRemainingChargingTime:1860
09-03 16:46:03.120 D/BatteryService(  601): Sending ACTION_BATTERY_CHANGED: level:88, status:2, health:2, ac:false, usb:false, wireless:true, misc:0x0, charge_type:1, charger_type:0, voltage:4360, temperature:391, online:11, current_avg:146, hvc:false, capacity:280000, current_event:0x0, current_now:130, mcc:0, mcv:0, cc:316800, present:true, scale:100, technology:Li-ion
09-03 16:46:03.121 D/PowerUI ( 1181): onReceive() Received Action =  com.samsung.server.BatteryService.action.SEC_BATTERY_REMAINING_CHARGING_TIME_CHANGED
09-03 16:46:03.122 D/PowerUI ( 1181): onReceive() Unsupported Action 
09-03 16:46:03.126 I/wpa_supplicant( 1095): Heartbeat 1077
09-03 16:46:03.130 D/PowerUI ( 1181): onReceive() Received Action =  android.intent.action.BATTERY_CHANGED
09-03 16:46:03.131 D/PowerUI ( 1181): plugged=true
09-03 16:46:03.131 I/PowerUI ( 1181): ACTION_BATTERY_CHANGED : mPlugType=4 mBatteryStatus=2
09-03 16:46:03.131 I/PowerUI ( 1181): oldMisalign : false, curMisalign : false
09-03 16:46:03.131 I/PowerUI ( 1181): maybeShowBatteryWarningV2 plugged=true bucket=1
09-03 16:46:03.131 I/PowerUI.NotificationHelper( 1181): cancelNotification  notificationID = 9009
09-03 16:46:03.134 D/SYSTEM_UI( 1181): BatteryIndicatorPresenter$3.onReceive(19): onReceive() Received Action =  android.intent.action.BATTERY_CHANGED
09-03 16:46:03.135 D/SYSTEM_UI( 1181): BatteryIndicatorPresenter$3.onReceive(103): level          88 --> 88
09-03 16:46:03.135 D/SYSTEM_UI( 1181): BatteryIndicatorPresenter$3.onReceive(130): status         2 --> 2
09-03 16:46:03.145 D/AdaptiveBrightnessLongtermModelBuilder(  601): Received android.intent.action.BATTERY_CHANGED
09-03 16:46:03.151 I/NfcWirelessCharge( 1164): chargeMode: 4, isWirelessCharging: true
09-03 16:46:03.638 I/Watchface( 1109): [ModelBattery] action:android.intent.action.BATTERY_CHANGED
09-03 16:46:03.639 I/Watchface( 1109): [ModelBattery] scale[100] level[88] status[2] isCharging[true] batteryLow[false]
09-03 16:46:03.639 I/Watchface( 1109): [ModelBattery] putAll to pendingUpdatedValues!! size:2
09-03 16:46:04.225 E/BatteryStatsService(  601): Invalid uid for waking network packet: -1
09-03 16:46:04.227 E/BatteryStatsService(  601): Invalid uid for waking network packet: -1
09-03 16:46:04.234 E/BatteryStatsService(  601): Invalid uid for waking network packet: -1
09-03 16:46:04.236 E/BatteryStatsService(  601): Invalid uid for waking network packet: -1
09-03 16:46:04.239 E/BatteryStatsService(  601): Invalid uid for waking network packet: -1
09-03 16:46:04.495 D/WifiHAL (  458): GetLinkStatCommand: zero radio case
09-03 16:46:04.594 D/io_stats(  319): !@ 179,0 r 457220 10093524 w 43108 417488 d 8207 615876 f 3240 4343 iot 663448 0 th 0 0 0 pt 0 inp 0 0 10989.877
09-03 16:46:04.595 D/io_stats(  319): !@ Write_top(KB): vendor.samsung.(489) 8
09-03 16:46:05.344 E/BatteryStatsService(  601): Invalid uid for waking network packet: -1
09-03 16:46:05.347 E/BatteryStatsService(  601): Invalid uid for waking network packet: -1
09-03 16:46:05.350 E/BatteryStatsService(  601): Invalid uid for waking network packet: -1
09-03 16:46:05.352 E/BatteryStatsService(  601): Invalid uid for waking network packet: -1
09-03 16:46:05.358 E/BatteryStatsService(  601): Invalid uid for waking network packet: -1
09-03 16:46:05.360 E/BatteryStatsService(  601): Invalid uid for waking network packet: -1
09-03 16:46:05.362 E/BatteryStatsService(  601): Invalid uid for waking network packet: -1
09-03 16:46:05.723 I/hwservicemanager(  287): getTransport: Cannot find entry android.hardware.memtrack@1.0::IMemtrack/default in either framework or device VINTF manifest.
09-03 16:46:05.732 I/hwservicemanager(  287): getTransport: Cannot find entry android.hardware.memtrack@1.0::IMemtrack/default in either framework or device VINTF manifest.
09-03 16:46:05.733 E/HidlServiceManagement(18775): Service android.hardware.memtrack@1.0::IMemtrack/default must be in VINTF manifest in order to register/get.
09-03 16:46:05.733 E/LegacySupport(18775): Could not register service android.hardware.memtrack@1.0::IMemtrack/default (-2147483648).
09-03 16:46:06.598 D/io_stats(  319): !@ 179,0 r 457220 10093524 w 43108 417488 d 8210 622020 f 3240 4343 iot 663468 0 th 0 0 0 pt 0 inp 0 0 10991.882
09-03 16:46:06.757 I/adbd    ( 1489): New TLS connection [fd=25]
09-03 16:46:06.761 I/adbd    ( 1489): host-25: read thread spawning
09-03 16:46:06.762 I/adbd    ( 1489): host-25: read failed: Success
09-03 16:46:06.762 I/adbd    ( 1489): host-25: connection terminated: read failed
09-03 16:46:06.762 I/adbd    ( 1489): BlockingConnectionAdapter(host-25): stopping
09-03 16:46:06.763 I/adbd    ( 1489): host-25: write thread spawning
09-03 16:46:06.764 I/adbd    ( 1489): BlockingConnectionAdapter(host-25): stopped
09-03 16:46:06.764 I/adbd    ( 1489): BlockingConnectionAdapter(host-25): destructing
09-03 16:46:06.764 I/adbd    ( 1489): BlockingConnectionAdapter(host-25): already stopped
09-03 16:46:06.785 E/BatteryStatsService(  601): Invalid uid for waking network packet: -1
09-03 16:46:06.788 E/BatteryStatsService(  601): Invalid uid for waking network packet: -1
09-03 16:46:06.790 E/BatteryStatsService(  601): Invalid uid for waking network packet: -1
09-03 16:46:06.793 E/BatteryStatsService(  601): Invalid uid for waking network packet: -1
09-03 16:46:06.795 E/BatteryStatsService(  601): Invalid uid for waking network packet: -1
09-03 16:46:06.801 E/BatteryStatsService(  601): Invalid uid for waking network packet: -1
09-03 16:46:07.645 D/WifiHAL (  458): GetLinkStatCommand: zero radio case
09-03 16:46:07.865 E/SSRM:DHMS_BASEFRAMEWORK(  601): e = /sys/class/sec/sec-cp-thermistor/temperature: open failed: ENOENT (No such file or directory)
09-03 16:46:07.874 I/SSRM:Temperature(  601): SIOP:: AP : 409 CP : -999 BLK : 429 BAT : 391
09-03 16:46:08.038 E/BatteryStatsService(  601): Invalid uid for waking network packet: -1
09-03 16:46:08.041 E/BatteryStatsService(  601): Invalid uid for waking network packet: -1
09-03 16:46:08.044 E/BatteryStatsService(  601): Invalid uid for waking network packet: -1
09-03 16:46:08.046 E/BatteryStatsService(  601): Invalid uid for waking network packet: -1
09-03 16:46:08.049 E/BatteryStatsService(  601): Invalid uid for waking network packet: -1
09-03 16:46:08.051 E/BatteryStatsService(  601): Invalid uid for waking network packet: -1
09-03 16:46:08.053 E/BatteryStatsService(  601): Invalid uid for waking network packet: -1
09-03 16:46:08.055 E/BatteryStatsService(  601): Invalid uid for waking network packet: -1
09-03 16:46:08.670 E/BatteryStatsService(  601): Invalid uid for waking network packet: -1
09-03 16:46:08.674 E/BatteryStatsService(  601): Invalid uid for waking network packet: -1
09-03 16:46:08.676 E/BatteryStatsService(  601): Invalid uid for waking network packet: -1
09-03 16:46:08.678 E/BatteryStatsService(  601): Invalid uid for waking network packet: -1
09-03 16:46:08.680 E/BatteryStatsService(  601): Invalid uid for waking network packet: -1
09-03 16:46:08.682 E/BatteryStatsService(  601): Invalid uid for waking network packet: -1
09-03 16:46:08.685 E/BatteryStatsService(  601): Invalid uid for waking network packet: -1
09-03 16:46:09.587 E/BatteryStatsService(  601): Invalid uid for waking network packet: -1
09-03 16:46:09.591 E/BatteryStatsService(  601): Invalid uid for waking network packet: -1
09-03 16:46:09.594 E/BatteryStatsService(  601): Invalid uid for waking network packet: -1
09-03 16:46:09.596 E/BatteryStatsService(  601): Invalid uid for waking network packet: -1
09-03 16:46:09.599 E/BatteryStatsService(  601): Invalid uid for waking network packet: -1
09-03 16:46:09.602 E/BatteryStatsService(  601): Invalid uid for waking network packet: -1
09-03 16:46:09.604 E/BatteryStatsService(  601): Invalid uid for waking network packet: -1
09-03 16:46:09.606 E/BatteryStatsService(  601): Invalid uid for waking network packet: -1
09-03 16:46:10.493 E/BatteryStatsService(  601): Invalid uid for waking network packet: -1
09-03 16:46:10.496 E/BatteryStatsService(  601): Invalid uid for waking network packet: -1
09-03 16:46:10.499 E/BatteryStatsService(  601): Invalid uid for waking network packet: -1
09-03 16:46:10.501 E/BatteryStatsService(  601): Invalid uid for waking network packet: -1
09-03 16:46:10.503 E/BatteryStatsService(  601): Invalid uid for waking network packet: -1
09-03 16:46:10.506 E/BatteryStatsService(  601): Invalid uid for waking network packet: -1
09-03 16:46:10.508 E/BatteryStatsService(  601): Invalid uid for waking network packet: -1
09-03 16:46:10.510 E/BatteryStatsService(  601): Invalid uid for waking network packet: -1
09-03 16:46:10.754 I/hwservicemanager(  287): getTransport: Cannot find entry android.hardware.memtrack@1.0::IMemtrack/default in either framework or device VINTF manifest.
09-03 16:46:10.760 D/WifiHAL (  458): GetLinkStatCommand: zero radio case
09-03 16:46:10.762 I/hwservicemanager(  287): getTransport: Cannot find entry android.hardware.memtrack@1.0::IMemtrack/default in either framework or device VINTF manifest.
09-03 16:46:10.763 E/HidlServiceManagement(18778): Service android.hardware.memtrack@1.0::IMemtrack/default must be in VINTF manifest in order to register/get.
09-03 16:46:10.763 E/LegacySupport(18778): Could not register service android.hardware.memtrack@1.0::IMemtrack/default (-2147483648).
09-03 16:46:11.370 E/BatteryStatsService(  601): Invalid uid for waking network packet: -1
09-03 16:46:11.377 I/adbd    ( 1489): New TLS connection [fd=25]
09-03 16:46:11.380 E/BatteryStatsService(  601): Invalid uid for waking network packet: -1
09-03 16:46:11.383 E/BatteryStatsService(  601): Invalid uid for waking network packet: -1
09-03 16:46:11.383 I/adbd    ( 1489): host-25: write thread spawning
09-03 16:46:11.383 I/adbd    ( 1489): host-25: read thread spawning
09-03 16:46:11.384 I/adbd    ( 1489): host-25: read failed: Success
09-03 16:46:11.384 E/BatteryStatsService(  601): Invalid uid for waking network packet: -1
09-03 16:46:11.384 I/adbd    ( 1489): host-25: connection terminated: read failed
09-03 16:46:11.384 I/adbd    ( 1489): BlockingConnectionAdapter(host-25): stopping
09-03 16:46:11.385 E/BatteryStatsService(  601): Invalid uid for waking network packet: -1
09-03 16:46:11.385 I/adbd    ( 1489): BlockingConnectionAdapter(host-25): stopped
09-03 16:46:11.386 I/adbd    ( 1489): BlockingConnectionAdapter(host-25): destructing
09-03 16:46:11.386 I/adbd    ( 1489): BlockingConnectionAdapter(host-25): already stopped
09-03 16:46:11.387 E/BatteryStatsService(  601): Invalid uid for waking network packet: -1
09-03 16:46:11.388 E/BatteryStatsService(  601): Invalid uid for waking network packet: -1
09-03 16:46:12.611 D/io_stats(  319): !@ 179,0 r 457220 10093524 w 43110 417496 d 8289 623412 f 3240 4343 iot 663536 0 th 0 0 0 pt 0 inp 0 0 10997.895
09-03 16:46:12.613 D/io_stats(  319): !@ Write_top(KB): kworker/u4:3(18167) 8
09-03 16:46:12.767 E/BatteryStatsService(  601): Invalid uid for waking network packet: -1
09-03 16:46:12.770 E/BatteryStatsService(  601): Invalid uid for waking network packet: -1
09-03 16:46:12.772 E/BatteryStatsService(  601): Invalid uid for waking network packet: -1
09-03 16:46:12.778 E/BatteryStatsService(  601): Invalid uid for waking network packet: -1
09-03 16:46:12.780 E/BatteryStatsService(  601): Invalid uid for waking network packet: -1
09-03 16:46:13.129 I/wpa_supplicant( 1095): Heartbeat 1078
09-03 16:46:13.132 E/BatteryDump(  489): !@new_battery_dump : 4381,152,2000,168,88,391,0,Chg,Normal,Good,INBOX_WRL,90,Normal,0,0,9792,205,0,0x36,0x8c,0x0f,0x5e,0x01,0x34,0x00,0x01,0,0,8571,4224,1,1,4839,4732,174,4382,0x11,0,2,0x130,0x80,0x56,143,0x3,0x0,0x0
09-03 16:46:13.146 D/[SS]BattFunctions(  601): [sendRemainingChargingTimeChangedIntent]remainingChargingTime:1823 ,mLastRemainingChargingTime:1847
09-03 16:46:13.147 D/BatteryService(  601): Sending ACTION_BATTERY_CHANGED: level:88, status:2, health:2, ac:false, usb:false, wireless:true, misc:0x0, charge_type:1, charger_type:0, voltage:4381, temperature:391, online:11, current_avg:146, hvc:false, capacity:280000, current_event:0x0, current_now:152, mcc:0, mcv:0, cc:317160, present:true, scale:100, technology:Li-ion
09-03 16:46:13.168 D/PowerUI ( 1181): onReceive() Received Action =  com.samsung.server.BatteryService.action.SEC_BATTERY_REMAINING_CHARGING_TIME_CHANGED
09-03 16:46:13.168 D/PowerUI ( 1181): onReceive() Unsupported Action 
09-03 16:46:13.179 D/AdaptiveBrightnessLongtermModelBuilder(  601): Received android.intent.action.BATTERY_CHANGED
09-03 16:46:13.182 D/PowerUI ( 1181): onReceive() Received Action =  android.intent.action.BATTERY_CHANGED
09-03 16:46:13.182 D/PowerUI ( 1181): plugged=true
09-03 16:46:13.183 I/PowerUI ( 1181): ACTION_BATTERY_CHANGED : mPlugType=4 mBatteryStatus=2
09-03 16:46:13.183 I/PowerUI ( 1181): oldMisalign : false, curMisalign : false
09-03 16:46:13.183 I/PowerUI ( 1181): maybeShowBatteryWarningV2 plugged=true bucket=1
09-03 16:46:13.183 I/PowerUI.NotificationHelper( 1181): cancelNotification  notificationID = 9009
09-03 16:46:13.185 D/SYSTEM_UI( 1181): BatteryIndicatorPresenter$3.onReceive(19): onReceive() Received Action =  android.intent.action.BATTERY_CHANGED
09-03 16:46:13.186 D/SYSTEM_UI( 1181): BatteryIndicatorPresenter$3.onReceive(103): level          88 --> 88
09-03 16:46:13.186 D/SYSTEM_UI( 1181): BatteryIndicatorPresenter$3.onReceive(130): status         2 --> 2
09-03 16:46:13.197 I/NfcWirelessCharge( 1164): chargeMode: 4, isWirelessCharging: true
09-03 16:46:13.662 I/Watchface( 1109): [ModelBattery] action:android.intent.action.BATTERY_CHANGED
09-03 16:46:13.663 I/Watchface( 1109): [ModelBattery] scale[100] level[88] status[2] isCharging[true] batteryLow[false]
09-03 16:46:13.663 I/Watchface( 1109): [ModelBattery] putAll to pendingUpdatedValues!! size:2
09-03 16:46:13.876 D/WifiHAL (  458): GetLinkStatCommand: zero radio case
09-03 16:46:14.592 E/BatteryStatsService(  601): Invalid uid for waking network packet: -1
09-03 16:46:14.599 E/BatteryStatsService(  601): Invalid uid for waking network packet: -1
09-03 16:46:14.617 D/io_stats(  319): !@ 179,0 r 457220 10093524 w 43112 417504 d 8289 623412 f 3240 4343 iot 663540 0 th 0 0 0 pt 0 inp 0 0 10999.900
09-03 16:46:14.838 I/bt_btm_pm( 1193): system/stack/acl/btm_pm.cc:720 btm_pm_proc_mode_change: Power mode switched from immediate:sniff[2] to immediate:active[0]
09-03 16:46:15.325 D/ActivityManager(  601): sync unfroze 17669 com.samsung.android.clientconnection for 6
09-03 16:46:15.344 W/ProcessStats(  601): Tracking association SourceState{d6c2dea com.google.android.gms.persistent/10126 BTop #8810} whose proc state 2 is better than process ProcessState{116e77c com.samsung.android.clientconnection/1000 pkg=com.samsung.android.clientconnection} proc state 15 (14 skipped)
09-03 16:46:15.345 W/ActivityManager(  601): pid 1288 com.google.android.gms.persistent sent binder code 18 with flags 2 to frozen apps and got error -74
09-03 16:46:15.348 D/ActivityManager(  601): sync unfroze 4653 com.samsung.android.wear.smartswitchassistant for 10
09-03 16:46:15.349 D/ActivityManager(  601): sync unfroze 4232 com.wssyncmldm for 10
09-03 16:46:15.369 I/HeadsetClientStateMachine( 1193): queryCallsUpdate id[1], state [4]
09-03 16:46:15.370 I/HeadsetClientStateMachine( 1193): [1] s4 o false m false
09-03 16:46:15.373 I/HeadsetClientStateMachine( 1193): sendCallChangedIntent HfpClientCall{mDevice: XX:XX:XX:XX:71:14, mId: 1, mUUID: 64681e54-2d23-4827-b066-6f0731d6c389, mState: INCOMING, mNumber: -1102342234, mMultiParty: false, mOutgoing: false, mInBandRing: false}Call size (1)
09-03 16:46:15.379 I/ClientConnection: HfpClientBroadcastReceiver(17669): onReceive: android.bluetooth.headsetclient.profile.action.AG_CALL_CHANGED
09-03 16:46:15.379 W/ContextImpl(17669): Calling a method in the system process without a qualified user: android.app.ContextImpl.bindService:2096 android.content.ContextWrapper.bindService:896 com.google.android.gms.wearable.zzn.zzb:3 com.google.android.gms.wearable.zzn.dispatchMessageTraced:1 com.google.android.gms.libs.punchclock.threads.TracingHandler.dispatchMessage:1 
09-03 16:46:15.389 I/ClientConnection: NearByChecker(17669): isNearBy: true
09-03 16:46:15.389 I/ClientConnection: DataLayerListenerService(17669): onDataChanged : /c_callservice/info uri: wear://38aca487/c_callservice/info
09-03 16:46:15.389 E/HfpClientConnectionService( 1193): onCallChanged: HFP Client Connection Service not started
09-03 16:46:15.399 I/ClientConnection: PhoneAccountManager(17669): getPhoneAccountType: PHONE_ACCOUNT_HFP
09-03 16:46:15.399 I/ClientConnection: ClientConnectionManager(17669): hfpCallInfoChanged : mClientConnections is empty
09-03 16:46:15.402 I/ClientConnection: HfpClientConnService(17669): onCreate: com.samsung.android.clientconnection.hfp.HfpClientConnectionService@82d3be4
09-03 16:46:15.404 I/ClientConnection: HfpClientConnService(17669): onStartCommand: start - startId = 1
09-03 16:46:15.404 I/ClientConnection: HfpClientConnService(17669): waiting for headset and headset client profiles comes up
09-03 16:46:15.404 I/ClientConnection: HfpClientConnService(17669): onStartCommand: keepRunning = truestartId end : 1
09-03 16:46:15.411 I/ClientConnection: HfpClientConnService(17669): onServiceConnected, 16
09-03 16:46:15.414 I/ClientConnection: HfpClientConnService(17669): onServiceConnected, 1
09-03 16:46:15.414 I/ClientConnection: HfpClientConnService(17669): sendActionHandlePending:
09-03 16:46:15.419 I/ClientConnection: HfpClientConnService(17669): onStartCommand: start - startId = 2
09-03 16:46:15.419 I/ClientConnection: HfpClientConnService(17669): handling intent since headset and headset client profiles is up
09-03 16:46:15.419 I/ClientConnection: HfpClientConnService(17669): handleIntent android.bluetooth.headsetclient.profile.action.AG_CALL_CHANGED
09-03 16:46:15.427 I/ClientConnection: HfpClientConnService(17669): Got call BluetoothHeadsetClientCall{mDevice: 1532097337, mId: 1, mUUID: 64681e54-2d23-4827-b066-6f0731d6c389, mState: INCOMING, mNumber: -1102342234, mMultiParty: false, mOutgoing: false, mInBandRing: false, mVirtual: false}
09-03 16:46:15.428 I/ClientConnection: HfpClientConnService(17669): Got connection null
09-03 16:46:15.434 I/Telecom (  601): TelecomServiceImpl$1: isInEmergencyCall: false: TSI.iIEC@A6c
09-03 16:46:15.437 V/AS.AudioDeviceBroker(  601): requestedCommunicationDevice: null mAudioModeOwner: AudioModeInfo: mMode=MODE_NORMAL, mPid=0, mUid=0
09-03 16:46:15.437 I/ClientConnection: HfpClientConnService(17669): new call state : CALL_STATE_INCOMING
09-03 16:46:15.439 I/ClientConnection: HfpClientConnService(17669): areConnectionsEmptyOrHidden: empty
09-03 16:46:15.442 I/ClientConnection: HfpClientConnService(17669): buildConnection:Creating connection on 1532097337 for BluetoothHeadsetClientCall{mDevice: 1532097337, mId: 1, mUUID: 64681e54-2d23-4827-b066-6f0731d6c389, mState: INCOMING, mNumber: -1102342234, mMultiParty: false, mOutgoing: false, mInBandRing: false, mVirtual: false}/663836753
09-03 16:46:15.445 E/ActivityThread(17669): Failed to find provider info for com.samsung.android.phone.internal.companioninfo
09-03 16:46:15.458 E/ClientConnection: HfpClientConnection(17669): Exception occurred.
09-03 16:46:15.458 E/ClientConnection: HfpClientConnection(17669): java.lang.IllegalArgumentException: Unknown authority com.samsung.android.phone.internal.companioninfo
09-03 16:46:15.458 E/ClientConnection: HfpClientConnection(17669): 	at android.content.ContentResolver.call(ContentResolver.java:2465)
09-03 16:46:15.458 E/ClientConnection: HfpClientConnection(17669): 	at android.content.ContentResolver.call(ContentResolver.java:2448)
09-03 16:46:15.458 E/ClientConnection: HfpClientConnection(17669): 	at com.samsung.android.clientconnection.hfp.HfpClientConnection.getConnectedSamsungDevice(HfpClientConnection.java:856)
09-03 16:46:15.458 E/ClientConnection: HfpClientConnection(17669): 	at com.samsung.android.clientconnection.hfp.HfpClientConnection.<init>(HfpClientConnection.java:164)
09-03 16:46:15.458 E/ClientConnection: HfpClientConnection(17669): 	at com.samsung.android.clientconnection.ClientConnectionManager.createHfpConnection(ClientConnectionManager.java:122)
09-03 16:46:15.458 E/ClientConnection: HfpClientConnection(17669): 	at com.samsung.android.clientconnection.hfp.HfpClientConnectionService.buildConnection(HfpClientConnectionService.java:1139)
09-03 16:46:15.458 E/ClientConnection: HfpClientConnection(17669): 	at com.samsung.android.clientconnection.hfp.HfpClientConnectionService.handleCall(HfpClientConnectionService.java:621)
09-03 16:46:15.458 E/ClientConnection: HfpClientConnection(17669): 	at com.samsung.android.clientconnection.hfp.HfpClientConnectionService.handleIntent(HfpClientConnectionService.java:288)
09-03 16:46:15.458 E/ClientConnection: HfpClientConnection(17669): 	at com.samsung.android.clientconnection.hfp.HfpClientConnectionService.handlePendingIntents(HfpClientConnectionService.java:225)
09-03 16:46:15.458 E/ClientConnection: HfpClientConnection(17669): 	at com.samsung.android.clientconnection.hfp.HfpClientConnectionService.onStartCommand(HfpClientConnectionService.java:522)
09-03 16:46:15.458 E/ClientConnection: HfpClientConnection(17669): 	at android.app.ActivityThread.handleServiceArgs(ActivityThread.java:5497)
09-03 16:46:15.458 E/ClientConnection: HfpClientConnection(17669): 	at android.app.ActivityThread.-$$Nest$mhandleServiceArgs(Unknown Source:0)
09-03 16:46:15.458 E/ClientConnection: HfpClientConnection(17669): 	at android.app.ActivityThread$H.handleMessage(ActivityThread.java:2682)
09-03 16:46:15.458 E/ClientConnection: HfpClientConnection(17669): 	at android.os.Handler.dispatchMessage(Handler.java:110)
09-03 16:46:15.458 E/ClientConnection: HfpClientConnection(17669): 	at android.os.Looper.loopOnce(Looper.java:272)
09-03 16:46:15.458 E/ClientConnection: HfpClientConnection(17669): 	at android.os.Looper.loop(Looper.java:362)
09-03 16:46:15.458 E/ClientConnection: HfpClientConnection(17669): 	at android.app.ActivityThread.main(ActivityThread.java:9198)
09-03 16:46:15.458 E/ClientConnection: HfpClientConnection(17669): 	at java.lang.reflect.Method.invoke(Native Method)
09-03 16:46:15.458 E/ClientConnection: HfpClientConnection(17669): 	at com.android.internal.os.RuntimeInit$MethodAndArgsCaller.run(RuntimeInit.java:595)
09-03 16:46:15.458 E/ClientConnection: HfpClientConnection(17669): 	at com.android.internal.os.ZygoteInit.main(ZygoteInit.java:1037)
09-03 16:46:15.458 I/ClientConnection: ClientConnectionManager(17669): onAddedConnectionInternal : mPendingCallInfo exist
09-03 16:46:15.463 I/ClientConnection: HfpClientConnService(17669): startConnection:service ready
09-03 16:46:15.464 I/ClientConnection: HfpClientConnection(17669): Starting call BluetoothHeadsetClientCall{mDevice: 1532097337, mId: 1, mUUID: 64681e54-2d23-4827-b066-6f0731d6c389, mState: INCOMING, mNumber: -1102342234, mMultiParty: false, mOutgoing: false, mInBandRing: false, mVirtual: false}
09-03 16:46:15.464 I/ClientConnection: HfpClientConnection(17669): handleCallChanged, CALL_STATE_INCOMING
09-03 16:46:15.465 I/ClientConnection: HfpClientConnection(17669): setSemCapability: 16, clientConnectionCapabilities: 2, extras : Bundle[{com.samsung.telephony.extra.CAPABILITIES=16, com.samsung.android.clientconnection.extra.CAPABILITIES=2}]
09-03 16:46:15.465 I/ClientConnection: ClientConnectionManager(17669): setNumber: ***
09-03 16:46:15.473 I/ClientConnection: HfpClientConnection(17669): setAudioConnectivityExtras: AUDIO_DISCONNECTED
09-03 16:46:15.473 I/ClientConnection: DataItemGenerator(17669): getDataItem DataItem: wear://*/c_callservice/info
09-03 16:46:15.476 I/ClientConnection: DataItemGenerator(17669): getDataItem DataItem: wear://*/c_callservice/cmc_pd_external_call
09-03 16:46:15.477 W/ContextImpl(17669): Calling a method in the system process without a qualified user: android.app.ContextImpl.bindService:2096 android.content.ContextWrapper.bindService:896 com.google.android.gms.common.stats.ConnectionTracker.zzd:1 com.google.android.gms.common.stats.ConnectionTracker.zza:14 com.google.android.gms.common.internal.zzy.zzf:5 
09-03 16:46:15.493 I/ClientConnection: HfpClientConnService(17669): add New Incoming Call
09-03 16:46:15.496 I/ClientConnection: HfpClientConnService(17669): add New IncomingCall isPhoneAccountEnabled true
09-03 16:46:15.499 I/Telecom:Telecom_Timing(  601): addNewIncomingCall for GANGA
09-03 16:46:15.500 I/Telecom (  601): TelecomServiceImpl$1: Adding new incoming call with phoneAccountHandle ComponentInfo{com.samsung.android.clientconnection/com.samsung.android.clientconnection.hfp.HfpClientConnectionService}, ***, UserHandle{0}: TSI.aNIC(csac)@A6s
09-03 16:46:15.500 I/Telecom:SamsungPhoneAccountInfo(  601): setTargetPhoneAccount : ComponentInfo{com.samsung.android.clientconnection/com.samsung.android.clientconnection.hfp.HfpClientConnectionService}, ***, UserHandle{0}
09-03 16:46:15.501 I/Telecom:SamsungPhoneAccountInfo(  601): setTargetPhoneAccount null -> ComponentInfo{com.samsung.android.clientconnection/com.samsung.android.clientconnection.hfp.HfpClientConnectionService}, ***, UserHandle{0}, call: [Call id=TC@10, state=NEW, tpac=null, cmgr=null, handle=null, vidst=A, childs(0), has_parent(false), cap=[], prop=[]], voip=false
09-03 16:46:15.501 I/Telecom (  601): Event: RecordEntry TC@10: TARGET_PHONE_ACCOUNT, accountHandle=ComponentInfo{com.samsung.android.clientconnection/com.samsung.android.clientconnection.hfp.HfpClientConnectionService}, ***, UserHandle{0}: TSI.aNIC(csac)@A6s
09-03 16:46:15.505 I/Telecom:SamsungTelephonyManagerAdapterImpl(  601): getSubIdForPhoneAccount : -1
09-03 16:46:15.508 I/Telecom:SamsungTelephonyManagerAdapterImpl(  601): getSubIdForPhoneAccount : -1
09-03 16:46:15.509 I/Telecom (  601): Call: Setting associated user for call: UserHandle{0}: TSI.aNIC(csac)@A6s
09-03 16:46:15.509 I/Telecom (  601): Call: CallerInfo lookup returned null, skipping update: TSI.aNIC(csac)@A6s
09-03 16:46:15.510 I/Telecom (  601): CallAudioModeStateMachine: Message received: null.: TSI.aNIC->CAMSM.pM_2107(csac)@A6s
09-03 16:46:15.511 I/Telecom (  601): Event: RecordEntry TC@10: CALL_HANDLE, null, Allowed, null, null: TSI.aNIC(csac)@A6s
09-03 16:46:15.511 I/Telecom:SamsungCall(  601): isRespondViaSmsCapable : false
09-03 16:46:15.518 I/Telecom (  601): TelecomAnalytics: Starting analytics for call TC@10: TSI.aNIC(csac)@A6s
09-03 16:46:15.518 I/Telecom (  601): Event: RecordEntry TC@10: CREATED, null;null: TSI.aNIC(csac)@A6s
09-03 16:46:15.519 I/Telecom (  601): CallAnomalyWatchdog: maybePostCleanupTask; callId=TC@10, state=NEW, createConnComplete=false: TSI.aNIC(csac)@A6s
09-03 16:46:15.521 I/Telecom (  601): CreateConnectionProcessor: Trying attempt CallAttemptRecord(ComponentInfo{com.samsung.android.clientconnection/com.samsung.android.clientconnection.hfp.HfpClientConnectionService}, ***, UserHandle{0},ComponentInfo{com.samsung.android.clientconnection/com.samsung.android.clientconnection.hfp.HfpClientConnectionService}, ***, UserHandle{0}): TSI.aNIC(csac)@A6s
09-03 16:46:15.521 I/Telecom:SamsungPhoneAccountInfo(  601): setTargetPhoneAccount : ComponentInfo{com.samsung.android.clientconnection/com.samsung.android.clientconnection.hfp.HfpClientConnectionService}, ***, UserHandle{0}
09-03 16:46:15.521 I/Telecom (  601): Call: setConnectionService: service=[[ConnectionServiceWrapper componentName=ComponentInfo{com.samsung.android.clientconnection/com.samsung.android.clientconnection.hfp.HfpClientConnectionService}]]: TSI.aNIC(csac)@A6s
09-03 16:46:15.522 I/Telecom:Telecom_Timing(  601): createConnection for GANGA
09-03 16:46:15.522 I/Telecom (  601): Event: RecordEntry TC@10: REQUEST_START_CONNECTION, isIncoming=true, true, phoneAccount=ComponentInfo{com.samsung.android.clientconnection/com.samsung.android.clientconnection.hfp.HfpClientConnectionService}, ***, UserHandle{0}, targetPhoneAccount=ComponentInfo{com.samsung.android.clientconnection/com.samsung.android.clientconnection.hfp.HfpClientConnectionService}, ***, UserHandle{0}, isSelfManaged=false, isEmergencyCall=false, connectionAttempt=1, attemptRecords=1: TSI.aNIC(csac)@A6s
09-03 16:46:15.523 I/Telecom (  601): ConnectionServiceWrapper: createConnection([Call id=TC@10, state=NEW, tpac=ComponentInfo{com.samsung.android.clientconnection/com.samsung.android.clientconnection.hfp.HfpClientConnectionService}, ***, UserHandle{0}, cmgr=ComponentInfo{com.samsung.android.clientconnection/com.samsung.android.clientconnection.hfp.HfpClientConnectionService}, ***, UserHandle{0}, handle=null, vidst=A, childs(0), has_parent(false), cap=[], prop=[]], voip=false) via ComponentInfo{com.samsung.android.clientconnection/com.samsung.android.clientconnection.hfp.HfpClientConnectionService}.: TSI.aNIC(csac)@A6s
09-03 16:46:15.523 I/Telecom:Telecom_Timing(  601): BIND_CS for GANGA
09-03 16:46:15.523 I/Telecom (  601): Event: RecordEntry TC@10: BIND_CS, ComponentInfo{com.samsung.android.clientconnection/com.samsung.android.clientconnection.hfp.HfpClientConnectionService}: TSI.aNIC(csac)@A6s
09-03 16:46:15.534 I/Telecom (  601): InCallController: bindToBtService: TSI.aNIC(csac)@A6s
09-03 16:46:15.534 I/Telecom (  601): InCallController: getComponents, pkgname: null comp: null userid: 0 requestedType: 6: TSI.aNIC(csac)@A6s
09-03 16:46:15.535 I/Telecom:SamsungInCallController(  601): isCallDirectionCallsSupported : false
09-03 16:46:15.535 I/Telecom:SamsungInCallController(  601): isOutgoingCallsSupported : false
09-03 16:46:15.535 I/Telecom:SamsungInCallController(  601): isIncomingCallsSupported : false
09-03 16:46:15.535 I/Telecom:SamsungInCallController(  601): isUnknownCallsSupported : false
09-03 16:46:15.536 W/ContextImpl(17669): Calling a method in the system process without a qualified user: android.app.ContextImpl.bindService:2096 android.content.ContextWrapper.bindService:896 com.google.android.gms.wearable.zzn.zzb:3 com.google.android.gms.wearable.zzn.dispatchMessageTraced:1 com.google.android.gms.libs.punchclock.threads.TracingHandler.dispatchMessage:1 
09-03 16:46:15.537 I/Telecom (  601): InCallController: packageName:com.sec.android.app.servicemodeapp INTERACT_ACROSS_USERS:true INTERACT_ACROSS_PROFILES:false INTERACT_ACROSS_PROFILES_APPOP:true: TSI.aNIC(csac)@A6s
09-03 16:46:15.537 I/Telecom (  601): InCallController: found:ComponentInfo{android/com.android.server.companion.datatransfer.contextsync.CallMetadataSyncInCallService} isRequestedtype:false isEnabled:false ignoreDisabled:true hasCrossProfilePerm:true: TSI.aNIC(csac)@A6s
09-03 16:46:15.537 I/Telecom:SamsungInCallController(  601): isCallDirectionCallsSupported : false
09-03 16:46:15.537 I/Telecom:SamsungInCallController(  601): isOutgoingCallsSupported : false
09-03 16:46:15.537 I/Telecom:SamsungInCallController(  601): isIncomingCallsSupported : false
09-03 16:46:15.537 I/Telecom:SamsungInCallController(  601): isUnknownCallsSupported : false
09-03 16:46:15.540 I/ClientConnection: NearByChecker(17669): isNearBy: true
09-03 16:46:15.540 I/ClientConnection: DataLayerListenerService(17669): onDataChanged : /c_callservice/info uri: wear://38aca487/c_callservice/info
09-03 16:46:15.547 I/Telecom (  601): InCallController: packageName:com.sec.android.app.servicemodeapp INTERACT_ACROSS_USERS:true INTERACT_ACROSS_PROFILES:false INTERACT_ACROSS_PROFILES_APPOP:true: TSI.aNIC(csac)@A6s
09-03 16:46:15.554 I/Telecom (  601): InCallController: found:ComponentInfo{android/com.android.ecm.EnhancedConfirmationCallTrackerService} isRequestedtype:false isEnabled:true ignoreDisabled:true hasCrossProfilePerm:true: TSI.aNIC(csac)@A6s
09-03 16:46:15.554 I/Telecom:SamsungInCallController(  601): isCallDirectionCallsSupported : false
09-03 16:46:15.554 I/Telecom:SamsungInCallController(  601): isOutgoingCallsSupported : false
09-03 16:46:15.554 I/Telecom:SamsungInCallController(  601): isIncomingCallsSupported : false
09-03 16:46:15.554 I/Telecom:SamsungInCallController(  601): isUnknownCallsSupported : false
09-03 16:46:15.555 I/Telecom (  601): InCallController: packageName:com.android.bluetooth INTERACT_ACROSS_USERS:true INTERACT_ACROSS_PROFILES:false INTERACT_ACROSS_PROFILES_APPOP:false: TSI.aNIC(csac)@A6s
09-03 16:46:15.555 I/Telecom (  601): InCallController: found:ComponentInfo{com.android.bluetooth/com.android.bluetooth.telephony.BluetoothInCallService} isRequestedtype:true isEnabled:true ignoreDisabled:true hasCrossProfilePerm:true: TSI.aNIC(csac)@A6s
09-03 16:46:15.556 I/Telecom:SamsungInCallController(  601): isCallDirectionCallsSupported : true
09-03 16:46:15.556 I/Telecom:SamsungInCallController(  601): isOutgoingCallsSupported : false
09-03 16:46:15.556 I/Telecom:SamsungInCallController(  601): isIncomingCallsSupported : true
09-03 16:46:15.556 I/Telecom:SamsungInCallController(  601): isUnknownCallsSupported : false
09-03 16:46:15.558 I/Telecom (  601): InCallController: packageName:com.samsung.advancedcallservice INTERACT_ACROSS_USERS:false INTERACT_ACROSS_PROFILES:false INTERACT_ACROSS_PROFILES_APPOP:false: TSI.aNIC(csac)@A6s
09-03 16:46:15.560 I/Telecom (  601): InCallController: found:ComponentInfo{com.samsung.advancedcallservice/com.samsung.advancedcallservice.InCallServiceImpl} isRequestedtype:false isEnabled:true ignoreDisabled:true hasCrossProfilePerm:false: TSI.aNIC(csac)@A6s
09-03 16:46:15.561 I/Telecom:SamsungInCallController(  601): isCallDirectionCallsSupported : true
09-03 16:46:15.561 I/Telecom:SamsungInCallController(  601): isOutgoingCallsSupported : true
09-03 16:46:15.561 I/Telecom:SamsungInCallController(  601): isIncomingCallsSupported : true
09-03 16:46:15.561 I/Telecom:SamsungInCallController(  601): isUnknownCallsSupported : true
09-03 16:46:15.562 I/Telecom (  601): InCallController: packageName:com.samsung.android.app.routines INTERACT_ACROSS_USERS:true INTERACT_ACROSS_PROFILES:false INTERACT_ACROSS_PROFILES_APPOP:false: TSI.aNIC(csac)@A6s
09-03 16:46:15.562 I/Telecom (  601): InCallController: found:ComponentInfo{com.samsung.android.app.routines/com.samsung.android.app.routines.ui.mode.settings.standalone.bedtimemode.coverscreen.SleepModeCoverScreenInCallService} isRequestedtype:false isEnabled:false ignoreDisabled:true hasCrossProfilePerm:true: TSI.aNIC(csac)@A6s
09-03 16:46:15.562 I/Telecom:SamsungInCallController(  601): isCallDirectionCallsSupported : false
09-03 16:46:15.562 I/Telecom:SamsungInCallController(  601): isOutgoingCallsSupported : false
09-03 16:46:15.562 I/Telecom:SamsungInCallController(  601): isIncomingCallsSupported : false
09-03 16:46:15.562 I/Telecom:SamsungInCallController(  601): isUnknownCallsSupported : false
09-03 16:46:15.563 I/Telecom (  601): InCallController: packageName:com.samsung.android.dialer INTERACT_ACROSS_USERS:false INTERACT_ACROSS_PROFILES:false INTERACT_ACROSS_PROFILES_APPOP:false: TSI.aNIC(csac)@A6s
09-03 16:46:15.563 I/Telecom (  601): InCallController: found:ComponentInfo{com.samsung.android.dialer/com.android.incallui.InCallServiceImpl} isRequestedtype:false isEnabled:true ignoreDisabled:true hasCrossProfilePerm:false: TSI.aNIC(csac)@A6s
09-03 16:46:15.563 I/Telecom:SamsungInCallController(  601): isCallDirectionCallsSupported : false
09-03 16:46:15.563 I/Telecom:SamsungInCallController(  601): isOutgoingCallsSupported : false
09-03 16:46:15.563 I/Telecom:SamsungInCallController(  601): isIncomingCallsSupported : false
09-03 16:46:15.563 I/Telecom:SamsungInCallController(  601): isUnknownCallsSupported : false
09-03 16:46:15.565 I/HeadsetClientStateMachine( 1193): Remove call1
09-03 16:46:15.565 I/HeadsetClientStateMachine( 1193): empty calls
09-03 16:46:15.572 I/HeadsetClientStateMachine( 1193): sendCallChangedIntent HfpClientCall{mDevice: XX:XX:XX:XX:71:14, mId: 1, mUUID: 64681e54-2d23-4827-b066-6f0731d6c389, mState: TERMINATED, mNumber: -1102342234, mMultiParty: false, mOutgoing: false, mInBandRing: false}Call size (0)
09-03 16:46:15.574 I/Telecom (  601): InCallController: packageName:com.samsung.android.app.telephonyui INTERACT_ACROSS_USERS:true INTERACT_ACROSS_PROFILES:false INTERACT_ACROSS_PROFILES_APPOP:false: TSI.aNIC(csac)@A6s
09-03 16:46:15.574 I/Telecom (  601): InCallController: found:ComponentInfo{com.samsung.android.incallui/com.android.incallui.InCallServiceImpl} isRequestedtype:false isEnabled:true ignoreDisabled:true hasCrossProfilePerm:true: TSI.aNIC(csac)@A6s
09-03 16:46:15.574 I/Telecom:SamsungInCallController(  601): isCallDirectionCallsSupported : false
09-03 16:46:15.574 I/Telecom:SamsungInCallController(  601): isOutgoingCallsSupported : false
09-03 16:46:15.574 I/Telecom:SamsungInCallController(  601): isIncomingCallsSupported : false
09-03 16:46:15.574 I/Telecom:SamsungInCallController(  601): isUnknownCallsSupported : false
09-03 16:46:15.576 E/HfpClientConnectionService( 1193): onCallChanged: HFP Client Connection Service not started
09-03 16:46:15.577 W/HeadsetClientStateMachine( 1193): [XX:XX:XX:XX:71:14]: Unhandled AT OK StackEvent {type:EVENT_TYPE_CMD_RESULT, value1:0, value2:0, value3:0, value4:0, value5:0, string: "null", device:XX:XX:XX:XX:71:14}
09-03 16:46:15.579 W/HeadsetClientStateMachine( 1193): [XX:XX:XX:XX:71:14]: Unhandled AT OK StackEvent {type:EVENT_TYPE_CMD_RESULT, value1:0, value2:0, value3:0, value4:0, value5:0, string: "null", device:XX:XX:XX:XX:71:14}
09-03 16:46:15.580 I/Telecom (  601): InCallController: packageName:com.samsung.android.watch.safety_assistance INTERACT_ACROSS_USERS:false INTERACT_ACROSS_PROFILES:false INTERACT_ACROSS_PROFILES_APPOP:false: TSI.aNIC(csac)@A6s
09-03 16:46:15.581 I/Telecom (  601): InCallController: found:ComponentInfo{com.samsung.android.watch.safety_assistance/com.samsung.android.watch.safety_assistance.service.call.incallservice.InCallServiceImpl} isRequestedtype:false isEnabled:false ignoreDisabled:true hasCrossProfilePerm:false: TSI.aNIC(csac)@A6s
09-03 16:46:15.581 I/Telecom (  601): InCallController$InCallServiceBindingConnection: Attempting to bind to InCall [ComponentInfo{com.android.bluetooth/com.android.bluetooth.telephony.BluetoothInCallService} supportsExternal? false supportsSelfMg?true], with Intent { act=android.telecom.InCallService cmp=com.android.bluetooth/.telephony.BluetoothInCallService }: TSI.aNIC(csac)@A6s
09-03 16:46:15.582 I/Telecom (  601): InCallController$InCallServiceBindingConnection: using user id: UserHandle{0} for binding. User from Call is: UserHandle{0}: TSI.aNIC(csac)@A6s
09-03 16:46:15.583 I/Telecom (  601): Logging.Events: Non-call EVENT: BIND_ICS, [ComponentInfo{com.android.bluetooth/com.android.bluetooth.telephony.BluetoothInCallService} supportsExternal? false supportsSelfMg?true]: TSI.aNIC(csac)@A6s
09-03 16:46:15.595 I/BluetoothInCallService( 1193): BluetoothInCallService is created
09-03 16:46:15.597 I/Telecom (  601): InCallController$InCallServiceBindingConnection: mCall: null, mIsConnected: true: TSI.aNIC(csac)@A6s
09-03 16:46:15.598 I/BluetoothAdapter( 1193): BluetoothAdapter() : com.android.bluetooth
09-03 16:46:15.600 I/Telecom (  601): InCallController: child:UserHandle{0}  parent:null: TSI.aNIC(csac)@A6s
09-03 16:46:15.601 I/Telecom (  601): Logging.Events: Non-call EVENT: BTS_ICS, null, false, 601, 1159: TSI.aNIC(csac)@A6s
09-03 16:46:15.601 I/Telecom (  601): InCallController: getComponents, pkgname: com.samsung.android.incallui comp: null userid: 0 requestedType: 2: TSI.aNIC(csac)@A6s
09-03 16:46:15.601 I/BluetoothInCallService( 1193): onBind. Intent: Intent { act=android.telecom.InCallService xflg=0x4 cmp=com.android.bluetooth/.telephony.BluetoothInCallService }
09-03 16:46:15.602 I/Telecom:SamsungInCallController(  601): isCallDirectionCallsSupported : false
09-03 16:46:15.602 I/Telecom:SamsungInCallController(  601): isOutgoingCallsSupported : false
09-03 16:46:15.602 I/Telecom:SamsungInCallController(  601): isIncomingCallsSupported : false
09-03 16:46:15.602 I/Telecom:SamsungInCallController(  601): isUnknownCallsSupported : false
09-03 16:46:15.603 I/Telecom (  601): InCallController: packageName:com.samsung.android.app.telephonyui INTERACT_ACROSS_USERS:true INTERACT_ACROSS_PROFILES:false INTERACT_ACROSS_PROFILES_APPOP:false: TSI.aNIC(csac)@A6s
09-03 16:46:15.603 I/Telecom (  601): InCallController: found:ComponentInfo{com.samsung.android.incallui/com.android.incallui.InCallServiceImpl} isRequestedtype:true isEnabled:true ignoreDisabled:true hasCrossProfilePerm:true: TSI.aNIC(csac)@A6s
09-03 16:46:15.603 I/Telecom (  601): InCallController: defaultDialer: [ComponentInfo{com.samsung.android.incallui/com.android.incallui.InCallServiceImpl} supportsExternal? true supportsSelfMg?false]: TSI.aNIC(csac)@A6s
09-03 16:46:15.603 I/Telecom (  601): InCallController: defaultDialer: null: TSI.aNIC(csac)@A6s
09-03 16:46:15.603 I/Telecom:Telecom_Timing(  601): onServiceConnected from IncallService for GANG-ext
09-03 16:46:15.603 I/Telecom (  601): InCallController: getComponents, pkgname: null comp: ComponentInfo{com.samsung.android.incallui/com.android.incallui.InCallServiceImpl} userid: 0 requestedType: 2: TSI.aNIC(csac)@A6s
09-03 16:46:15.604 I/Telecom:SamsungInCallController(  601): isCallDirectionCallsSupported : false
09-03 16:46:15.604 I/Telecom:SamsungInCallController(  601): isOutgoingCallsSupported : false
09-03 16:46:15.604 I/Telecom:SamsungInCallController(  601): isIncomingCallsSupported : false
09-03 16:46:15.604 I/Telecom:SamsungInCallController(  601): isUnknownCallsSupported : false
09-03 16:46:15.605 I/Telecom (  601): InCallController: packageName:com.samsung.android.app.telephonyui INTERACT_ACROSS_USERS:true INTERACT_ACROSS_PROFILES:false INTERACT_ACROSS_PROFILES_APPOP:false: TSI.aNIC(csac)@A6s
09-03 16:46:15.605 I/Telecom (  601): InCallController: found:ComponentInfo{com.samsung.android.incallui/com.android.incallui.InCallServiceImpl} isRequestedtype:true isEnabled:true ignoreDisabled:true hasCrossProfilePerm:true: TSI.aNIC(csac)@A6s
09-03 16:46:15.605 I/Telecom (  601): InCallController: getComponents, pkgname: null comp: null userid: 0 requestedType: 3: TSI.aNIC(csac)@A6s
09-03 16:46:15.606 I/Telecom:SamsungInCallController(  601): isCallDirectionCallsSupported : false
09-03 16:46:15.606 I/Telecom:SamsungInCallController(  601): isOutgoingCallsSupported : false
09-03 16:46:15.606 I/Telecom:SamsungInCallController(  601): isIncomingCallsSupported : false
09-03 16:46:15.606 I/Telecom:SamsungInCallController(  601): isUnknownCallsSupported : false
09-03 16:46:15.608 I/Telecom (  601): InCallController: packageName:com.sec.android.app.servicemodeapp INTERACT_ACROSS_USERS:true INTERACT_ACROSS_PROFILES:false INTERACT_ACROSS_PROFILES_APPOP:true: TSI.aNIC(csac)@A6s
09-03 16:46:15.608 I/Telecom (  601): InCallController: found:ComponentInfo{android/com.android.server.companion.datatransfer.contextsync.CallMetadataSyncInCallService} isRequestedtype:false isEnabled:false ignoreDisabled:true hasCrossProfilePerm:true: TSI.aNIC(csac)@A6s
09-03 16:46:15.608 I/Telecom:SamsungInCallController(  601): isCallDirectionCallsSupported : false
09-03 16:46:15.616 I/Telecom:SamsungInCallController(  601): isOutgoingCallsSupported : false
09-03 16:46:15.616 I/Telecom:SamsungInCallController(  601): isIncomingCallsSupported : false
09-03 16:46:15.616 I/Telecom:SamsungInCallController(  601): isUnknownCallsSupported : false
09-03 16:46:15.618 I/Telecom (  601): InCallController: packageName:com.sec.android.app.servicemodeapp INTERACT_ACROSS_USERS:true INTERACT_ACROSS_PROFILES:false INTERACT_ACROSS_PROFILES_APPOP:true: TSI.aNIC(csac)@A6s
09-03 16:46:15.618 I/Telecom (  601): InCallController: found:ComponentInfo{android/com.android.ecm.EnhancedConfirmationCallTrackerService} isRequestedtype:false isEnabled:true ignoreDisabled:true hasCrossProfilePerm:true: TSI.aNIC(csac)@A6s
09-03 16:46:15.618 I/Telecom:SamsungInCallController(  601): isCallDirectionCallsSupported : false
09-03 16:46:15.618 I/Telecom:SamsungInCallController(  601): isOutgoingCallsSupported : false
09-03 16:46:15.618 I/Telecom:SamsungInCallController(  601): isIncomingCallsSupported : false
09-03 16:46:15.618 I/Telecom:SamsungInCallController(  601): isUnknownCallsSupported : false
09-03 16:46:15.619 I/Telecom (  601): InCallController: packageName:com.android.bluetooth INTERACT_ACROSS_USERS:true INTERACT_ACROSS_PROFILES:false INTERACT_ACROSS_PROFILES_APPOP:false: TSI.aNIC(csac)@A6s
09-03 16:46:15.619 I/Telecom (  601): InCallController: found:ComponentInfo{com.android.bluetooth/com.android.bluetooth.telephony.BluetoothInCallService} isRequestedtype:false isEnabled:true ignoreDisabled:true hasCrossProfilePerm:true: TSI.aNIC(csac)@A6s
09-03 16:46:15.619 I/Telecom:SamsungInCallController(  601): isCallDirectionCallsSupported : true
09-03 16:46:15.619 I/Telecom:SamsungInCallController(  601): isOutgoingCallsSupported : false
09-03 16:46:15.619 I/Telecom:SamsungInCallController(  601): isIncomingCallsSupported : true
09-03 16:46:15.619 I/Telecom:SamsungInCallController(  601): isUnknownCallsSupported : false
09-03 16:46:15.621 I/Telecom (  601): InCallController: packageName:com.samsung.advancedcallservice INTERACT_ACROSS_USERS:false INTERACT_ACROSS_PROFILES:false INTERACT_ACROSS_PROFILES_APPOP:false: TSI.aNIC(csac)@A6s
09-03 16:46:15.621 I/Telecom (  601): InCallController: found:ComponentInfo{com.samsung.advancedcallservice/com.samsung.advancedcallservice.InCallServiceImpl} isRequestedtype:false isEnabled:true ignoreDisabled:true hasCrossProfilePerm:false: TSI.aNIC(csac)@A6s
09-03 16:46:15.621 I/Telecom:SamsungInCallController(  601): isCallDirectionCallsSupported : true
09-03 16:46:15.621 I/Telecom:SamsungInCallController(  601): isOutgoingCallsSupported : true
09-03 16:46:15.621 I/Telecom:SamsungInCallController(  601): isIncomingCallsSupported : true
09-03 16:46:15.621 I/Telecom:SamsungInCallController(  601): isUnknownCallsSupported : true
09-03 16:46:15.622 I/Telecom (  601): InCallController: packageName:com.samsung.android.app.routines INTERACT_ACROSS_USERS:true INTERACT_ACROSS_PROFILES:false INTERACT_ACROSS_PROFILES_APPOP:false: TSI.aNIC(csac)@A6s
09-03 16:46:15.622 I/Telecom (  601): InCallController: found:ComponentInfo{com.samsung.android.app.routines/com.samsung.android.app.routines.ui.mode.settings.standalone.bedtimemode.coverscreen.SleepModeCoverScreenInCallService} isRequestedtype:false isEnabled:false ignoreDisabled:true hasCrossProfilePerm:true: TSI.aNIC(csac)@A6s
09-03 16:46:15.622 I/Telecom:SamsungInCallController(  601): isCallDirectionCallsSupported : false
09-03 16:46:15.622 I/Telecom:SamsungInCallController(  601): isOutgoingCallsSupported : false
09-03 16:46:15.622 I/Telecom:SamsungInCallController(  601): isIncomingCallsSupported : false
09-03 16:46:15.623 I/Telecom:SamsungInCallController(  601): isUnknownCallsSupported : false
09-03 16:46:15.625 I/Telecom (  601): InCallController: packageName:com.samsung.android.dialer INTERACT_ACROSS_USERS:false INTERACT_ACROSS_PROFILES:false INTERACT_ACROSS_PROFILES_APPOP:false: TSI.aNIC(csac)@A6s
09-03 16:46:15.625 I/Telecom (  601): InCallController: found:ComponentInfo{com.samsung.android.dialer/com.android.incallui.InCallServiceImpl} isRequestedtype:false isEnabled:true ignoreDisabled:true hasCrossProfilePerm:false: TSI.aNIC(csac)@A6s
09-03 16:46:15.625 I/Telecom:SamsungInCallController(  601): isCallDirectionCallsSupported : false
09-03 16:46:15.625 I/Telecom:SamsungInCallController(  601): isOutgoingCallsSupported : false
09-03 16:46:15.625 I/Telecom:SamsungInCallController(  601): isIncomingCallsSupported : false
09-03 16:46:15.625 I/Telecom:SamsungInCallController(  601): isUnknownCallsSupported : false
09-03 16:46:15.627 I/Telecom (  601): InCallController: packageName:com.samsung.android.app.telephonyui INTERACT_ACROSS_USERS:true INTERACT_ACROSS_PROFILES:false INTERACT_ACROSS_PROFILES_APPOP:false: TSI.aNIC(csac)@A6s
09-03 16:46:15.627 I/Telecom (  601): InCallController: found:ComponentInfo{com.samsung.android.incallui/com.android.incallui.InCallServiceImpl} isRequestedtype:false isEnabled:true ignoreDisabled:true hasCrossProfilePerm:true: TSI.aNIC(csac)@A6s
09-03 16:46:15.627 I/Telecom:SamsungInCallController(  601): isCallDirectionCallsSupported : false
09-03 16:46:15.627 I/Telecom:SamsungInCallController(  601): isOutgoingCallsSupported : false
09-03 16:46:15.627 I/Telecom:SamsungInCallController(  601): isIncomingCallsSupported : false
09-03 16:46:15.627 I/Telecom:SamsungInCallController(  601): isUnknownCallsSupported : false
09-03 16:46:15.628 I/Telecom (  601): InCallController: packageName:com.samsung.android.watch.safety_assistance INTERACT_ACROSS_USERS:false INTERACT_ACROSS_PROFILES:false INTERACT_ACROSS_PROFILES_APPOP:false: TSI.aNIC(csac)@A6s
09-03 16:46:15.628 I/Telecom (  601): InCallController: found:ComponentInfo{com.samsung.android.watch.safety_assistance/com.samsung.android.watch.safety_assistance.service.call.incallservice.InCallServiceImpl} isRequestedtype:false isEnabled:false ignoreDisabled:true hasCrossProfilePerm:false: TSI.aNIC(csac)@A6s
09-03 16:46:15.629 I/Telecom (  601): Logging.Events: Non-call EVENT: NEW_ICSC, [ComponentInfo{com.samsung.android.incallui/com.android.incallui.InCallServiceImpl} supportsExternal? true supportsSelfMg?false], null, [ComponentInfo{com.samsung.android.incallui/com.android.incallui.InCallServiceImpl} supportsExternal? true supportsSelfMg?false], null: TSI.aNIC(csac)@A6s
09-03 16:46:15.629 I/Telecom (  601): Logging.Events: Non-call EVENT: NEW_ICS_INFO, [ComponentInfo{com.samsung.android.incallui/com.android.incallui.InCallServiceImpl} supportsExternal? true supportsSelfMg?false], [ComponentInfo{com.samsung.android.incallui/com.android.incallui.InCallServiceImpl} supportsExternal? true supportsSelfMg?false], null, false, false: TSI.aNIC(csac)@A6s
09-03 16:46:15.629 I/Telecom (  601): InCallController$CarSwappingInCallServiceConnection: chooseInitialInCallService: false => false: TSI.aNIC(csac)@A6s
09-03 16:46:15.629 I/Telecom (  601): EmergencyCallHelper: ShouldGrantTemporaryLocationPermission, disabled by config: TSI.aNIC(csac)@A6s
09-03 16:46:15.629 I/Telecom (  601): InCallController$EmergencyInCallServiceConnection: Attempting to bind to InCall [ComponentInfo{com.samsung.android.incallui/com.android.incallui.InCallServiceImpl} supportsExternal? true supportsSelfMg?false], with Intent { act=android.telecom.InCallService cmp=com.samsung.android.incallui/com.android.incallui.InCallServiceImpl }: TSI.aNIC(csac)@A6s
09-03 16:46:15.630 I/Telecom (  601): InCallController$EmergencyInCallServiceConnection: using user id: UserHandle{-2} for binding. User from Call is: UserHandle{0}: TSI.aNIC(csac)@A6s
09-03 16:46:15.630 I/Telecom (  601): Logging.Events: Non-call EVENT: BIND_ICS, [ComponentInfo{com.samsung.android.incallui/com.android.incallui.InCallServiceImpl} supportsExternal? true supportsSelfMg?false]: TSI.aNIC(csac)@A6s
09-03 16:46:15.648 D/ActivityManager(  601): sync unfroze 17688 com.samsung.android.incallui for 6
09-03 16:46:15.656 I/SCallUI (17688): InCallServiceImpl@164960837 - CallUIPerf: Constructor
09-03 16:46:15.662 I/SCallUI (17688): BixbyHandler - startBixby2: skip
09-03 16:46:15.662 I/SCallUI (17688): NotificationHandler - createNotificationChannel
09-03 16:46:15.665 I/SCallUI (17688): TelecomAdapter - setUp
09-03 16:46:15.666 I/SCallUI (17688): OffBodyDetectorUtil - setUp
09-03 16:46:15.674 I/Sensors (  455): sensorFlush: handle=76
09-03 16:46:15.675 I/Sensors (  455): sendToHub 53, 54, 1, 0, 
09-03 16:46:15.676 I/SCallUI (17688): InCallServiceImpl@164960837 - CallUIPerf: onBind, {startBixby2(0ms), createNotificationChannel(3ms), TelecomAdapter.setUp(1ms), OffBodyDetectorUtil.setUp(10ms), Total : 14ms}
09-03 16:46:15.682 I/SCallUI (17688): OffBodyDetectorUtil - onSensorChanged, isOffBody : true
09-03 16:46:15.687 I/Telecom (  601): InCallController$EmergencyInCallServiceConnection: mCall: null, mIsConnected: true: TSI.aNIC(csac)@A6s
09-03 16:46:15.687 I/Telecom (  601): InCallController: getComponents, pkgname: null comp: null userid: 0 requestedType: 4: TSI.aNIC(csac)@A6s
09-03 16:46:15.689 I/Telecom:SamsungInCallController(  601): isCallDirectionCallsSupported : false
09-03 16:46:15.689 I/Telecom:SamsungInCallController(  601): isOutgoingCallsSupported : false
09-03 16:46:15.689 I/Telecom:SamsungInCallController(  601): isIncomingCallsSupported : false
09-03 16:46:15.689 I/Telecom:SamsungInCallController(  601): isUnknownCallsSupported : false
09-03 16:46:15.691 I/Telecom (  601): InCallController: packageName:com.sec.android.app.servicemodeapp INTERACT_ACROSS_USERS:true INTERACT_ACROSS_PROFILES:false INTERACT_ACROSS_PROFILES_APPOP:true: TSI.aNIC(csac)@A6s
09-03 16:46:15.691 I/Telecom (  601): InCallController: found:ComponentInfo{android/com.android.server.companion.datatransfer.contextsync.CallMetadataSyncInCallService} isRequestedtype:true isEnabled:false ignoreDisabled:true hasCrossProfilePerm:true: TSI.aNIC(csac)@A6s
09-03 16:46:15.691 I/Telecom:SamsungInCallController(  601): isCallDirectionCallsSupported : false
09-03 16:46:15.691 I/Telecom:SamsungInCallController(  601): isOutgoingCallsSupported : false
09-03 16:46:15.691 I/Telecom:SamsungInCallController(  601): isIncomingCallsSupported : false
09-03 16:46:15.691 I/Telecom:SamsungInCallController(  601): isUnknownCallsSupported : false
09-03 16:46:15.693 I/Telecom (  601): InCallController: packageName:com.sec.android.app.servicemodeapp INTERACT_ACROSS_USERS:true INTERACT_ACROSS_PROFILES:false INTERACT_ACROSS_PROFILES_APPOP:true: TSI.aNIC(csac)@A6s
09-03 16:46:15.693 I/Telecom (  601): InCallController: found:ComponentInfo{android/com.android.ecm.EnhancedConfirmationCallTrackerService} isRequestedtype:true isEnabled:true ignoreDisabled:true hasCrossProfilePerm:true: TSI.aNIC(csac)@A6s
09-03 16:46:15.693 I/Telecom:SamsungInCallController(  601): isCallDirectionCallsSupported : false
09-03 16:46:15.693 I/Telecom:SamsungInCallController(  601): isOutgoingCallsSupported : false
09-03 16:46:15.693 I/Telecom:SamsungInCallController(  601): isIncomingCallsSupported : false
09-03 16:46:15.693 I/Telecom:SamsungInCallController(  601): isUnknownCallsSupported : false
09-03 16:46:15.694 I/Telecom (  601): InCallController: packageName:com.android.bluetooth INTERACT_ACROSS_USERS:true INTERACT_ACROSS_PROFILES:false INTERACT_ACROSS_PROFILES_APPOP:false: TSI.aNIC(csac)@A6s
09-03 16:46:15.694 I/Telecom (  601): InCallController: found:ComponentInfo{com.android.bluetooth/com.android.bluetooth.telephony.BluetoothInCallService} isRequestedtype:false isEnabled:true ignoreDisabled:true hasCrossProfilePerm:true: TSI.aNIC(csac)@A6s
09-03 16:46:15.695 I/Telecom:SamsungInCallController(  601): isCallDirectionCallsSupported : true
09-03 16:46:15.695 I/Telecom:SamsungInCallController(  601): isOutgoingCallsSupported : false
09-03 16:46:15.695 I/Telecom:SamsungInCallController(  601): isIncomingCallsSupported : true
09-03 16:46:15.695 I/Telecom:SamsungInCallController(  601): isUnknownCallsSupported : false
09-03 16:46:15.695 I/Telecom (  601): InCallController: packageName:com.samsung.advancedcallservice INTERACT_ACROSS_USERS:false INTERACT_ACROSS_PROFILES:false INTERACT_ACROSS_PROFILES_APPOP:false: TSI.aNIC(csac)@A6s
09-03 16:46:15.696 I/Telecom (  601): InCallController: found:ComponentInfo{com.samsung.advancedcallservice/com.samsung.advancedcallservice.InCallServiceImpl} isRequestedtype:true isEnabled:true ignoreDisabled:true hasCrossProfilePerm:false: TSI.aNIC(csac)@A6s
09-03 16:46:15.696 I/Telecom:SamsungInCallController(  601): isCallDirectionCallsSupported : true
09-03 16:46:15.696 I/Telecom:SamsungInCallController(  601): isOutgoingCallsSupported : true
09-03 16:46:15.696 I/Telecom:SamsungInCallController(  601): isIncomingCallsSupported : true
09-03 16:46:15.696 I/Telecom:SamsungInCallController(  601): isUnknownCallsSupported : true
09-03 16:46:15.697 I/Telecom (  601): InCallController: packageName:com.samsung.android.app.routines INTERACT_ACROSS_USERS:true INTERACT_ACROSS_PROFILES:false INTERACT_ACROSS_PROFILES_APPOP:false: TSI.aNIC(csac)@A6s
09-03 16:46:15.698 I/Telecom (  601): InCallController: found:ComponentInfo{com.samsung.android.app.routines/com.samsung.android.app.routines.ui.mode.settings.standalone.bedtimemode.coverscreen.SleepModeCoverScreenInCallService} isRequestedtype:true isEnabled:false ignoreDisabled:true hasCrossProfilePerm:true: TSI.aNIC(csac)@A6s
09-03 16:46:15.698 I/Telecom:SamsungInCallController(  601): isCallDirectionCallsSupported : false
09-03 16:46:15.698 I/Telecom:SamsungInCallController(  601): isOutgoingCallsSupported : false
09-03 16:46:15.698 I/Telecom:SamsungInCallController(  601): isIncomingCallsSupported : false
09-03 16:46:15.698 I/Telecom:SamsungInCallController(  601): isUnknownCallsSupported : false
09-03 16:46:15.699 I/Telecom (  601): InCallController: packageName:com.samsung.android.dialer INTERACT_ACROSS_USERS:false INTERACT_ACROSS_PROFILES:false INTERACT_ACROSS_PROFILES_APPOP:false: TSI.aNIC(csac)@A6s
09-03 16:46:15.699 I/Telecom (  601): InCallController: found:ComponentInfo{com.samsung.android.dialer/com.android.incallui.InCallServiceImpl} isRequestedtype:false isEnabled:true ignoreDisabled:true hasCrossProfilePerm:false: TSI.aNIC(csac)@A6s
09-03 16:46:15.699 I/Telecom:SamsungInCallController(  601): isCallDirectionCallsSupported : false
09-03 16:46:15.699 I/Telecom:SamsungInCallController(  601): isOutgoingCallsSupported : false
09-03 16:46:15.699 I/Telecom:SamsungInCallController(  601): isIncomingCallsSupported : false
09-03 16:46:15.699 I/Telecom:SamsungInCallController(  601): isUnknownCallsSupported : false
09-03 16:46:15.700 I/Telecom (  601): InCallController: packageName:com.samsung.android.app.telephonyui INTERACT_ACROSS_USERS:true INTERACT_ACROSS_PROFILES:false INTERACT_ACROSS_PROFILES_APPOP:false: TSI.aNIC(csac)@A6s
09-03 16:46:15.700 I/Telecom (  601): InCallController: found:ComponentInfo{com.samsung.android.incallui/com.android.incallui.InCallServiceImpl} isRequestedtype:false isEnabled:true ignoreDisabled:true hasCrossProfilePerm:true: TSI.aNIC(csac)@A6s
09-03 16:46:15.700 I/Telecom:SamsungInCallController(  601): isCallDirectionCallsSupported : false
09-03 16:46:15.700 I/Telecom:SamsungInCallController(  601): isOutgoingCallsSupported : false
09-03 16:46:15.700 I/Telecom:SamsungInCallController(  601): isIncomingCallsSupported : false
09-03 16:46:15.700 I/Telecom:SamsungInCallController(  601): isUnknownCallsSupported : false
09-03 16:46:15.702 I/Telecom (  601): InCallController: packageName:com.samsung.android.watch.safety_assistance INTERACT_ACROSS_USERS:false INTERACT_ACROSS_PROFILES:false INTERACT_ACROSS_PROFILES_APPOP:false: TSI.aNIC(csac)@A6s
09-03 16:46:15.702 I/Telecom (  601): InCallController: found:ComponentInfo{com.samsung.android.watch.safety_assistance/com.samsung.android.watch.safety_assistance.service.call.incallservice.InCallServiceImpl} isRequestedtype:true isEnabled:false ignoreDisabled:true hasCrossProfilePerm:false: TSI.aNIC(csac)@A6s
09-03 16:46:15.702 I/Telecom (  601): Logging.Events: Non-call EVENT: NEW_ICSC, null, [ComponentInfo{android/com.android.ecm.EnhancedConfirmationCallTrackerService} supportsExternal? false supportsSelfMg?true]: TSI.aNIC(csac)@A6s
09-03 16:46:15.703 I/Telecom (  601): Logging.Events: Non-call EVENT: NEW_ICS_INFO, com.android.server.telecom.InCallController$InCallServiceBindingConnection@506eac6: TSI.aNIC(csac)@A6s
09-03 16:46:15.703 I/Telecom (  601): Logging.Events: Non-call EVENT: NEW_ICSC, null, [ComponentInfo{com.samsung.advancedcallservice/com.samsung.advancedcallservice.InCallServiceImpl} supportsExternal? false supportsSelfMg?false]: TSI.aNIC(csac)@A6s
09-03 16:46:15.703 I/Telecom (  601): Logging.Events: Non-call EVENT: NEW_ICS_INFO, com.android.server.telecom.InCallController$InCallServiceBindingConnection@a9e7a87: TSI.aNIC(csac)@A6s
09-03 16:46:15.703 I/Telecom (  601): InCallController$InCallServiceBindingConnection: Attempting to bind to InCall [ComponentInfo{android/com.android.ecm.EnhancedConfirmationCallTrackerService} supportsExternal? false supportsSelfMg?true], with Intent { act=android.telecom.InCallService cmp=android/com.android.ecm.EnhancedConfirmationCallTrackerService }: TSI.aNIC(csac)@A6s
09-03 16:46:15.712 I/Telecom (  601): InCallController$InCallServiceBindingConnection: using user id: UserHandle{-2} for binding. User from Call is: UserHandle{0}: TSI.aNIC(csac)@A6s
09-03 16:46:15.712 I/Telecom (  601): Logging.Events: Non-call EVENT: BIND_ICS, [ComponentInfo{android/com.android.ecm.EnhancedConfirmationCallTrackerService} supportsExternal? false supportsSelfMg?true]: TSI.aNIC(csac)@A6s
09-03 16:46:15.715 I/Telecom (  601): InCallController$InCallServiceBindingConnection: mCall: null, mIsConnected: true: TSI.aNIC(csac)@A6s
09-03 16:46:15.715 I/Telecom (  601): InCallController$InCallServiceBindingConnection: Attempting to bind to InCall [ComponentInfo{com.samsung.advancedcallservice/com.samsung.advancedcallservice.InCallServiceImpl} supportsExternal? false supportsSelfMg?false], with Intent { act=android.telecom.InCallService cmp=com.samsung.advancedcallservice/.InCallServiceImpl }: TSI.aNIC(csac)@A6s
09-03 16:46:15.716 I/Telecom (  601): InCallController$InCallServiceBindingConnection: using user id: UserHandle{-2} for binding. User from Call is: UserHandle{0}: TSI.aNIC(csac)@A6s
09-03 16:46:15.716 I/Telecom (  601): Logging.Events: Non-call EVENT: BIND_ICS, [ComponentInfo{com.samsung.advancedcallservice/com.samsung.advancedcallservice.InCallServiceImpl} supportsExternal? false supportsSelfMg?false]: TSI.aNIC(csac)@A6s
09-03 16:46:15.737 I/Telecom (  601): InCallController$InCallServiceBindingConnection: mCall: null, mIsConnected: true: TSI.aNIC(csac)@A6s
09-03 16:46:15.740 I/ClientConnection: PhoneAccountManager(17669): getPhoneAccountType: PHONE_ACCOUNT_HFP
09-03 16:46:15.747 W/system_server(  601): Long monitor contention with owner binder:601_7 (1159) at void com.android.server.telecom.TelecomServiceImpl$1.addNewIncomingCall(android.telecom.PhoneAccountHandle, android.os.Bundle, java.lang.String)(TelecomServiceImpl.java:1991) waiters=1 in void com.android.server.telecom.InCallController$InCallServiceBindingConnection$1.onServiceConnected(android.content.ComponentName, android.os.IBinder) for 135ms
09-03 16:46:15.748 I/ClientConnection: HfpClientConnService(17669): 1 remaining
09-03 16:46:15.749 I/ClientConnection: HfpClientConnService(17669): handleIntent com.samsung.android.clientconnection.hfp.ACTION_HANDLE_PENDING
09-03 16:46:15.749 I/ClientConnection: HfpClientConnService(17669): onStartCommand: keepRunning = truestartId end : 2
09-03 16:46:15.749 I/Telecom (  601): Logging.Events: Non-call EVENT: ICS_SERVICE_CONNECTED, com.android.bluetooth/.telephony.BluetoothInCallService, android.os.BinderProxy@fb51377, false, true, false, 6: ICSBC.oSC(cab)@A60
09-03 16:46:15.749 I/Telecom (  601): InCallController: onConnected to ComponentInfo{com.android.bluetooth/com.android.bluetooth.telephony.BluetoothInCallService}: ICSBC.oSC(cab)@A60
09-03 16:46:15.749 I/ClientConnection: HfpClientConnService(17669): onStartCommand: start - startId = 3
09-03 16:46:15.749 I/ClientConnection: HfpClientConnService(17669): handling intent since headset and headset client profiles is up
09-03 16:46:15.749 I/ClientConnection: HfpClientConnService(17669): handleIntent com.samsung.android.clientconnection.hfp.ACTION_UPDATE_CALLINFO
09-03 16:46:15.750 I/Telecom (  601): InCallController: Adding 0 calls to InCallService after onConnected: ComponentInfo{com.android.bluetooth/com.android.bluetooth.telephony.BluetoothInCallService}, including external calls: ICSBC.oSC(cab)@A60
09-03 16:46:15.750 I/ClientConnection: HfpClientConnService(17669): found it in matchPercent: 1.0
09-03 16:46:15.750 I/Telecom (  601): InCallController: 0 calls sent to InCallService.: ICSBC.oSC(cab)@A60
09-03 16:46:15.751 W/Looper  (  601): Slow dispatch took 147ms main app=system_server main=true group=FOREGROUND h=android.app.ActivityThread$H c=android.app.LoadedApk$ServiceDispatcher$RunConnection@111bbe4 m=0
09-03 16:46:15.759 I/Telecom:Telecom_Timing(  601): onServiceConnected from IncallService for GANG-ext
09-03 16:46:15.759 I/ClientConnection: HfpClientConnService(17669): onStartCommand: keepRunning = truestartId end : 3
09-03 16:46:15.760 I/Telecom (  601): Logging.Events: Non-call EVENT: ICS_SERVICE_CONNECTED, com.samsung.android.incallui/com.android.incallui.InCallServiceImpl, android.os.BinderProxy@224a84d, false, true, false, 2: ICSBC.oSC(csai)@A64
09-03 16:46:15.760 I/Telecom (  601): InCallController: onConnected to ComponentInfo{com.samsung.android.incallui/com.android.incallui.InCallServiceImpl}: ICSBC.oSC(csai)@A64
09-03 16:46:15.760 I/Telecom (  601): InCallController: trackCallingUserInterfaceStarted: com.samsung.android.incallui is now calling UX.: ICSBC.oSC(csai)@A64
09-03 16:46:15.761 I/Telecom (  601): InCallController: Adding 0 calls to InCallService after onConnected: ComponentInfo{com.samsung.android.incallui/com.android.incallui.InCallServiceImpl}, including external calls: ICSBC.oSC(csai)@A64
09-03 16:46:15.761 I/Telecom (  601): InCallController: 0 calls sent to InCallService.: ICSBC.oSC(csai)@A64
09-03 16:46:15.764 I/Telecom:Telecom_Timing(  601): onServiceConnected from IncallService for GANG-ext
09-03 16:46:15.764 I/SCallUI (17688): InCallServiceImpl@164960837 - CallFlow: onCallAudioStateChanged: [AudioState isMuted: false, route: SPEAKER, supportedRouteMask: SPEAKER, activeBluetoothDevice: [null], supportedBluetoothDevices: []]
09-03 16:46:15.765 I/Telecom (  601): Logging.Events: Non-call EVENT: ICS_SERVICE_CONNECTED, com.samsung.advancedcallservice/.InCallServiceImpl, android.os.BinderProxy@d714f02, false, true, false, 4: ICSBC.oSC(csa)@A68
09-03 16:46:15.765 I/Telecom (  601): InCallController: onConnected to ComponentInfo{com.samsung.advancedcallservice/com.samsung.advancedcallservice.InCallServiceImpl}: ICSBC.oSC(csa)@A68
09-03 16:46:15.765 I/SCallUI (17688): CallFlowImpl - onCallAudioStateChanged, [AudioState isMuted: false, route: SPEAKER, supportedRouteMask: SPEAKER, activeBluetoothDevice: [null], supportedBluetoothDevices: []]
09-03 16:46:15.766 I/SCallUI (17688): ViewModelsManager - onCallAudioStateChanged - skip, ViewModelState(IDLE), [AudioState isMuted: false, route: SPEAKER, supportedRouteMask: SPEAKER, activeBluetoothDevice: [null], supportedBluetoothDevices: []]
09-03 16:46:15.767 I/ClientConnection: HfpClientBroadcastReceiver(17669): onReceive: android.bluetooth.headsetclient.profile.action.VENDOR_SPECIFIC_EVENT
09-03 16:46:15.767 I/ClientConnection: HfpClientBroadcastReceiver(17669): ACTION_VENDOR_SPECIFIC_HEADSETCLIENT_EVENT:  ID: 117 CODE: +XSAT: ARGS: +XS**********************531 DEVICE: ***
09-03 16:46:15.770 I/Telecom (  601): InCallController: Adding 0 calls to InCallService after onConnected: ComponentInfo{com.samsung.advancedcallservice/com.samsung.advancedcallservice.InCallServiceImpl}, including external calls: ICSBC.oSC(csa)@A68
09-03 16:46:15.774 I/ClientConnection: HfpClientConnService(17669): onStartCommand: start - startId = 4
09-03 16:46:15.774 I/ClientConnection: HfpClientConnService(17669): handling intent since headset and headset client profiles is up
09-03 16:46:15.774 I/ClientConnection: HfpClientConnService(17669): handleIntent com.samsung.android.clientconnection.hfp.ACTION_UPDATE_CALLINFO
09-03 16:46:15.775 I/ClientConnection: HfpClientConnService(17669): found it in matchPercent: 1.0
09-03 16:46:15.779 I/ClientConnection: HfpClientConnService(17669): onStartCommand: keepRunning = truestartId end : 4
09-03 16:46:15.780 I/ClientConnection: HfpClientConnService(17669): onStartCommand: start - startId = 5
09-03 16:46:15.780 I/ClientConnection: HfpClientConnService(17669): handling intent since headset and headset client profiles is up
09-03 16:46:15.780 I/ClientConnection: HfpClientConnService(17669): handleIntent android.bluetooth.headsetclient.profile.action.VENDOR_SPECIFIC_EVENT
09-03 16:46:15.780 I/Telecom (  601): InCallController: 0 calls sent to InCallService.: ICSBC.oSC(csa)@A68
09-03 16:46:15.784 I/ClientConnection: HfpClientConnService(17669): handlePendingIntents: hasMessagesOrCallbacks
09-03 16:46:15.784 I/ClientConnection: HfpClientConnService(17669): onStartCommand: keepRunning = truestartId end : 5
09-03 16:46:15.785 I/ClientConnection: HfpClientBroadcastReceiver(17669): onReceive: android.bluetooth.headsetclient.profile.action.AG_CALL_CHANGED
09-03 16:46:15.785 I/Telecom:Telecom_Timing(  601): onServiceConnected from IncallService for GANG-ext
09-03 16:46:15.790 I/ClientConnection: HfpClientConnService(17669): onStartCommand: start - startId = 6
09-03 16:46:15.790 I/ClientConnection: HfpClientConnService(17669): handling intent since headset and headset client profiles is up
09-03 16:46:15.790 I/ClientConnection: HfpClientConnService(17669): handleIntent android.bluetooth.headsetclient.profile.action.AG_CALL_CHANGED
09-03 16:46:15.796 I/Telecom (  601): Logging.Events: Non-call EVENT: ICS_SERVICE_CONNECTED, android/com.android.ecm.EnhancedConfirmationCallTrackerService, android.telecom.InCallService$InCallServiceBinder@2e6a37c, false, true, false, 4: ICSBC.oSC(a)@A7A
09-03 16:46:15.801 I/ClientConnection: HfpClientConnService(17669): cleanupCalls: HfpClientConnection{***,RINGING,BluetoothHeadsetClientCall{mDevice: 1532097337, mId: 1, mUUID: 64681e54-2d23-4827-b066-6f0731d6c389, mState: INCOMING, mNumber: -1102342234, mMultiParty: false, mOutgoing: false, mInBandRing: false, mVirtual: false}}
09-03 16:46:15.804 I/ClientConnection: DataItemGenerator(17669): getDataItem path: /c_callservice/info
09-03 16:46:15.807 I/ClientConnection: HfpClientConnection(17669): Closing false cause: 5 connection : HfpClientConnection{***,RINGING,BluetoothHeadsetClientCall{mDevice: 1532097337, mId: 1, mUUID: 64681e54-2d23-4827-b066-6f0731d6c389, mState: INCOMING, mNumber: -1102342234, mMultiParty: false, mOutgoing: false, mInBandRing: false, mVirtual: false}}
09-03 16:46:15.807 I/ClientConnection: ClientConnection(17669): fireOnDestroyed: onDestroyed
09-03 16:46:15.807 I/ClientConnection: ClientConnectionManager(17669): onDestroyed: HfpClientConnection{***,DISCONNECTED,null}
09-03 16:46:15.807 I/ClientConnection: ClientConnectionManager(17669): onDestroyed. remained: 0
09-03 16:46:15.807 I/ClientConnection: HfpClientConnService(17669): cleanupCalls: Not added yet in ConnectionService, So removeConnection manually
09-03 16:46:15.807 I/ClientConnection: HfpClientConnService(17669): removeConnection HfpClientConnection{***,DISCONNECTED,null}
09-03 16:46:15.808 I/ClientConnection: HfpClientConnService(17669): enableAudio:Enable Audio Request - enable:false redirect:false reason:connection removed with no active calls
09-03 16:46:15.818 I/Telecom (  601): InCallController: onConnected to ComponentInfo{android/com.android.ecm.EnhancedConfirmationCallTrackerService}: ICSBC.oSC(a)@A7A
09-03 16:46:15.818 I/Telecom (  601): InCallController: Adding 0 calls to InCallService after onConnected: ComponentInfo{android/com.android.ecm.EnhancedConfirmationCallTrackerService}, including external calls: ICSBC.oSC(a)@A7A
09-03 16:46:15.819 I/Telecom (  601): InCallController: 0 calls sent to InCallService.: ICSBC.oSC(a)@A7A
09-03 16:46:15.820 I/ClientConnection: PhoneAccountManager(17669): getPhoneAccountType: PHONE_ACCOUNT_HFP
09-03 16:46:15.821 I/ClientConnection: ClientConnectionManager(17669): hfpCallInfoChanged : mClientConnections is empty
09-03 16:46:15.825 I/ClientConnection: DataItemGenerator(17669): deleteDataItem:  wear:/c_callservice/mute
09-03 16:46:15.826 I/ClientConnection: HfpClientConnService(17669): Got call BluetoothHeadsetClientCall{mDevice: 1532097337, mId: 1, mUUID: 64681e54-2d23-4827-b066-6f0731d6c389, mState: TERMINATED, mNumber: -1102342234, mMultiParty: false, mOutgoing: false, mInBandRing: false, mVirtual: false}
09-03 16:46:15.826 I/ClientConnection: HfpClientConnService(17669): Got connection null
09-03 16:46:15.826 I/Telecom:Telecom_Timing(  601): CS_BOUND for GANGA
09-03 16:46:15.827 I/Telecom (  601): ServiceBinder$ServiceBinderConnection: Service bound ComponentInfo{com.samsung.android.clientconnection/com.samsung.android.clientconnection.hfp.HfpClientConnectionService}: SBC.oSC(csac)@A7M
09-03 16:46:15.827 I/Telecom (  601): Event: RecordEntry TC@10: CS_BOUND, ComponentInfo{com.samsung.android.clientconnection/com.samsung.android.clientconnection.hfp.HfpClientConnectionService}: SBC.oSC(csac)@A7M
09-03 16:46:15.837 I/ClientConnection: DataItemGenerator(17669): deleteDataItem:  wear:/c_callservice/cmc_pd_external_call
09-03 16:46:15.838 I/Telecom (  601): Event: RecordEntry TC@10: START_CONNECTION, null via:, true, ComponentInfo{com.samsung.android.clientconnection/com.samsung.android.clientconnection.hfp.HfpClientConnectionService}, ComponentInfo{com.samsung.android.clientconnection/com.samsung.android.clientconnection.hfp.HfpClientConnectionService}, ***, UserHandle{0}, Audio Only: SBC.oSC(csac)@A7M
09-03 16:46:15.842 I/Telecom (  601): TelecomServiceImpl$1: isInEmergencyCall: false: TSI.iIEC@A7Q
09-03 16:46:15.845 V/AS.AudioDeviceBroker(  601): requestedCommunicationDevice: null mAudioModeOwner: AudioModeInfo: mMode=MODE_NORMAL, mPid=0, mUid=0
09-03 16:46:15.845 I/ClientConnection: HfpClientConnService(17669): new call state : CALL_STATE_TERMINATED
09-03 16:46:15.845 I/ClientConnection: HfpClientConnService(17669): disallowNewCall: CALL_STATE_TERMINATED
09-03 16:46:15.845 I/ClientConnection: HfpClientConnService(17669): 0 remaining
09-03 16:46:15.845 I/ClientConnection: HfpClientConnService(17669): handlePendingIntents: hasMessagesOrCallbacks
09-03 16:46:15.845 I/ClientConnection: HfpClientConnService(17669): onStartCommand: keepRunning = truestartId end : 6
09-03 16:46:15.853 I/Telecom (  601): PhoneAccountRegistrar: getSimCallManager: SimCallManager for subId -1 queried, returning: null: (...->CS.aCSA->H.CS.aCSA)->CSW.qRCS(csac)@E-E-A7M
09-03 16:46:15.853 W/Telecom (  601): ConnectionServiceWrapper: call provider also detected as SIM call manager: [ConnectionServiceWrapper componentName=ComponentInfo{com.samsung.android.clientconnection/com.samsung.android.clientconnection.hfp.HfpClientConnectionService}]: (...->CS.aCSA->H.CS.aCSA)->CSW.qRCS(csac)@E-E-A7M
09-03 16:46:15.853 I/Telecom (  601): ConnectionServiceWrapper: queryRemoteConnectionServices, simServices = []: (...->CS.aCSA->H.CS.aCSA)->CSW.qRCS(csac)@E-E-A7M
09-03 16:46:15.855 I/TelecomFramework(17669): HfpClientConnectionService: createConnection, callManagerAccount: ComponentInfo{com.samsung.android.clientconnection/com.samsung.android.clientconnection.hfp.HfpClientConnectionService}, ***, UserHandle{0}, callId: TC@10_1, request: ConnectionRequest  <MASKED> isAdhocConf: N, isIncoming: true, isUnknown: false, isLegacyHandover: false, isHandover: false,  addSelfManaged: true: (SBC.oSC)->CS.crCo->H.CS.crCo->H.CS.crCo.pICR(csac/cast)@E-A7M
09-03 16:46:15.856 I/ClientConnection: HfpClientConnService(17669): onCreateIncomingConnection ComponentInfo{com.samsung.android.clientconnection/com.samsung.android.clientconnection.hfp.HfpClientConnectionService}, ***, UserHandle{0} req: ConnectionRequest  <MASKED> isAdhocConf: N
09-03 16:46:15.857 W/ClientConnection: HfpClientConnService(17669): getHfpClientConnection: Cannot find connection in mConnections, check ClientConnectionManager
09-03 16:46:15.858 W/ClientConnection: HfpClientConnService(17669): getHfpClientConnection: There is no connection both mConnection & ClientConnectionManager: 47552554-97c0-4cbb-9141-ec69968c85d0
09-03 16:46:15.858 E/ClientConnection: HfpClientConnService(17669): Connection should exist in our db, if it doesn't we dont know how to handle this call.
09-03 16:46:15.858 I/TelecomFramework(17669): HfpClientConnectionService: createConnection, implementation returned null connection.: (SBC.oSC)->CS.crCo->H.CS.crCo->H.CS.crCo.pICR(csac/cast)@E-A7M
09-03 16:46:15.860 I/Telecom:Telecom_Timing(  601): handleCreateConnectionComplete for GANGA
09-03 16:46:15.865 I/Telecom (  601): Call: handleCreateConnectionFailure; callid=TC@10, disconnectCause=DisconnectCause [ Code: (ERROR) Label: () Description: () Reason: (IMPL_RETURNED_NULL_CONNECTION) Tone: (-1)  TelephonyCause: 36/65535 ImsReasonInfo: null]: (...->CS.crCo->H.CS.crCo->H.CS.crCo.pICR)->CSW.hCCC(csac/cast)@E-E-A7M
09-03 16:46:15.865 I/Telecom (  601): ConnectionServiceWrapper: Call count decrement 0, com.samsung.android.clientconnection/.hfp.HfpClientConnectionService: (...->CS.crCo->H.CS.crCo->H.CS.crCo.pICR)->CSW.hCCC(csac/cast)@E-E-A7M
09-03 16:46:15.866 I/Telecom (  601): ConnectionServiceWrapper: Service unbound ComponentInfo{com.samsung.android.clientconnection/com.samsung.android.clientconnection.hfp.HfpClientConnectionService}, from unbind.: (...->CS.crCo->H.CS.crCo->H.CS.crCo.pICR)->CSW.hCCC(csac/cast)@E-E-A7M
09-03 16:46:15.868 I/ClientConnection: HfpClientConnService(17669): onUnbind: Intent { act=android.telecom.ConnectionService xflg=0x4 cmp=com.samsung.android.clientconnection/.hfp.HfpClientConnectionService }
09-03 16:46:15.880 I/Telecom (  601): CallsManager: handleConnectionServiceDeath: service [ConnectionServiceWrapper componentName=ComponentInfo{com.samsung.android.clientconnection/com.samsung.android.clientconnection.hfp.HfpClientConnectionService}] died: (...->CS.crCo->H.CS.crCo->H.CS.crCo.pICR)->CSW.hCCC(csac/cast)@E-E-A7M
09-03 16:46:15.881 I/Telecom (  601): CallsManager: markCallAsDisconnected: call=[Call id=TC@10, state=NEW, tpac=ComponentInfo{com.samsung.android.clientconnection/com.samsung.android.clientconnection.hfp.HfpClientConnectionService}, ***, UserHandle{0}, cmgr=ComponentInfo{com.samsung.android.clientconnection/com.samsung.android.clientconnection.hfp.HfpClientConnectionService}, ***, UserHandle{0}, handle=null, vidst=A, childs(0), has_parent(false), cap=[], prop=[]], voip=false; disconnectCause=DisconnectCause [ Code: (ERROR) Label: () Description: () Reason: (IMPL_RETURNED_NULL_CONNECTION) Tone: (-1)  TelephonyCause: 36/65535 ImsReasonInfo: null]: (...->CS.crCo->H.CS.crCo->H.CS.crCo.pICR)->CSW.hCCC(csac/cast)@E-E-A7M
09-03 16:46:15.890 I/Telecom (  601): CallAnomalyWatchdog: onCreateConnectionFailed: call=[Call id=TC@10, state=NEW, tpac=ComponentInfo{com.samsung.android.clientconnection/com.samsung.android.clientconnection.hfp.HfpClientConnectionService}, ***, UserHandle{0}, cmgr=ComponentInfo{com.samsung.android.clientconnection/com.samsung.android.clientconnection.hfp.HfpClientConnectionService}, ***, UserHandle{0}, handle=null, vidst=A, childs(0), has_parent(false), cap=[], prop=[]], voip=false: (...->CS.crCo->H.CS.crCo->H.CS.crCo.pICR)->CSW.hCCC(csac/cast)@E-E-A7M
09-03 16:46:15.890 I/Telecom (  601): CallsManager: setCallState NEW -> DISCONNECTED, call: [Call id=TC@10, state=NEW, tpac=ComponentInfo{com.samsung.android.clientconnection/com.samsung.android.clientconnection.hfp.HfpClientConnectionService}, ***, UserHandle{0}, cmgr=ComponentInfo{com.samsung.android.clientconnection/com.samsung.android.clientconnection.hfp.HfpClientConnectionService}, ***, UserHandle{0}, handle=null, vidst=A, childs(0), has_parent(false), cap=[], prop=[]], voip=false: (...->CS.crCo->H.CS.crCo->H.CS.crCo.pICR)->CSW.hCCC(csac/cast)@E-E-A7M
09-03 16:46:15.897 I/Telecom:SamsungCall(  601): isRespondViaSmsCapable : false
09-03 16:46:15.899 I/Telecom (  601): Event: RecordEntry TC@10: SET_DISCONNECTED, disconnected set explicitly> DisconnectCause [ Code: (ERROR) Label: () Description: () Reason: (IMPL_RETURNED_NULL_CONNECTION) Tone: (-1)  TelephonyCause: 36/65535 ImsReasonInfo: null]: (...->CS.crCo->H.CS.crCo->H.CS.crCo.pICR)->CSW.hCCC(csac/cast)@E-E-A7M
09-03 16:46:15.900 I/Telecom (  601): CallsManager: onFailedIncomingCall for call [Call id=TC@10, state=DISCONNECTED, tpac=ComponentInfo{com.samsung.android.clientconnection/com.samsung.android.clientconnection.hfp.HfpClientConnectionService}, ***, UserHandle{0}, cmgr=ComponentInfo{com.samsung.android.clientconnection/com.samsung.android.clientconnection.hfp.HfpClientConnectionService}, ***, UserHandle{0}, handle=null, vidst=A, childs(0), has_parent(false), cap=[], prop=[]], voip=false: (...->CS.crCo->H.CS.crCo->H.CS.crCo.pICR)->CSW.hCCC(csac/cast)@E-E-A7M
09-03 16:46:15.901 I/Telecom (  601): CallsManager: setCallState DISCONNECTED -> DISCONNECTED, call: [Call id=TC@10, state=DISCONNECTED, tpac=ComponentInfo{com.samsung.android.clientconnection/com.samsung.android.clientconnection.hfp.HfpClientConnectionService}, ***, UserHandle{0}, cmgr=ComponentInfo{com.samsung.android.clientconnection/com.samsung.android.clientconnection.hfp.HfpClientConnectionService}, ***, UserHandle{0}, handle=null, vidst=A, childs(0), has_parent(false), cap=[], prop=[]], voip=false: (...->CS.crCo->H.CS.crCo->H.CS.crCo.pICR)->CSW.hCCC(csac/cast)@E-E-A7M
09-03 16:46:15.912 I/hwservicemanager(  287): getTransport: Cannot find entry android.hardware.memtrack@1.0::IMemtrack/default in either framework or device VINTF manifest.
09-03 16:46:15.923 I/hwservicemanager(  287): getTransport: Cannot find entry android.hardware.memtrack@1.0::IMemtrack/default in either framework or device VINTF manifest.
09-03 16:46:15.924 E/HidlServiceManagement(18787): Service android.hardware.memtrack@1.0::IMemtrack/default must be in VINTF manifest in order to register/get.
09-03 16:46:15.925 E/LegacySupport(18787): Could not register service android.hardware.memtrack@1.0::IMemtrack/default (-2147483648).
09-03 16:46:16.418 I/Sensors (  455): context 9 0 8 1,1,54,2,0,0,0,0,0, 11381132711238
09-03 16:46:16.419 D/Sensors (  455): scontext len: 9, inst: 1, type: 1, LibType: 54
09-03 16:46:16.420 I/Sensors (  455): handleOffBodyStatus[46] received offbody detect 0 mode: 100 status 0 0 1
09-03 16:46:16.421 I/Sensors (  455): Parsed libType: 54(76) 9, status 1
09-03 16:46:16.421 I/Sensors (  455): send LowPowerOffbodyDetectorSensor meta complete
09-03 16:46:16.430 I/SCallUI (17688): OffBodyDetectorUtil - onSensorChanged, isOffBody : true
09-03 16:46:16.431 I/StConnectionStatusService( 2367): off-body status:0.0
09-03 16:46:16.433 I/WearBluetoothSwitch(  601): onSensorChanged 0, activation true, acl_state true, isSetupCompleted true
09-03 16:46:16.433 D/WearBluetoothSwitch(  601): ignore
09-03 16:46:16.433 I/SHW - OffBodyDetectSensor( 2018): onSensorDataReceived:android.hardware.SensorEvent@219395a
09-03 16:46:16.437 I/WCSExt[1.0]( 1576): [SensorEventReceiver] event is com.samsung.sensor.low_power_offbody_detector/Samsung LowPower Offbody Detector
09-03 16:46:16.438 I/WCSExt[1.0]( 1576): [SensorEventReceiver] Watch is on wrist [false]
09-03 16:46:16.447 I/WCSExt[1.0]( 1576): [DeviceInfoCollector] setRuntimeInfo / key[wearingState] / value[false]
09-03 16:46:16.458 W/WearOnOffModule( 1044): [WearOnOffModule$1] onSensorChanged(26) > wearingStatus [0.000000]
09-03 16:46:16.459 I/WearOnOffModule( 1044): [WearOnOffModule$1] onSensorChanged(82) > wearing: 0.0, SensorRegistered: true
09-03 16:46:16.468 I/WearOnOffSubjectImpl( 1044): [WearOnOffSubjectImpl$$ExternalSyntheticLambda0] accept(26) > com.google.android.clockwork.sysui.wnotification.dashboardplugin.NotificationHorizontalPageScroller$getWearOnOffListener$1@860efac onWearStatusChanged()
09-03 16:46:16.479 I/SHW - OffBodyDetectSensor( 2018): onSensorDataReceived:android.hardware.SensorEvent@4f35bba
09-03 16:46:16.481 I/SHW - OffBodyDetectSensor( 2018): [onSensorDataReceived] it.values[0]:0.0
09-03 16:46:16.481 I/bt_btm_pm( 1193): system/stack/acl/btm_pm.cc:280 BTM_SetPowerMode: Setting power mode for peer:xx:xx:xx:xx:71:14 current_mode:immediate:active[0] new_mode:forced:sniff[2]
09-03 16:46:16.482 I/bt_btm_pm( 1193): system/stack/acl/btm_pm.cc:573 btm_pm_snd_md_req: Switching from immediate:active[0x00] to immediate:sniff[0x02]
09-03 16:46:16.482 I/bt_btm_pm( 1193): system/stack/acl/btm_pm.cc:963 btm_sniff_wakelock: set sniff wakelock
09-03 16:46:16.483 I/SHW - OffBodyDetectSensor( 2018): [onSensorDataReceived] it.values[0]:0.0
09-03 16:46:16.488 I/WearOnOffSubjectImpl( 1044): [WearOnOffSubjectImpl$$ExternalSyntheticLambda0] accept(26) > com.google.android.clockwork.sysui.mainui.module.sec.quicklaunch.QuickLauncherModule@55c5acb onWearStatusChanged()
09-03 16:46:16.492 I/bt_btm_pm( 1193): system/stack/acl/btm_pm.cc:720 btm_pm_proc_mode_change: Power mode switched from immediate:pending[5] to immediate:sniff[2]
09-03 16:46:16.498 I/SysUI   ( 1044): [SmartGestureImpl] removeListener(8) > SmartGestureImpl
09-03 16:46:16.499 I/SHW - MovementTracker( 2018): [onDataReceived]isOnBody:false
09-03 16:46:16.499 I/WearOnOffSubjectImpl( 1044): [WearOnOffSubjectImpl$$ExternalSyntheticLambda0] accept(26) > com.google.android.clockwork.sysui.mainui.module.watchfaceoverlay2.SecWatchFaceOverlayUi@b0738c8 onWearStatusChanged()
09-03 16:46:16.500 I/SHW - OffBodyDetectorSensorHelper( 2018): [offBodyDetectorSensor.listener]isOnBody:false
09-03 16:46:16.500 W/SHW - EventLog( 2018): [writeLog] delete job is already working...
09-03 16:46:16.500 I/SHW - EventLog( 2018): [writeLog] delete checking...
09-03 16:46:16.504 I/SHW - EventLog( 2018): [writeLog] delete checking...
09-03 16:46:16.504 I/SHW - MovementTracker( 2018): [offBodyDetectSensorObserver] onDataReceived: Detached
09-03 16:46:16.505 I/SHW - MovementTracker( 2018): [-]stop Movement tracking
09-03 16:46:16.505 W/SHW - EventLog( 2018): [writeLog] delete job is already working...
09-03 16:46:16.510 I/SHW - MovementSensor( 2018): flushSensor
09-03 16:46:16.510 I/SHW - SamsungSensor( 2018): [flushSensor]TYPE_MOVEMENT_ANALYZER <<< 
09-03 16:46:16.510 W/SHW - EventLog( 2018): [writeLog] delete job is already working...
09-03 16:46:16.511 I/SHW - EventLog( 2018): [writeLog] delete check complete
09-03 16:46:16.512 W/SHW - SamsungSensor( 2018): [setRuntimeSensorAttribute]TYPE_MOVEMENT_ANALYZER sensor not started
09-03 16:46:16.512 W/SHW - SamsungSensor( 2018): [flushSensor]TYPE_MOVEMENT_ANALYZER:flush attribute set fail
09-03 16:46:16.514 I/SHW - EventLog( 2018): [writeLog] delete check complete
09-03 16:46:16.515 I/SHW - SamsungSensor( 2018): [flushSensor]TYPE_MOVEMENT_ANALYZER >>> 
09-03 16:46:16.515 I/SHW - SamsungSensor( 2018): [stop]HealthSensorType(type=56, name=TYPE_MOVEMENT_ANALYZER)
09-03 16:46:16.517 I/SemSensorManager( 2018): No listenerDelegate. unregisterListener finish
09-03 16:46:16.518 I/SHW - HealthSensor( 2018): unregisterListener ~~listener 0 = 5689167
09-03 16:46:16.532 I/bt_btm_pm( 1193): system/stack/acl/btm_pm.cc:958 btm_sniff_wakelock_timeout: btm sniff wakelock timeout
09-03 16:46:16.619 D/io_stats(  319): !@ 179,0 r 457409 10096684 w 43128 417560 d 8289 623412 f 3240 4345 iot 663844 0 th 0 0 0 pt 0 inp 0 0 11001.903
09-03 16:46:16.621 D/io_stats(  319): !@ Read_top(KB): id.wear.shealth(2018) 1572 system_server(601) 420 .wearable.sysui(1044) 388
09-03 16:46:16.621 D/io_stats(  319): !@ Write_top(KB): .gms.persistent(1288) 48 vendor.samsung.(489) 8
09-03 16:46:17.031 D/WifiHAL (  458): GetLinkStatCommand: zero radio case
09-03 16:46:17.093 E/BatteryStatsService(  601): Invalid uid for waking network packet: -1
09-03 16:46:17.096 E/BatteryStatsService(  601): Invalid uid for waking network packet: -1
09-03 16:46:17.536 I/adbd    ( 1489): New TLS connection [fd=25]
09-03 16:46:17.541 I/adbd    ( 1489): host-25: write thread spawning
09-03 16:46:17.541 I/adbd    ( 1489): host-25: read thread spawning
09-03 16:46:17.541 I/adbd    ( 1489): host-25: read failed: Success
09-03 16:46:17.541 I/adbd    ( 1489): host-25: connection terminated: read failed
09-03 16:46:17.541 I/adbd    ( 1489): BlockingConnectionAdapter(host-25): stopping
09-03 16:46:17.543 I/adbd    ( 1489): BlockingConnectionAdapter(host-25): stopped
09-03 16:46:17.543 I/adbd    ( 1489): BlockingConnectionAdapter(host-25): destructing
09-03 16:46:17.543 I/adbd    ( 1489): BlockingConnectionAdapter(host-25): already stopped
09-03 16:46:17.935 E/SSRM:DHMS_BASEFRAMEWORK(  601): e = /sys/class/sec/sec-cp-thermistor/temperature: open failed: ENOENT (No such file or directory)
09-03 16:46:17.944 I/SSRM:Temperature(  601): SIOP:: AP : 411 CP : -999 BLK : 429 BAT : 391
09-03 16:46:18.071 I/SurfaceFlinger(  514): SFWD update time=11003354956398
09-03 16:46:18.144 E/BatteryStatsService(  601): Invalid uid for waking network packet: -1
09-03 16:46:18.147 E/BatteryStatsService(  601): Invalid uid for waking network packet: -1
09-03 16:46:18.155 E/BatteryStatsService(  601): Invalid uid for waking network packet: -1
09-03 16:46:18.157 E/BatteryStatsService(  601): Invalid uid for waking network packet: -1
09-03 16:46:18.159 E/BatteryStatsService(  601): Invalid uid for waking network packet: -1
09-03 16:46:18.162 E/BatteryStatsService(  601): Invalid uid for waking network packet: -1
09-03 16:46:18.329 I/bt_btm_pm( 1193): system/stack/acl/btm_pm.cc:720 btm_pm_proc_mode_change: Power mode switched from immediate:sniff[2] to immediate:active[0]
09-03 16:46:18.491 D/WearServices( 1056): [GcoreWearableListenerService]onCreate()
09-03 16:46:18.494 D/ActivityThread( 1288): Too many transaction errors, throttling freezer binder callback.
09-03 16:46:18.499 W/ContextImpl( 1056): Calling a method in the system process without a qualified user: android.app.ContextImpl.bindService:2096 android.content.ContextWrapper.bindService:896 com.google.android.gms.wearable.zzv.dispatchMessageTraced:46 com.google.android.gms.libs.punchclock.threads.TracingHandler.dispatchMessage:1 android.os.Looper.loopOnce:272 
09-03 16:46:18.503 D/WearServices( 1056): [DispatchingGmsEventListener]onMessageReceived: path = /call/rpc/reset_call_state
09-03 16:46:18.625 D/io_stats(  319): !@ 179,0 r 457409 10096684 w 43130 417604 d 8289 623412 f 3240 4345 iot 663856 0 th 0 0 0 pt 0 inp 0 0 11003.908
09-03 16:46:19.428 I/bt_btm_pm( 1193): system/stack/acl/btm_pm.cc:280 BTM_SetPowerMode: Setting power mode for peer:xx:xx:xx:xx:71:14 current_mode:immediate:active[0] new_mode:forced:sniff[2]
09-03 16:46:19.429 I/bt_btm_pm( 1193): system/stack/acl/btm_pm.cc:573 btm_pm_snd_md_req: Switching from immediate:active[0x00] to immediate:sniff[0x02]
09-03 16:46:19.429 I/bt_btm_pm( 1193): system/stack/acl/btm_pm.cc:963 btm_sniff_wakelock: set sniff wakelock
09-03 16:46:19.454 I/bt_btm_pm( 1193): system/stack/acl/btm_pm.cc:720 btm_pm_proc_mode_change: Power mode switched from immediate:pending[5] to immediate:sniff[2]
09-03 16:46:19.482 I/bt_btm_pm( 1193): system/stack/acl/btm_pm.cc:958 btm_sniff_wakelock_timeout: btm sniff wakelock timeout
09-03 16:46:19.650 E/BatteryStatsService(  601): Invalid uid for waking network packet: -1
09-03 16:46:19.653 E/BatteryStatsService(  601): Invalid uid for waking network packet: -1
09-03 16:46:19.655 E/BatteryStatsService(  601): Invalid uid for waking network packet: -1
09-03 16:46:19.657 E/BatteryStatsService(  601): Invalid uid for waking network packet: -1
09-03 16:46:19.659 E/BatteryStatsService(  601): Invalid uid for waking network packet: -1
09-03 16:46:19.661 E/BatteryStatsService(  601): Invalid uid for waking network packet: -1
09-03 16:46:19.663 E/BatteryStatsService(  601): Invalid uid for waking network packet: -1
09-03 16:46:20.008 D/WearServices( 1056): [GcoreWearableListenerService]onDestroy()
09-03 16:46:20.174 D/WifiHAL (  458): GetLinkStatCommand: zero radio case
09-03 16:46:20.404 E/BatteryStatsService(  601): Invalid uid for waking network packet: -1
09-03 16:46:20.407 E/BatteryStatsService(  601): Invalid uid for waking network packet: -1
09-03 16:46:20.414 E/BatteryStatsService(  601): Invalid uid for waking network packet: -1
09-03 16:46:20.417 E/BatteryStatsService(  601): Invalid uid for waking network packet: -1
09-03 16:46:20.419 E/BatteryStatsService(  601): Invalid uid for waking network packet: -1
09-03 16:46:20.421 E/BatteryStatsService(  601): Invalid uid for waking network packet: -1
09-03 16:46:20.423 E/BatteryStatsService(  601): Invalid uid for waking network packet: -1
09-03 16:46:20.630 D/io_stats(  319): !@ Write_top(KB): id.wear.shealth(2018) 44
09-03 16:46:20.799 I/hwservicemanager(  287): getTransport: Cannot find entry android.hardware.memtrack@1.0::IMemtrack/default in either framework or device VINTF manifest.
09-03 16:46:20.808 I/hwservicemanager(  287): getTransport: Cannot find entry android.hardware.memtrack@1.0::IMemtrack/default in either framework or device VINTF manifest.
09-03 16:46:20.809 E/HidlServiceManagement(18797): Service android.hardware.memtrack@1.0::IMemtrack/default must be in VINTF manifest in order to register/get.
09-03 16:46:20.809 E/LegacySupport(18797): Could not register service android.hardware.memtrack@1.0::IMemtrack/default (-2147483648).
09-03 16:46:20.820 I/bt_btm_pm( 1193): system/stack/acl/btm_pm.cc:720 btm_pm_proc_mode_change: Power mode switched from immediate:sniff[2] to immediate:active[0]
09-03 16:46:20.966 D/ActivityThread( 1288): Too many transaction errors, throttling freezer binder callback.
09-03 16:46:20.991 I/ContactWearableListenerService[CS] (17827): put file to managing map: SALogsJSONFile1788434179698.zip
09-03 16:46:20.993 I/ContactWearableListenerService[CS] (17827): ## file receiving start: SALogsJSONFile1788434179698.zip
09-03 16:46:21.027 I/droid.bluetooth( 1193): Background concurrent mark compact GC freed 2141KB AllocSpace bytes, 0(0B) LOS objects, 49% free, 2232KB/4465KB, paused 1.183ms,3.786ms total 128.106ms
09-03 16:46:21.027 W/droid.bluetooth( 1193): Reducing the number of considered missed Gc histogram windows from 192 to 100
09-03 16:46:21.082 I/ContactWearableListenerService[CS] (17827): ### receiving file is completed! SALogsJSONFile1788434179698.zip
09-03 16:46:21.112 I/ContactWearableListenerService[CS] (17827): [enqueueReceivedFile] enqueue file: SALogsJSONFile1788434179698.dat
09-03 16:46:21.114 I/CommandJobService[CS] (17827): job started
09-03 16:46:21.119 I/MessageDataSource[CS] (17827): get node successfully
09-03 16:46:21.121 I/CommandWorker[CS] (17827): work start
09-03 16:46:21.122 I/CommandWorker[CS] (17827): WORKER ENTER needStop : false total : 1 scheduled :0 finished :0 pending : 0 elapsed : 0 sec completed tail : [] isReady :  true
09-03 16:46:21.126 I/CommandDispatcher[CS] (17827): start CallLogSyncCommand
09-03 16:46:21.127 I/MessageDataSource[CS] (17827): send message successfully!
09-03 16:46:21.132 I/CallLogSyncCommand[CS] (17827): mergeOneNumberCallLog
09-03 16:46:21.144 I/CallLogUtil( 1787): getCheckedQueryBuilder voicemailPermissions: true
09-03 16:46:21.160 I/CallLogUtil( 1787): getCheckedQueryBuilder voicemailPermissions: true
09-03 16:46:21.171 I/CallLogProviderDataSource[CS] (17827): call logs count: 1
09-03 16:46:21.177 I/WCSExt[1.0]( 1576): [CompanionInfoProvider] uri : content://com.samsung.android.wcs.extension.provider.companion/one_number
09-03 16:46:21.178 I/WCSExt[1.0]( 1576): [PreferenceCursorUtil] value : false
09-03 16:46:21.192 I/ContactsDatabaseHelper( 1787): updateUseStrictPhoneNumberComparison: IN
09-03 16:46:21.215 I/ContentObserverDataSourceImpl[WEAR_D] ( 4513): uri : content://call_log onChange
09-03 16:46:21.216 I/CallLogListRepositoryImpl[WEAR_D] ( 4513): ContentObserver triggered
09-03 16:46:21.216 I/AWM/CallLogTagDbObserver( 3733): CallLogTagDbObserver onChange 
09-03 16:46:21.216 I/CallLogListRepositoryImpl[WEAR_D] ( 4513): getCallLogCursor
09-03 16:46:21.227 I/CommandDispatcher[CS] (17827): start BnrCommand
09-03 16:46:21.229 I/CommandDispatcher[CS] (17827): start CallLogChangedCommand
09-03 16:46:21.233 I/ContactsSyncApplication[CS] (17827): call log changed try to run CommandJobService
09-03 16:46:21.234 I/CallLogUtil( 1787): getCheckedQueryBuilder voicemailPermissions: true
09-03 16:46:21.234 I/CallLogUtil( 1787): getCheckedQueryBuilder voicemailPermissions: true
09-03 16:46:21.235 I/AWM/CallLogTagDbObserver( 3733): CallLogTagDbObserver onChange 
09-03 16:46:21.256 I/CallLogChangedCommand[CS] (17827): call log ids: [167]
09-03 16:46:21.257 I/CallLogUtil( 1787): getCheckedQueryBuilder voicemailPermissions: true
09-03 16:46:21.258 I/CallLogUtil( 1787): getCheckedQueryBuilder voicemailPermissions: true
09-03 16:46:21.262 I/CallLogUtil( 1787): getCheckedQueryBuilder voicemailPermissions: true
09-03 16:46:21.277 I/CallLogListRepositoryImpl[WEAR_D] ( 4513): getCallLogCursor completed. 111 entries fetched
09-03 16:46:21.283 I/CallLogChangedCommand[CS] (17827): no read call log ids
09-03 16:46:21.288 I/CallLogUtil( 1787): getCheckedQueryBuilder voicemailPermissions: true
09-03 16:46:21.289 I/CallLogCacheDataHolder[WEAR_D] ( 4513): callLogUiModel : CallLogUiDisplayModel(callLogUiModel=[CallLogUiModel(listInGroup=[BaseCallLog(id=727, type=3, number=+917219553531, numberPresentation=1, date=1788434173073, duration=0, subscriptionId=89918610400759021752, simCardId=-1, isRead=false, cachedName=AM, cachedNumberType=2, cachedNumberLabel=null, countryIso=IN, cachedLookupUri=content://com.android.contacts/contacts/lookup/0r553-2A42/675, cachedMatchedNumber=null, cachedNormalizedNumber=null, cachedFormattedNumber=null, cachedPhotoId=0, phoneAccountComponentName=com.android.phone/com.android.services.telephony.TelephonyConnectionService, logType=1000, e164Number=null, cachedPhotoUri=null, callLogId=0, contactId=675, secRtt=null, smartCallInfo=null, isCallFromPhone=true, displayNameSource=0, isValidNumber=false, cnapName=null, status=LOADED, secIccId=null, postDialDigits=, tag=null)], isDate=true, isFirstItem=false, simSlotIcon=-1, mainTextInfo=MainTextInfo(mainText=, isMainTextNumber=false, isMainTextTag=false), isEmergencyNumber=false, isVoicemailNumber=false, isTrustedContact=false), CallLogUiModel(listInGroup=[BaseCallLog(id=727, type=3, number=+917219553531, numberPresentation=1, date=1788434173073, duration=0, subscriptionId=89918610400759021752, simCardId=-1, isRead=false, cachedName=AM, cachedNumberType=2, cachedNumberLabel=null, countryIso=IN, cachedLookupUri=content://com.android.contacts/contacts/lookup/0r553-2A42/675, cachedMatchedNumber=null, cachedNormalizedNumber=null, cachedFormattedNumber=null, cachedPhotoId=0, phoneAccountComponentName=com.android.phone/com.android.services.telephony.TelephonyConnectionService, logType=1000, e164Number=null, cachedPhotoUri=null, callLogId=0, contactId=675, secRtt=null, smartCallInfo=null, isCallFromPhone=true, displayNameSource=0, isValidNumber=false, cnapName=null, status=LOADED, secIccId=null, postDialDigits=, tag=null)], isDate=false, isFirstItem=true, simSlotIcon=-1, mainTextInfo=MainTextInfo(mainText=AM, isMainTextNumber=false, isMainTextTag=false), isEmergencyNumber=false, isVoicemailNumber=false, isTrustedContact=false), CallLogUiModel(listInGroup=[BaseCallLog(id=726, type=1, number=+918050039392, numberPresentation=1, date=1788432255874, duration=0, subscriptionId=89918610400759021752, simCardId=-1, isRead=false, cachedName=null, cachedNumberType=0, cachedNumberLabel=null, countryIso=IN, cachedLookupUri=null, cachedMatchedNumber=null, cachedNormalizedNumber=null, cachedFormattedNumber=null, cachedPhotoId=0, phoneAccountComponentName=com.android.phone/com.android.services.telephony.TelephonyConnectionService, logType=1000, e164Number=null, cachedPhotoUri=null, callLogId=0, contactId=0, secRtt=null, smartCallInfo=null, isCallFromPhone=true, displayNameSource=0, isValidNumber=false, cnapName=null, status=LOADED, secIccId=null, postDialDigits=, tag=null)], isDate=false, isFirstItem=true, simSlotIcon=-1, mainTextInfo=MainTextInfo(mainText=+918050039392, isMainTextNumber=true, isMainTextTag=false), isEmergencyNumber=false, isVoicemailNumber=false, isTrustedContact=false)], count=2, viewMoreButton=false, settingsButton=false)
09-03 16:46:21.299 I/CallLogChangedCommand[CS] (17827): CallLogChangedCommand execute end
09-03 16:46:21.299 I/CommandWorker[CS] (17827): WORKER EXIT needStop : false total : 0 scheduled :3 finished :3 pending : 0 elapsed : 0 sec completed tail : [181224, 181225, 181085] isReady :  true
09-03 16:46:21.300 I/CommandJobService[CS] (17827): job finished reschedule : false
09-03 16:46:21.300 I/CommandWorker[CS] (17827): work end
09-03 16:46:21.322 I/ContactWearableListenerService[CS] (17827): onMessageReceived: noti_data_changed
09-03 16:46:21.322 I/ContactWearableListenerService[CS] (17827): message in thread: {"msgId":"logs-notificati
09-03 16:46:21.350 I/CommandJobService[CS] (17827): job started
09-03 16:46:21.351 I/CommandWorker[CS] (17827): work start
09-03 16:46:21.352 I/CommandWorker[CS] (17827): WORKER ENTER needStop : false total : 1 scheduled :0 finished :0 pending : 0 elapsed : 0 sec completed tail : [] isReady :  true
09-03 16:46:21.354 I/CommandDispatcher[CS] (17827): start CallLogNotificationUpdateCommand
09-03 16:46:21.356 I/CallLogNotificationUpdateCommand[CS] (17827): input ids : [169, 167]
09-03 16:46:21.360 I/CallLogUtil( 1787): getCheckedQueryBuilder voicemailPermissions: true
09-03 16:46:21.371 I/CallLogNotificationUpdateCommand[CS] (17827): no already read call log ids
09-03 16:46:21.371 I/CallLogNotificationUpdateCommand[CS] (17827): read ids : []
09-03 16:46:21.371 I/CallLogNotificationUpdateCommand[CS] (17827): prev ids : [167]
09-03 16:46:21.379 I/CallLogNotificationUpdateCommand[CS] (17827): missed call data changed: true
09-03 16:46:21.381 I/CommandWorker[CS] (17827): WORKER EXIT needStop : false total : 0 scheduled :1 finished :1 pending : 0 elapsed : 0 sec completed tail : [181322] isReady :  true
09-03 16:46:21.381 I/CommandJobService[CS] (17827): job finished reschedule : false
09-03 16:46:21.381 I/CommandWorker[CS] (17827): work end
09-03 16:46:21.382 I/CLN-Receiver[WEAR_D] ( 4513): onReceive com.samsung.wear.contacts.sync.NOTIFICATION_DATA_CHANGED
09-03 16:46:21.384 I/CLN-Starter[WEAR_D] ( 4513): start service
09-03 16:46:21.407 I/CLN-Service[WEAR_D] ( 4513): onCreate
09-03 16:46:21.409 I/CLN-Service[WEAR_D] ( 4513): onStart : Intent { xflg=0x4 cmp=com.samsung.android.dialer/.notification.view.CallLogNotificationService (has extras) }, 1
09-03 16:46:21.409 I/CLN-Service[WEAR_D] ( 4513): onHandleIntent
09-03 16:46:21.410 I/CLN-ServiceImpl[WEAR_D] ( 4513): start : ACTION_RECEIVE_NEW_MISSED_CALLS
09-03 16:46:21.410 I/CLN-ServiceImpl[WEAR_D] ( 4513): setStatusBarNotification
09-03 16:46:21.423 I/CLN-ServiceImpl[WEAR_D] ( 4513): setStatusBarNotification p , p
09-03 16:46:21.423 I/CLN-ServiceImpl[WEAR_D] ( 4513): sbCallId : 167
09-03 16:46:21.423 I/NotificationViewModel[WEAR_D] ( 4513): onReceiveMissedCallIntent
09-03 16:46:21.424 I/CompanionInfoRepositoryImpl[WEAR_D] ( 4513): isKidsModeOn: false
09-03 16:46:21.424 I/CLN-MissedCallNotificationHandler[WEAR_D] ( 4513): loadNewMissedCallLogs true
09-03 16:46:21.425 I/CLN-Service[WEAR_D] ( 4513): onHandleIntent end
09-03 16:46:21.428 I/CLN-ServiceImpl[WEAR_D] ( 4513): end
09-03 16:46:21.429 I/CLN-Service[WEAR_D] ( 4513): onDestroy
09-03 16:46:21.432 I/LoadNewMissedCallLogsUseCase[WEAR_D] ( 4513): 169 has name
09-03 16:46:21.437 I/LoadNewMissedCallLogsUseCase[WEAR_D] ( 4513): 169 smartCallData Exception org.json.JSONException: No value for smartCall
09-03 16:46:21.437 I/LoadNewMissedCallLogsUseCase[WEAR_D] ( 4513): 169 dual sim
09-03 16:46:21.438 I/LoadNewMissedCallLogsUseCase[WEAR_D] ( 4513): 167 name exception org.json.JSONException: No value for name
09-03 16:46:21.438 I/LoadNewMissedCallLogsUseCase[WEAR_D] ( 4513): 167 smartCallData Exception org.json.JSONException: No value for smartCall
09-03 16:46:21.438 I/LoadNewMissedCallLogsUseCase[WEAR_D] ( 4513): 167 dual sim
09-03 16:46:21.447 I/CallLogUtil( 1787): getCheckedQueryBuilder voicemailPermissions: true
09-03 16:46:21.465 I/ContactsDatabaseHelper( 1787): updateUseStrictPhoneNumberComparison: IN
09-03 16:46:21.481 I/ContactsDatabaseHelper( 1787): updateUseStrictPhoneNumberComparison: IN
09-03 16:46:21.534 I/CallLogUtil( 1787): getCheckedQueryBuilder voicemailPermissions: true
09-03 16:46:21.545 I/ContactsDatabaseHelper( 1787): updateUseStrictPhoneNumberComparison: IN
09-03 16:46:21.555 I/ContactsDatabaseHelper( 1787): updateUseStrictPhoneNumberComparison: IN
09-03 16:46:21.587 I/CLN-MissedCallNotificationHandler[WEAR_D] ( 4513): phoneNumber
09-03 16:46:21.597 I/CompanionInfoRepositoryImpl[WEAR_D] ( 4513): isSamsungDevice: true
09-03 16:46:21.597 I/CLN-MissedCallNotificationHandler[WEAR_D] ( 4513): userId : 0
09-03 16:46:21.597 I/CLN-MissedCallNotificationHandler[WEAR_D] ( 4513): isTwoPhoneUserId : false
09-03 16:46:21.597 I/CLN-MissedCallNotificationHandler[WEAR_D] ( 4513): callId : 167
09-03 16:46:21.597 I/CLN-MissedCallNotificationHandler[WEAR_D] ( 4513): create group callId: 167
09-03 16:46:21.601 I/CompanionInfoRepositoryImpl[WEAR_D] ( 4513): isSamsungDevice: true
09-03 16:46:21.601 I/CLN-MissedCallNotificationHandler[WEAR_D] ( 4513): userId : 0
09-03 16:46:21.601 I/CLN-MissedCallNotificationHandler[WEAR_D] ( 4513): isTwoPhoneUserId : false
09-03 16:46:21.601 I/CLN-MissedCallNotificationHandler[WEAR_D] ( 4513): callId : 169
09-03 16:46:21.602 I/CLN-MissedCallNotificationHandler[WEAR_D] ( 4513): create group callId: 169
09-03 16:46:21.602 I/NotificationViewModel[WEAR_D] ( 4513): onNewMissedCallsLoaded
09-03 16:46:21.603 I/CLN-ServiceImpl[WEAR_D] ( 4513): notifyMissedCallNotification
09-03 16:46:21.603 I/CLN-MissedCallHelper[WEAR_D] ( 4513): notifyMissedCalls totalCount : 2
09-03 16:46:21.605 I/CLN-MissedCallHelper[WEAR_D] ( 4513): samsung device connected
09-03 16:46:21.605 I/CscFeatureUtil[WEAR_D] ( 4513): getOpStyleVariation ()
09-03 16:46:21.613 I/CLN-MissedCallHelper[WEAR_D] ( 4513): Not multisim
09-03 16:46:21.618 I/CLN-MissedCallHelper[WEAR_D] ( 4513): getCallBackPendingIntent 167
09-03 16:46:21.620 I/CLN-MissedCallHelper[WEAR_D] ( 4513): addReminderPendingIntent 167
09-03 16:46:21.622 I/CLN-MissedCallHelper[WEAR_D] ( 4513): createClearMissedCallsPendingIntent 167
09-03 16:46:21.630 I/CLN-MissedCallHelper[WEAR_D] ( 4513): samsung device connected
09-03 16:46:21.631 I/CscFeatureUtil[WEAR_D] ( 4513): getOpStyleVariation ()
09-03 16:46:21.637 I/CLN-MissedCallHelper[WEAR_D] ( 4513): Not multisim
09-03 16:46:21.639 I/CLN-MissedCallHelper[WEAR_D] ( 4513): getCallBackPendingIntent 169
09-03 16:46:21.641 I/CLN-MissedCallHelper[WEAR_D] ( 4513): addReminderPendingIntent 169
09-03 16:46:21.643 I/CLN-MissedCallHelper[WEAR_D] ( 4513): createClearMissedCallsPendingIntent 169
09-03 16:46:21.679 I/CLN-MissedCallHelper[WEAR_D] ( 4513): notify : p:167
09-03 16:46:21.693 I/CLN-MissedCallHelper[WEAR_D] ( 4513): notify : p:169
09-03 16:46:21.693 I/CLN-MissedCallHelper[WEAR_D] ( 4513): notification updating finished
09-03 16:46:21.704 D/WearServices( 1056): [StreamTimeline]Add NFN_LISTENER_NOTIFICATION_POSTED com.samsung.android.dialer
09-03 16:46:21.705 D/WearServices( 1056): [NotificationCollector]onNotificationPosted StatusBarNotification(pkg=com.samsung.android.dialer user=UserHandle{0} id=167 tag=p:167 key=0|com.samsung.android.dialer|167|p:167|10030: Notification(channel=missedCall shortcut=null contentView=null vibrate=null sound=null defaults=0 flags=AUTO_CANCEL color=0xff15b76d category=call groupKey=default_missed_call_group actions=5 vis=PRIVATE publicVersion=Notification(channel=missedCall shortcut=null contentView=null vibrate=null sound=null defaults=0 flags=AUTO_CANCEL color=0x00000000 vis=PUBLIC)))
09-03 16:46:21.706 D/WearServices( 1056): [CollectorHandler]handleMessage, event: ON_NOTIFICATION_POSTED_WITH_RANKING
09-03 16:46:21.708 D/WearServices( 1056): [NotifToStreamItem]Adding RemoteViews to StreamDataItem
09-03 16:46:21.708 D/WearServices( 1056): [NotifToStreamItem]Adding MediaSession to StreamDataItem
09-03 16:46:21.725 W/NotificationHistory(  601): Attempted to add notif for locked/gone/disabled user 0
09-03 16:46:21.736 D/WearServices( 1056): [StreamTimeline]Add NFN_LISTENER_NOTIFICATION_POSTED com.samsung.android.dialer
09-03 16:46:21.737 D/WearServices( 1056): [NotificationCollector]onNotificationPosted StatusBarNotification(pkg=com.samsung.android.dialer user=UserHandle{0} id=169 tag=p:169 key=0|com.samsung.android.dialer|169|p:169|10030: Notification(channel=missedCall shortcut=null contentView=null vibrate=null sound=null defaults=0 flags=AUTO_CANCEL color=0xff15b76d category=call groupKey=default_missed_call_group actions=5 vis=PRIVATE publicVersion=Notification(channel=missedCall shortcut=null contentView=null vibrate=null sound=null defaults=0 flags=AUTO_CANCEL color=0x00000000 vis=PUBLIC)))
09-03 16:46:21.737 D/WearServices( 1056): [StreamManagerCollectorListener]Posting local notification: AutoValue_StreamItemData{hidden=0, localPackageName=com.samsung.android.dialer, tag=p:167, flags=16, isOngoing=false, isNotClearable=false, onlyAlertOnce=false, notificationSource=1, userId=0, isWorkProfile=false, appName=Phone, priority=0, category=call, group=default_missed_call_group, group=default_missed_call_group, groupKey=default_missed_call_group, hasGroupSummary=false, sortKey=, getChannel=com.google.wear.services.notification.channel.Channel@1eeb0083, postTime=1788434181672, originalPostTime=1788434181672, lastPostedAsInterruptiveTime=0, shouldVibrate=false, vibrationPattern=null, hasSound=false, hasAlreadyShown=false, groupAlertBehavior=0, alertParams=null, isMediaNotification=false, displayName[hashed0Chars]=null, conversationTitle[hashed0Chars]=null, messagesSize=0, isGroupConversation=false, textLinesSize=0, bigText[hashed0Chars]=null, bigTitle[hashed0Chars]=null, summaryText[hashed0Chars]=null, title[hashed8Chars]=90c4267d, ticker[hashed0Chars]=0, contentText[hashed8Chars]=3edee16a, subText[hashed0Chars]=null, color=-15354003, peopleSize=0, hasBigPicture=false, hasLargeIcon=true, hasAppIcon=true, supplementalBitmapKeysSize=0, actionsCount=5, bridgedContentIntent[present]=false, bridgedContentIntentId[present]=false, fullScreenIntent=null, localOnly=false, isEmergency=false, startScrollBottom=false, doesContentIntentLaunchActivity=false, contentActionIndex=-1, wearableActionsCount=0, bridgeTag=null, dismissalId=null, filteringData=FilteringData{originalPackageName=com.samsung.android.dialer, isMediaStyle=false, tag=p:167, channelId=missedCall, isEmptyNotification=false, isClockworkForegroundService=false, isFrameworksForegroundNotification=false, hasInvalidWearableExtender=false, isFromAppHandlingMissedCallNotification=false, isFromDefaultSmsApp=false, isEmptySettingsNotification=false, dismissalId=null, isOngoingActivityStyle=false}, remoteStreamItemId=null, remoteNodeId=null, originalPackageName=com.samsung.android.dialer, isMediaStyle=false, styleName=null, hasPromotableCharacteristics=false, getContentViews=null, getBigContentViews=null, getMediaSessionBundle=Bundle[{com.google.wear.services.notification.media_session_bundle=null}]}
09-03 16:46:21.738 D/WearServices( 1056): [CollectorHandler]handleMessage, event: ON_NOTIFICATION_POSTED_WITH_RANKING
09-03 16:46:21.738 D/WearServices( 1056): [NotifToStreamItem]Adding RemoteViews to StreamDataItem
09-03 16:46:21.738 D/WearServices( 1056): [NotifToStreamItem]Adding MediaSession to StreamDataItem
09-03 16:46:21.739 D/WearServices( 1056): [StreamTimeline]Add STREAM_POST StreamItemId{notificationSource=0, profile=null, packageHash=1697803211890333814, id=167, tagHash=-7930272527230952017, packageName=com.samsung.android.dialer, tag=p:167, notificationKey=0|com.samsung.android.dialer|167|p:167|10030} null
09-03 16:46:21.739 D/WearServices( 1056): [StreamDBQueue]Promised revision #22079 to queue a new op
09-03 16:46:21.739 D/WearServices( 1056): [WatchStreamManager]Promised set @ r#22079 for (com.samsung.android.dialer,tag=p:167,id=167)
09-03 16:46:21.740 D/WearServices( 1056): [StreamManagerCollectorListener]Posting local notification: AutoValue_StreamItemData{hidden=0, localPackageName=com.samsung.android.dialer, tag=p:169, flags=16, isOngoing=false, isNotClearable=false, onlyAlertOnce=false, notificationSource=1, userId=0, isWorkProfile=false, appName=Phone, priority=0, category=call, group=default_missed_call_group, group=default_missed_call_group, groupKey=default_missed_call_group, hasGroupSummary=false, sortKey=, getChannel=com.google.wear.services.notification.channel.Channel@1eeb0083, postTime=1788434181686, originalPostTime=1788434181686, lastPostedAsInterruptiveTime=0, shouldVibrate=false, vibrationPattern=null, hasSound=false, hasAlreadyShown=false, groupAlertBehavior=0, alertParams=null, isMediaNotification=false, displayName[hashed0Chars]=null, conversationTitle[hashed0Chars]=null, messagesSize=0, isGroupConversation=false, textLinesSize=0, bigText[hashed0Chars]=null, bigTitle[hashed0Chars]=null, summaryText[hashed0Chars]=null, title[hashed2Chars]=82c, ticker[hashed0Chars]=0, contentText[hashed8Chars]=3edee16a, subText[hashed0Chars]=null, color=-15354003, peopleSize=0, hasBigPicture=false, hasLargeIcon=true, hasAppIcon=true, supplementalBitmapKeysSize=0, actionsCount=5, bridgedContentIntent[present]=false, bridgedContentIntentId[present]=false, fullScreenIntent=null, localOnly=false, isEmergency=false, startScrollBottom=false, doesContentIntentLaunchActivity=false, contentActionIndex=-1, wearableActionsCount=0, bridgeTag=null, dismissalId=null, filteringData=FilteringData{originalPackageName=com.samsung.android.dialer, isMediaStyle=false, tag=p:169, channelId=missedCall, isEmptyNotification=false, isClockworkForegroundService=false, isFrameworksForegroundNotification=false, hasInvalidWearableExtender=false, isFromAppHandlingMissedCallNotification=false, isFromDefaultSmsApp=false, isEmptySettingsNotification=false, dismissalId=null, isOngoingActivityStyle=false}, remoteStreamItemId=null, remoteNodeId=null, originalPackageName=com.samsung.android.dialer, isMediaStyle=false, styleName=null, hasPromotableCharacteristics=false, getContentViews=null, getBigContentViews=null, getMediaSessionBundle=Bundle[{com.google.wear.services.notification.media_session_bundle=null}]}
09-03 16:46:21.740 D/WearServices( 1056): [AlertingPipeline]Not alerting: Device is off-body
09-03 16:46:21.743 D/WearServices( 1056): [MutedApps]NotificationTimeTracker - updateLastNotificationTime: {packageName: com.samsung.android.dialer, time: 1788434181672}
09-03 16:46:21.743 D/WearServices( 1056): [MutedApps]NotificationTimeTracker - Throttling because of recent cached time: 1788431633703
09-03 16:46:21.743 D/WearServices( 1056): [NotificationStatsWriter]writeAtom WS_NOTIFICATION_UPDATED: NotificationUpdateAtom{packageName=com.samsung.android.dialer, updateAction=1, sourceDevice=3, importance=5, transportChannel=0, alertingEffect=4, groupAlertBehavior=1, alertOnlyOnce=1, groupType=3, style=1, hiddenReason=1, category=3, isOngoingNotification=false, isForegroundService=false, isEmergency=false, isWorkProfile=false, contentIntent=1, hasRemoteInput=false, actionCount=5, hasBigImages=true, hasDismissalId=false, isPromotedOngoing=false, hasPromotableCharacteristics=false}
09-03 16:46:21.744 D/WearServices( 1056): [NotificationStatsWriter]writeAtom WS_NOTIFICATION_LATENCY: {packageName=com.samsung.android.dialer, sourceDevice=3, notificationComponentFlow=1, componentName=1, durationMillis=10}
09-03 16:46:21.744 D/WearServices( 1056): [NotificationStatsWriter]writeAtom WS_NOTIFICATION_LATENCY: {packageName=com.samsung.android.dialer, sourceDevice=3, notificationComponentFlow=1, componentName=4, durationMillis=62}
09-03 16:46:21.753 D/WearServices( 1056): [NewStreamAdapter]Publishing revision #22079 to adapter clients
09-03 16:46:21.754 D/WearServices( 1056): [StreamTimeline]Add STREAM_POST StreamItemId{notificationSource=0, profile=null, packageHash=1697803211890333814, id=169, tagHash=-2681520466737395018, packageName=com.samsung.android.dialer, tag=p:169, notificationKey=0|com.samsung.android.dialer|169|p:169|10030} null
09-03 16:46:21.754 D/WearServices( 1056): [StreamDBQueue]Promised revision #22080 to queue a new op
09-03 16:46:21.754 D/WearServices( 1056): [WatchStreamManager]Promised set @ r#22080 for (com.samsung.android.dialer,tag=p:169,id=169)
09-03 16:46:21.755 D/WearServices( 1056): [AlertingPipeline]Not alerting: Device is off-body
09-03 16:46:21.756 W/SysUI   ( 1044): [WearSdkAlertingProcessor]Not alerting: Device is off-body, item id: StreamItemIdAndRevision{notifKey=0|com.samsung.android.dialer|167|p:167|10030, packageName=com.samsung.android.dialer, tag=p:167, id=167, revision=22079, originalRevision=22073, updateCount=1}
09-03 16:46:21.756 D/WearServices( 1056): [MutedApps]NotificationTimeTracker - updateLastNotificationTime: {packageName: com.samsung.android.dialer, time: 1788434181686}
09-03 16:46:21.756 D/WearServices( 1056): [MutedApps]NotificationTimeTracker - Throttling because of recent cached time: 1788431633703
09-03 16:46:21.756 D/WearServices( 1056): [NotificationStatsWriter]writeAtom WS_NOTIFICATION_UPDATED: NotificationUpdateAtom{packageName=com.samsung.android.dialer, updateAction=1, sourceDevice=3, importance=5, transportChannel=0, alertingEffect=4, groupAlertBehavior=1, alertOnlyOnce=1, groupType=3, style=1, hiddenReason=1, category=3, isOngoingNotification=false, isForegroundService=false, isEmergency=false, isWorkProfile=false, contentIntent=1, hasRemoteInput=false, actionCount=5, hasBigImages=true, hasDismissalId=false, isPromotedOngoing=false, hasPromotableCharacteristics=false}
09-03 16:46:21.757 D/WearServices( 1056): [NotificationStatsWriter]writeAtom WS_NOTIFICATION_LATENCY: {packageName=com.samsung.android.dialer, sourceDevice=3, notificationComponentFlow=1, componentName=1, durationMillis=19}
09-03 16:46:21.757 D/WearServices( 1056): [NotificationStatsWriter]writeAtom WS_NOTIFICATION_LATENCY: {packageName=com.samsung.android.dialer, sourceDevice=3, notificationComponentFlow=1, componentName=4, durationMillis=52}
09-03 16:46:21.758 I/WNoti   ( 1044): [WNotiCommon] isDoNotDisturbMode(25) > dndMode : [0]
09-03 16:46:21.758 I/WNoti   ( 1044): [WNotiCommon] isDoNotDisturbMode(25) > dndMode : [0]
09-03 16:46:21.761 W/WNoti   ( 1044): [WNotiDataConverter] addStreamItem(159) > [Noti]StreamItemData{[22073/22079/Child/Local], originalPackageName=com.samsung.android.dialer, group=default_missed_call_group, contentTitle=(13chars), bigTitle=null, conversationTitle=null, contentText=(13chars), bigText=null, summaryText=null, subText=null, tickerText=(0chars), isOngoing=false, flag=16, when=1788431623192, postTime=1788434181672, originalPostTime=1788434181672, autoCancel=true, groupAlertBehavior=0, color=ff15b76d, channel=Missed call}
09-03 16:46:21.765 D/WearServices( 1056): [NewStreamAdapter]Publishing revision #22080 to adapter clients
09-03 16:46:21.767 W/WNoti   ( 1044): [WNotiCommon] isPairAndDetachMode(4) > setupSkipped: 0, device type: 1
09-03 16:46:21.768 I/WNoti   ( 1044): [WNotiBlockAppHandler] isBlockedNotification(150) > pkgName[com.samsung.android.dialer] userId[0] allowed[true]
09-03 16:46:21.770 W/WNoti   ( 1044): [WNotiDataConverter] addStreamItem(380) > Should drop popup (Reason : No Alert : Silent Notification)
09-03 16:46:21.770 W/SysUI   ( 1044): [WearSdkAlertingProcessor]Not alerting: Device is off-body, item id: StreamItemIdAndRevision{notifKey=0|com.samsung.android.dialer|169|p:169|10030, packageName=com.samsung.android.dialer, tag=p:169, id=169, revision=22080, originalRevision=22080, updateCount=0}
09-03 16:46:21.771 I/WNoti   ( 1044): [WNotiCommon] isDoNotDisturbMode(25) > dndMode : [0]
09-03 16:46:21.771 I/WNoti   ( 1044): [WNotiCommon] isDoNotDisturbMode(25) > dndMode : [0]
09-03 16:46:21.772 I/WNoti   ( 1044): [ConvertingNotiData] convert(396) > This is local notification
09-03 16:46:21.773 I/WNoti   ( 1044): [ConvertingNotiData] convert(1240) > [22073/22079] isEnableExtension[false] largeIconOnly[false] imageReply[false] reactionVersion[0] isReactionSupported[false]
09-03 16:46:21.773 I/WNoti   ( 1044): [ConvertingNotiData] convert(1498) > [22073/22079] (Has) Small: O, Large: O, App: O, Big: X -> (Request) Small: O, Large: O, App: X, Big: X
09-03 16:46:21.774 W/WNoti   ( 1044): [ConvertingNotiData] convert(1537) > [22073/22079] request 2 job(s)
09-03 16:46:21.778 W/WNoti   ( 1044): [WNotiDataConverter] addStreamItem(159) > [Noti]StreamItemData{[22080/22080/Child/Local], originalPackageName=com.samsung.android.dialer, group=default_missed_call_group, contentTitle=(2chars), bigTitle=null, conversationTitle=null, contentText=(13chars), bigText=null, summaryText=null, subText=null, tickerText=(0chars), isOngoing=false, flag=16, when=1788434173073, postTime=1788434181686, originalPostTime=1788434181686, autoCancel=true, groupAlertBehavior=0, color=ff15b76d, channel=Missed call}
09-03 16:46:21.778 W/WNoti   ( 1044): [WNotiCommon] isPairAndDetachMode(4) > setupSkipped: 0, device type: 1
09-03 16:46:21.779 I/WNoti   ( 1044): [WNotiBlockAppHandler] isBlockedNotification(150) > pkgName[com.samsung.android.dialer] userId[0] allowed[true]
09-03 16:46:21.779 W/WNoti   ( 1044): [WNotiDataConverter] addStreamItem(380) > Should drop popup (Reason : No Alert : Silent Notification)
09-03 16:46:21.779 I/WNoti   ( 1044): [ConvertingNotiData] convert(396) > This is local notification
09-03 16:46:21.780 I/WNoti   ( 1044): [DataRequestJob] runInternal(141) > [22073/22079]NotificationImageRequestJob
09-03 16:46:21.780 I/WNoti   ( 1044): [ConvertingNotiData] convert(1240) > [22080/22080] isEnableExtension[false] largeIconOnly[false] imageReply[false] reactionVersion[0] isReactionSupported[false]
09-03 16:46:21.781 I/WNoti   ( 1044): [ConvertingNotiData] convert(1498) > [22080/22080] (Has) Small: O, Large: O, App: O, Big: X -> (Request) Small: O, Large: O, App: X, Big: X
09-03 16:46:21.781 W/WNoti   ( 1044): [ConvertingNotiData] convert(1537) > [22080/22080] request 2 job(s)
09-03 16:46:21.782 I/WNoti   ( 1044): [SmartSwitchRestoreController$$ExternalSyntheticOutline0] m(8) > [22073/22079]bitmap=true,imageType=LARGE_ICON,64x64
09-03 16:46:21.784 I/WNoti   ( 1044): [ConvertingNotiData] releaseIfPossible(37) > [22073/22079] requestJobs: 1
09-03 16:46:21.786 W/HWUI    ( 1044): Image decoding logging dropped!
09-03 16:46:21.788 I/WNoti   ( 1044): [DataRequestJob] runInternal(141) > [22080/22080]NotificationImageRequestJob
09-03 16:46:21.788 I/WNoti   ( 1044): [SmartSwitchRestoreController$$ExternalSyntheticOutline0] m(8) > [22080/22080]bitmap=true,imageType=LARGE_ICON,64x64
09-03 16:46:21.789 I/WNoti   ( 1044): [ConvertingNotiData] releaseIfPossible(37) > [22080/22080] requestJobs: 1
09-03 16:46:21.798 I/WNoti   ( 1044): [DataRequestJob] runInternal(141) > [22073/22079]NotificationImageRequestJob
09-03 16:46:21.799 I/WNoti   ( 1044): [SmartSwitchRestoreController$$ExternalSyntheticOutline0] m(8) > [22073/22079]bitmap=true,imageType=SMALL_ICON,204x204
09-03 16:46:21.799 I/WNoti   ( 1044): [ConvertingNotiData] releaseIfPossible(37) > [22073/22079] requestJobs: 0
09-03 16:46:21.800 I/WNoti   ( 1044): [DataRequestJob] runInternal(141) > [22080/22080]NotificationImageRequestJob
09-03 16:46:21.806 I/WNoti   ( 1044): [NotiData] setSmallIcon(43) > Grayscale [com.samsung.android.dialer][true][false]
09-03 16:46:21.806 W/WNoti   ( 1044): [ConvertingNotiData] releaseIfPossible(356) > isOngoing [false] isFlagNoClear [false] UserId [0] isPrivacy [false] hasTag[false]
09-03 16:46:21.807 I/WNoti   ( 1044): [SmartSwitchRestoreController$$ExternalSyntheticOutline0] m(8) > [22080/22080]bitmap=true,imageType=SMALL_ICON,204x204
09-03 16:46:21.807 I/WNoti   ( 1044): [ConvertingNotiData] releaseIfPossible(37) > [22080/22080] requestJobs: 0
09-03 16:46:21.811 I/WNoti   ( 1044): [NotiData] setSmallIcon(43) > Grayscale [com.samsung.android.dialer][true][false]
09-03 16:46:21.811 W/WNoti   ( 1044): [ConvertingNotiData] releaseIfPossible(356) > isOngoing [false] isFlagNoClear [false] UserId [0] isPrivacy [false] hasTag[false]
09-03 16:46:21.814 W/WNoti   ( 1044): [NotiConverter$$ExternalSyntheticLambda0] run(65) > -----> [22073/22079/Child/Popup:X] DefaultPanelId{packageName=com.samsung.android.dialer, userId=0, isLocal=true}
09-03 16:46:21.814 I/WNoti   ( 1044): [NotiConverter] removeOnCreatingList(75) > [22073/22079] Remove notiData on onCreatingList. After remove: 1 items left
09-03 16:46:21.817 I/WNoti   ( 1044): [WNotiVspPanel] addElement(11) > [22073/22079]
09-03 16:46:21.818 I/WNoti   ( 1044): [WNotiVspPanel] addElement(558) > PanelId=DefaultPanelId{packageName=com.samsung.android.dialer, userId=0, isLocal=true}, id=StreamItemIdAndRevision{notifKey=0|com.samsung.android.dialer|167|p:167|10030, packageName=com.samsung.android.dialer, tag=p:167, id=167, revision=22079, originalRevision=22073, updateCount=1}, detail=false, groupSummaryDetail=false
09-03 16:46:21.823 I/WNoti   ( 1044): [VspPanelController] postPanels(51) > post 7 panel(s)
09-03 16:46:21.829 I/DMASA[S]( 1740): [a]check quota : 4Q5-399-1001005
09-03 16:46:21.830 I/DMASA[S]( 1740): [b]4Q5-399-1001005 remain quota : 743
09-03 16:46:21.830 I/DMASA[S]( 1740): [a]Receive log ok : 4Q5-399-1001005
09-03 16:46:21.846 I/WNoti   ( 1044): [WNotiDisabledActionChecker] getDisabledAction(133) > There is no pkg in allowedMobileAppHashMap and watchAppHashMap. It seems that system or service App
09-03 16:46:21.867 I/WNoti   ( 1044): [SchoolModeStateImpl$$ExternalSyntheticOutline0] m(8) > populateActions: wearableActionCount = 0, actionCount = 3, totalButtonCount = 5, isOpenAppDisabled = false, isBlockNotiDisabled = false
09-03 16:46:21.875 I/WNoti   ( 1044): [SchoolModeStateImpl$$ExternalSyntheticOutline0] m(8) > populateActions: wearableActionCount = 0, actionCount = 3, totalButtonCount = 5, isOpenAppDisabled = false, isBlockNotiDisabled = false
09-03 16:46:21.882 W/WNoti   ( 1044): [WNotiActionDataList] addActionsWithoutRemoteInputs(57) > RemoteInput Action should be skipped.
09-03 16:46:21.882 I/WNoti   ( 1044): [SchoolModeStateImpl$$ExternalSyntheticOutline0] m(8) > populateActions: wearableActionCount = 0, actionCount = 4, totalButtonCount = 6, isOpenAppDisabled = false, isBlockNotiDisabled = false
09-03 16:46:21.883 I/WNoti   ( 1044): [WNotiDisabledActionChecker] getDisabledAction(133) > There is no pkg in allowedMobileAppHashMap and watchAppHashMap. It seems that system or service App
09-03 16:46:21.904 I/WNoti   ( 1044): [NotificationPlugin$$ExternalSyntheticLambda3] invoke(24) > postBy=SUBMIT
09-03 16:46:21.909 E/ActivityManager(  601): Sending non-protected broadcast android.support.wearable.complications.ACTION_REQUEST_UPDATE_ALL from system 1044:com.samsung.android.wearable.sysui/u0a16 pkg com.samsung.android.wearable.sysui
09-03 16:46:21.909 E/ActivityManager(  601): java.lang.Throwable
09-03 16:46:21.909 E/ActivityManager(  601): 	at com.android.server.am.BroadcastController.checkBroadcastFromSystem(qb/112629584 da2668213873155c075611debd402b75647f9519ec8764a6d2524f2906c44dbd:221)
09-03 16:46:21.909 E/ActivityManager(  601): 	at com.android.server.am.BroadcastController.broadcastIntentLockedTraced(qb/112629584 da2668213873155c075611debd402b75647f9519ec8764a6d2524f2906c44dbd:337)
09-03 16:46:21.909 E/ActivityManager(  601): 	at com.android.server.am.BroadcastController.broadcastIntentLocked(qb/112629584 da2668213873155c075611debd402b75647f9519ec8764a6d2524f2906c44dbd:18)
09-03 16:46:21.909 E/ActivityManager(  601): 	at com.android.server.am.ActivityManagerService.broadcastIntentWithFeature(qb/112629584 da2668213873155c075611debd402b75647f9519ec8764a6d2524f2906c44dbd:145)
09-03 16:46:21.909 E/ActivityManager(  601): 	at android.app.IActivityManager$Stub.onTransact$broadcastIntentWithFeature$(IActivityManager.java:11258)
09-03 16:46:21.909 E/ActivityManager(  601): 	at android.app.IActivityManager$Stub.onTransact(IActivityManager.java:2950)
09-03 16:46:21.909 E/ActivityManager(  601): 	at com.android.server.am.ActivityManagerService.onTransact(qb/112629584 da2668213873155c075611debd402b75647f9519ec8764a6d2524f2906c44dbd:286)
09-03 16:46:21.909 E/ActivityManager(  601): 	at android.os.Binder.execTransactInternal(Binder.java:1426)
09-03 16:46:21.909 E/ActivityManager(  601): 	at android.os.Binder.execTransact(Binder.java:1365)
09-03 16:46:21.915 I/WNoti   ( 1044): [SmartSwitchRestoreController$$ExternalSyntheticOutline0] m(8) > unreadCount=1,totalCount=8,isFirstUnread=false,unreadCountToDispatch=1
09-03 16:46:21.919 I/WNoti   ( 1044): [NotiConverter$$ExternalSyntheticLambda0] run(421) > Current System Time: 1788434181919
09-03 16:46:21.919 I/WNoti   ( 1044): [WNotiPanelModule] dispatchNotificationCountEventInternal(15) > 
09-03 16:46:21.920 I/WNoti   ( 1044): [WNotiPanelModule] dispatchNotificationCountEventInternal(37) > emit event
09-03 16:46:21.922 W/WNoti   ( 1044): [NotiConverter$$ExternalSyntheticLambda0] run(65) > -----> [22080/22080/Child/Popup:X] DefaultPanelId{packageName=com.samsung.android.dialer, userId=0, isLocal=true}
09-03 16:46:21.925 I/WNoti   ( 1044): [NotiConverter] removeOnCreatingList(75) > [22080/22080] Remove notiData on onCreatingList. After remove: 0 items left
09-03 16:46:21.925 I/WFModule( 1044): [WatchFaceModule] onNotificationCount(34) > unread count: 1, total count: 8
09-03 16:46:21.925 I/WNoti   ( 1044): [WNotiVspPanel] addElement(11) > [22080/22080]
09-03 16:46:21.926 I/AndroidXWFEngine( 1044): [AndroidXWatchFaceEngine] sendSystemState(6) > send system state in sub-thread
09-03 16:46:21.926 I/WNoti   ( 1044): [WNotiVspPanel] addElement(558) > PanelId=DefaultPanelId{packageName=com.samsung.android.dialer, userId=0, isLocal=true}, id=StreamItemIdAndRevision{notifKey=0|com.samsung.android.dialer|169|p:169|10030, packageName=com.samsung.android.dialer, tag=p:169, id=169, revision=22080, originalRevision=22080, updateCount=0}, detail=false, groupSummaryDetail=false
09-03 16:46:21.927 I/AndroidXWFEngine( 1044): [AndroidXWatchFaceEngine$$ExternalSyntheticLambda0] run(28) > begin sendSystemStateInternal, WatchFaceSystemState{inAmbientMode=false, interruptionFilter=0, unreadNotificationCount=1, notificationCount=8, statusIndicator=Optional.absent()}
09-03 16:46:21.928 I/AndroidXWFEngine( 1044): [AndroidXWatchFaceEngine$$ExternalSyntheticLambda0] run(66) > end sendSystemStateInternal
09-03 16:46:21.930 I/WNoti   ( 1044): [VspPanelController] postPanels(51) > post 7 panel(s)
09-03 16:46:21.933 I/SecWatchFaceOverlayUi( 1044): [WatchFaceOverlayModule] onNotificationCount(26) > Unread count : 1
09-03 16:46:21.933 W/SecWatchFaceOverlayUi( 1044): [SecWatchFaceOverlayUi] updateUnreadDot(42) > dot visibility: 0
09-03 16:46:21.939 I/WNoti   ( 1044): [WNotiDisabledActionChecker] getDisabledAction(133) > There is no pkg in allowedMobileAppHashMap and watchAppHashMap. It seems that system or service App
09-03 16:46:21.942 E/ActivityManager(  601): Sending non-protected broadcast com.samsung.android.watch.intent.action.NOTIFICATION_UNREAD_CHANGED from system 1044:com.samsung.android.wearable.sysui/u0a16 pkg com.samsung.android.wearable.sysui
09-03 16:46:21.942 E/ActivityManager(  601): java.lang.Throwable
09-03 16:46:21.942 E/ActivityManager(  601): 	at com.android.server.am.BroadcastController.checkBroadcastFromSystem(qb/112629584 da2668213873155c075611debd402b75647f9519ec8764a6d2524f2906c44dbd:221)
09-03 16:46:21.942 E/ActivityManager(  601): 	at com.android.server.am.BroadcastController.broadcastIntentLockedTraced(qb/112629584 da2668213873155c075611debd402b75647f9519ec8764a6d2524f2906c44dbd:337)
09-03 16:46:21.942 E/ActivityManager(  601): 	at com.android.server.am.BroadcastController.broadcastIntentLocked(qb/112629584 da2668213873155c075611debd402b75647f9519ec8764a6d2524f2906c44dbd:18)
09-03 16:46:21.942 E/ActivityManager(  601): 	at com.android.server.am.ActivityManagerService.broadcastIntentWithFeature(qb/112629584 da2668213873155c075611debd402b75647f9519ec8764a6d2524f2906c44dbd:145)
09-03 16:46:21.942 E/ActivityManager(  601): 	at android.app.IActivityManager$Stub.onTransact$broadcastIntentWithFeature$(IActivityManager.java:11258)
09-03 16:46:21.942 E/ActivityManager(  601): 	at android.app.IActivityManager$Stub.onTransact(IActivityManager.java:2950)
09-03 16:46:21.942 E/ActivityManager(  601): 	at com.android.server.am.ActivityManagerService.onTransact(qb/112629584 da2668213873155c075611debd402b75647f9519ec8764a6d2524f2906c44dbd:286)
09-03 16:46:21.942 E/ActivityManager(  601): 	at android.os.Binder.execTransactInternal(Binder.java:1426)
09-03 16:46:21.942 E/ActivityManager(  601): 	at android.os.Binder.execTransact(Binder.java:1365)
09-03 16:46:21.946 V/GrammaticalInflectionUtils(  601): AttributionSource: AttributionSource { uid = 10015, packageName = null, attributionTag = null, token = android.os.Binder@ca7f77d, deviceId = 0, next = null } does not have READ_SYSTEM_GRAMMATICAL_GENDER permission.
09-03 16:46:21.969 I/DMASA[S]( 1740): [a]check quota : 4Q5-399-1001005
09-03 16:46:21.971 I/WNoti   ( 1044): [SchoolModeStateImpl$$ExternalSyntheticOutline0] m(8) > populateActions: wearableActionCount = 0, actionCount = 3, totalButtonCount = 5, isOpenAppDisabled = false, isBlockNotiDisabled = false
09-03 16:46:21.978 D/Zygote  (  425): Forked child process 18813
09-03 16:46:21.981 I/ActivityManager(  601): Start proc 18813:com.samsung.android.watch.watchface.companionhelper/u0a15 for broadcast {com.samsung.android.watch.watchface.companionhelper/com.samsung.android.watch.watchface.companionhelper.CommonDataBroadcastReceiver}
09-03 16:46:21.981 I/ActivityManager(  601): ProcessObserver broadcast disabled
09-03 16:46:21.984 I/Dashboard( 1044): [DashboardViewImpl$initAdapter$1] onItemRangeChanged(25) > onItemRangeChanged:: positionStart : 6, itemCount : 1
09-03 16:46:21.986 I/Dashboard( 1044): [DashboardViewImpl$initAdapter$1] updateWatchfacePosition(43) > onItemRangeChanged :: count : 16 / watchface position : 7
09-03 16:46:21.987 I/WNoti   ( 1044): [SmartSwitchRestoreController$$ExternalSyntheticOutline0] m(8) > isAttached=true, prev=7, current=7
09-03 16:46:21.994 I/WNoti   ( 1044): [SchoolModeStateImpl$$ExternalSyntheticOutline0] m(8) > populateActions: wearableActionCount = 0, actionCount = 3, totalButtonCount = 5, isOpenAppDisabled = false, isBlockNotiDisabled = false
09-03 16:46:22.002 W/WNoti   ( 1044): [WNotiActionDataList] addActionsWithoutRemoteInputs(57) > RemoteInput Action should be skipped.
09-03 16:46:22.003 I/WNoti   ( 1044): [SchoolModeStateImpl$$ExternalSyntheticOutline0] m(8) > populateActions: wearableActionCount = 0, actionCount = 4, totalButtonCount = 6, isOpenAppDisabled = false, isBlockNotiDisabled = false
09-03 16:46:22.004 I/WNoti   ( 1044): [WNotiDisabledActionChecker] getDisabledAction(133) > There is no pkg in allowedMobileAppHashMap and watchAppHashMap. It seems that system or service App
09-03 16:46:22.014 E/BatteryStatsService(  601): Invalid uid for waking network packet: -1
09-03 16:46:22.015 E/BatteryStatsService(  601): Invalid uid for waking network packet: -1
09-03 16:46:22.032 I/WNoti   ( 1044): [NotificationPlugin$$ExternalSyntheticLambda3] invoke(24) > postBy=SUBMIT
09-03 16:46:22.036 I/Dashboard( 1044): [DashboardViewImpl$initAdapter$1] onItemRangeChanged(25) > onItemRangeChanged:: positionStart : 6, itemCount : 1
09-03 16:46:22.036 I/Dashboard( 1044): [DashboardViewImpl$initAdapter$1] updateWatchfacePosition(43) > onItemRangeChanged :: count : 16 / watchface position : 7
09-03 16:46:22.037 I/WNoti   ( 1044): [SmartSwitchRestoreController$$ExternalSyntheticOutline0] m(8) > isAttached=true, prev=7, current=7
09-03 16:46:22.039 I/DMASA[S]( 1740): [b]4Q5-399-1001005 remain quota : 742
09-03 16:46:22.039 I/DMASA[S]( 1740): [a]Receive log ok : 4Q5-399-1001005
09-03 16:46:22.047 E/ActivityManager(  601): Sending non-protected broadcast android.support.wearable.complications.ACTION_REQUEST_UPDATE_ALL from system 1044:com.samsung.android.wearable.sysui/u0a16 pkg com.samsung.android.wearable.sysui
09-03 16:46:22.047 E/ActivityManager(  601): java.lang.Throwable
09-03 16:46:22.047 E/ActivityManager(  601): 	at com.android.server.am.BroadcastController.checkBroadcastFromSystem(qb/112629584 da2668213873155c075611debd402b75647f9519ec8764a6d2524f2906c44dbd:221)
09-03 16:46:22.047 E/ActivityManager(  601): 	at com.android.server.am.BroadcastController.broadcastIntentLockedTraced(qb/112629584 da2668213873155c075611debd402b75647f9519ec8764a6d2524f2906c44dbd:337)
09-03 16:46:22.047 E/ActivityManager(  601): 	at com.android.server.am.BroadcastController.broadcastIntentLocked(qb/112629584 da2668213873155c075611debd402b75647f9519ec8764a6d2524f2906c44dbd:18)
09-03 16:46:22.047 E/ActivityManager(  601): 	at com.android.server.am.ActivityManagerService.broadcastIntentWithFeature(qb/112629584 da2668213873155c075611debd402b75647f9519ec8764a6d2524f2906c44dbd:145)
09-03 16:46:22.047 E/ActivityManager(  601): 	at android.app.IActivityManager$Stub.onTransact$broadcastIntentWithFeature$(IActivityManager.java:11258)
09-03 16:46:22.047 E/ActivityManager(  601): 	at android.app.IActivityManager$Stub.onTransact(IActivityManager.java:2950)
09-03 16:46:22.047 E/ActivityManager(  601): 	at com.android.server.am.ActivityManagerService.onTransact(qb/112629584 da2668213873155c075611debd402b75647f9519ec8764a6d2524f2906c44dbd:286)
09-03 16:46:22.047 E/ActivityManager(  601): 	at android.os.Binder.execTransactInternal(Binder.java:1426)
09-03 16:46:22.047 E/ActivityManager(  601): 	at android.os.Binder.execTransact(Binder.java:1365)
09-03 16:46:22.053 I/WNoti   ( 1044): [SmartSwitchRestoreController$$ExternalSyntheticOutline0] m(8) > unreadCount=2,totalCount=9,isFirstUnread=false,unreadCountToDispatch=2
09-03 16:46:22.053 I/WNoti   ( 1044): [NotiConverter$$ExternalSyntheticLambda0] run(421) > Current System Time: 1788434182053
09-03 16:46:22.055 I/WNoti   ( 1044): [WNotiPanelModule] dispatchNotificationCountEventInternal(15) > 
09-03 16:46:22.068 I/companionhelper(18813): Using CollectorTypeCMC GC.
09-03 16:46:22.085 E/companionhelper(18813): Not starting debugger since process cannot load the jdwp agent.
09-03 16:46:22.091 I/Dashboard( 1044): [SecAppsItemSyncManagerImpl$$ExternalSyntheticOutline0] m(9) > refreshVI / 0
09-03 16:46:22.094 W/Dashboard( 1044): [WatchfaceScrollVIDefault$updateWatchfaceScale$1] run(45) > watchface scale : 1.0 -> release(1)
09-03 16:46:22.137 I/Dashboard( 1044): [SecAppsItemSyncManagerImpl$$ExternalSyntheticOutline0] m(9) > refreshVI / 0
09-03 16:46:22.138 W/Dashboard( 1044): [WatchfaceScrollVIDefault$updateWatchfaceScale$1] run(45) > watchface scale : 1.0 -> release(1)
09-03 16:46:22.249 I/CallLogUtil( 1787): getCheckedQueryBuilder voicemailPermissions: true
09-03 16:46:22.261 I/MissedCallComplicationService[WEAR_D] ( 4513): request update complication
09-03 16:46:22.276 W/JobScheduler(  601): Job didn't exist in JobStore: 59b08f8 #u0a30/20000001 com.samsung.android.dialer/.service.MissedCallComplicationService
09-03 16:46:22.306 I/bt_btm_pm( 1193): system/stack/acl/btm_pm.cc:280 BTM_SetPowerMode: Setting power mode for peer:xx:xx:xx:xx:71:14 current_mode:immediate:active[0] new_mode:forced:sniff[2]
09-03 16:46:22.306 I/bt_btm_pm( 1193): system/stack/acl/btm_pm.cc:573 btm_pm_snd_md_req: Switching from immediate:active[0x00] to immediate:sniff[0x02]
09-03 16:46:22.307 I/bt_btm_pm( 1193): system/stack/acl/btm_pm.cc:963 btm_sniff_wakelock: set sniff wakelock
09-03 16:46:22.317 I/bt_btm_pm( 1193): system/stack/acl/btm_pm.cc:720 btm_pm_proc_mode_change: Power mode switched from immediate:pending[5] to immediate:sniff[2]
09-03 16:46:22.357 I/bt_btm_pm( 1193): system/stack/acl/btm_pm.cc:958 btm_sniff_wakelock_timeout: btm sniff wakelock timeout
09-03 16:46:22.369 I/WFLog   (18813): P S[false]
09-03 16:46:22.370 I/Watchface(18813): [SettingAndComplicationContentProvider] onCreate
09-03 16:46:22.380 E/ashmem  (18813): Pinning is deprecated since Android Q. Please use trim or other methods.
09-03 16:46:22.385 I/Watchface(18813): [SettingAndComplicationContentProvider] registered name:TutorialSettingTable for path:settings
09-03 16:46:22.385 I/Watchface(18813): [SettingAndComplicationContentProvider] registered name:NotificationTable for path:notification_unread
09-03 16:46:22.385 I/Watchface(18813): [SettingAndComplicationContentProvider] registered name:PressureUnitTable for path:pressure_unit
09-03 16:46:22.386 I/Watchface(18813): [SettingAndComplicationContentProvider] registered name:MediaControllerTable for path:media_controller
09-03 16:46:22.387 I/Watchface(18813): [SettingAndComplicationContentProvider] registered name:MediaControllerTable for 5 methods
09-03 16:46:22.388 I/Watchface(18813): [SettingAndComplicationContentProvider] registered name:TimerTable for path:timer
09-03 16:46:22.389 I/Watchface(18813): [SettingAndComplicationContentProvider] registered name:AlarmTable for path:alarm
09-03 16:46:22.389 I/Watchface(18813): [SettingAndComplicationContentProvider] registered name:StopwatchTable for path:stopwatch
09-03 16:46:22.389 I/Watchface(18813): [SettingAndComplicationContentProvider] registered name:ReminderTable for path:reminder
09-03 16:46:22.390 I/Watchface(18813): [SettingAndComplicationContentProvider] registered name:ConditionalComplicationTable for path:conditional_complication
09-03 16:46:22.390 I/Watchface(18813): [SettingAndComplicationContentProvider] registered name:AltitudeUnitTable for path:altitude_unit
09-03 16:46:22.391 I/Watchface(18813): [SettingAndComplicationContentProvider] registered name:AccountTypeTable for path:account_type
09-03 16:46:22.391 I/Watchface(18813): [SettingAndComplicationContentProvider] registered name:WatchlistRestoreStateTable for path:watchlist_restore_state
09-03 16:46:22.391 I/Watchface(18813): [SettingAndComplicationContentProvider] registered name:KeyboardEmojiSupportTable for path:support_keyboard_emoji
09-03 16:46:22.391 I/Watchface(18813): [SettingAndComplicationContentProvider] registered name:CompanionInfoVendorTable for path:companion_info_vendor
09-03 16:46:22.391 I/Watchface(18813): [SettingAndComplicationContentProvider] registered name:BixbyLaunchTable for 1 methods
09-03 16:46:22.391 I/Watchface(18813): [SettingAndComplicationContentProvider] registered name:FrequentlyUsedComplicationsTable for path:frequently_used_complications
09-03 16:46:22.391 I/Watchface(18813): [SettingAndComplicationContentProvider] registered name:FrequentlyUsedComplicationsTable for 4 methods
09-03 16:46:22.392 I/Watchface(18813): [SettingAndComplicationContentProvider] registered name:AltitudeValueTable for path:altitude_value
09-03 16:46:22.424 D/WearServices( 1056): [UpdateRequestReceiver]UpdateRequestReceiver received an update intent: Intent { act=android.support.wearable.complications.ACTION_REQUEST_UPDATE_ALL flg=0x10 pkg=com.google.wear.services (has extras) }
09-03 16:46:22.432 I/CompanionHelper(18813): [NotificationTable] unreadState: true
09-03 16:46:22.441 D/WearServices( 1056): [UpdateRequestReceiver]UpdateRequestReceiver received an update intent: Intent { act=android.support.wearable.complications.ACTION_REQUEST_UPDATE_ALL flg=0x10 pkg=com.google.wear.services (has extras) }
09-03 16:46:22.445 D/WearServices( 1056): [UpdateRequestReceiver]UpdateRequestReceiver received an update intent: Intent { act=android.support.wearable.complications.ACTION_REQUEST_UPDATE_ALL flg=0x10 pkg=com.google.wear.services (has extras) }
09-03 16:46:22.634 D/io_stats(  319): !@ 179,0 r 458140 10112468 w 43162 417732 d 8289 623412 f 3241 4347 iot 664696 0 th 0 0 0 pt 0 inp 0 0 11007.918
09-03 16:46:23.133 I/wpa_supplicant( 1095): Heartbeat 1079
09-03 16:46:23.183 E/BatteryDump(  489): !@new_battery_dump : 4372,141,2000,168,88,393,0,Chg,Normal,Good,INBOX_WRL,90,Normal,0,0,9792,205,0,0xed,0x8b,0x0f,0x5e,0x01,0x34,0x00,0x01,0,0,8581,4225,1,1,4829,4737,173,4389,0x11,0,2,0x130,0x80,0x56,143,0x3,0x0,0x0
09-03 16:46:23.203 D/[SS]BattFunctions(  601): [sendRemainingChargingTimeChangedIntent]remainingChargingTime:1810 ,mLastRemainingChargingTime:1823
09-03 16:46:23.206 D/BatteryService(  601): Sending ACTION_BATTERY_CHANGED: level:88, status:2, health:2, ac:false, usb:false, wireless:true, misc:0x0, charge_type:1, charger_type:0, voltage:4372, temperature:393, online:11, current_avg:144, hvc:false, capacity:280000, current_event:0x0, current_now:141, mcc:0, mcv:0, cc:317880, present:true, scale:100, technology:Li-ion
09-03 16:46:23.229 D/PowerUI ( 1181): onReceive() Received Action =  com.samsung.server.BatteryService.action.SEC_BATTERY_REMAINING_CHARGING_TIME_CHANGED
09-03 16:46:23.230 D/PowerUI ( 1181): onReceive() Unsupported Action 
09-03 16:46:23.230 D/PowerUI ( 1181): onReceive() Received Action =  android.intent.action.BATTERY_CHANGED
09-03 16:46:23.231 D/PowerUI ( 1181): plugged=true
09-03 16:46:23.231 I/PowerUI ( 1181): maybeShowBatteryWarningV2 plugged=true bucket=1
09-03 16:46:23.231 I/PowerUI.NotificationHelper( 1181): cancelNotification  notificationID = 9009
09-03 16:46:23.232 D/SYSTEM_UI( 1181): BatteryIndicatorPresenter$3.onReceive(19): onReceive() Received Action =  android.intent.action.BATTERY_CHANGED
09-03 16:46:23.232 I/PowerUI ( 1181): ACTION_BATTERY_CHANGED : mPlugType=4 mBatteryStatus=2
09-03 16:46:23.237 D/SYSTEM_UI( 1181): BatteryIndicatorPresenter$3.onReceive(103): level          88 --> 88
09-03 16:46:23.238 I/PowerUI ( 1181): oldMisalign : false, curMisalign : false
09-03 16:46:23.238 D/SYSTEM_UI( 1181): BatteryIndicatorPresenter$3.onReceive(130): status         2 --> 2
09-03 16:46:23.242 D/AdaptiveBrightnessLongtermModelBuilder(  601): Received android.intent.action.BATTERY_CHANGED
09-03 16:46:23.261 I/NfcWirelessCharge( 1164): chargeMode: 4, isWirelessCharging: true
09-03 16:46:23.307 D/WifiHAL (  458): GetLinkStatCommand: zero radio case
09-03 16:46:23.430 E/BatteryStatsService(  601): Invalid uid for waking network packet: -1
09-03 16:46:23.432 E/BatteryStatsService(  601): Invalid uid for waking network packet: -1
09-03 16:46:23.434 E/BatteryStatsService(  601): Invalid uid for waking network packet: -1
09-03 16:46:23.435 E/BatteryStatsService(  601): Invalid uid for waking network packet: -1
09-03 16:46:23.437 E/BatteryStatsService(  601): Invalid uid for waking network packet: -1
09-03 16:46:23.438 E/BatteryStatsService(  601): Invalid uid for waking network packet: -1
09-03 16:46:23.723 I/Watchface( 1109): [ModelBattery] action:android.intent.action.BATTERY_CHANGED
09-03 16:46:23.725 I/Watchface( 1109): [ModelBattery] scale[100] level[88] status[2] isCharging[true] batteryLow[false]
09-03 16:46:23.725 I/Watchface( 1109): [ModelBattery] putAll to pendingUpdatedValues!! size:2
09-03 16:46:23.859 I/ClientConnection: HfpClientConnService(17669): sendActionHandlePending:
09-03 16:46:23.877 I/ClientConnection: HfpClientConnService(17669): onStartCommand: start - startId = 7
09-03 16:46:23.878 I/ClientConnection: HfpClientConnService(17669): handling intent since headset and headset client profiles is up
09-03 16:46:23.878 I/ClientConnection: HfpClientConnService(17669): handleIntent com.samsung.android.clientconnection.hfp.ACTION_HANDLE_PENDING
09-03 16:46:23.878 I/ClientConnection: HfpClientConnService(17669): onStartCommand: keepRunning = falsestartId end : 7
09-03 16:46:23.886 I/ClientConnection: HfpClientConnService(17669): onDestroy: com.samsung.android.clientconnection.hfp.HfpClientConnectionService@82d3be4
09-03 16:46:23.889 I/ClientConnection: HfpClientConnService(17669): onServiceDisconnected
09-03 16:46:23.890 I/ClientConnection: HfpClientConnService(17669): onServiceDisconnected
09-03 16:46:24.480 E/BatteryStatsService(  601): Invalid uid for waking network packet: -1
09-03 16:46:24.483 E/BatteryStatsService(  601): Invalid uid for waking network packet: -1
09-03 16:46:24.486 E/BatteryStatsService(  601): Invalid uid for waking network packet: -1
09-03 16:46:24.488 E/BatteryStatsService(  601): Invalid uid for waking network packet: -1
09-03 16:46:24.491 E/BatteryStatsService(  601): Invalid uid for waking network packet: -1
09-03 16:46:24.639 D/io_stats(  319): !@ 179,0 r 458140 10112468 w 43164 417740 d 8289 623412 f 3241 4347 iot 664704 0 th 0 0 0 pt 0 inp 0 0 11009.922
09-03 16:46:24.641 D/io_stats(  319): !@ Read_top(KB): ch_zygote(18813) 5524 .wearable.sysui(1044) 3748 *NA(4513) 3364
09-03 16:46:24.642 D/io_stats(  319): !@ Write_top(KB): id.diagmonagent(1740) 56 r.contacts.sync(17827) 40 ch_zygote(18813) 8
09-03 16:46:24.794 D/WearServices( 1056): [StreamTimeline]Add NFN_LISTENER_NOTIFICATION_POSTED com.samsung.android.dialer
09-03 16:46:24.795 D/WearServices( 1056): [NotificationCollector]onNotificationPosted StatusBarNotification(pkg=com.samsung.android.dialer user=UserHandle{0} id=169 tag=p:169 key=0|com.samsung.android.dialer|169|p:169|10030: Notification(channel=missedCall shortcut=null contentView=null vibrate=null sound=null defaults=0 flags=AUTO_CANCEL|SILENT color=0xff15b76d category=call groupKey=default_missed_call_group actions=5 vis=PRIVATE publicVersion=Notification(channel=missedCall shortcut=null contentView=null vibrate=null sound=null defaults=0 flags=AUTO_CANCEL color=0x00000000 vis=PUBLIC)))
09-03 16:46:24.797 D/WearServices( 1056): [CollectorHandler]handleMessage, event: ON_NOTIFICATION_POSTED_WITH_RANKING
09-03 16:46:24.797 D/WearServices( 1056): [NotifToStreamItem]Adding RemoteViews to StreamDataItem
09-03 16:46:24.797 D/WearServices( 1056): [NotifToStreamItem]Adding MediaSession to StreamDataItem
09-03 16:46:24.812 D/WearServices( 1056): [StreamManagerCollectorListener]Posting local notification: AutoValue_StreamItemData{hidden=0, localPackageName=com.samsung.android.dialer, tag=p:169, flags=131088, isOngoing=false, isNotClearable=false, onlyAlertOnce=false, notificationSource=1, userId=0, isWorkProfile=false, appName=Phone, priority=0, category=call, group=default_missed_call_group, group=default_missed_call_group, groupKey=default_missed_call_group, hasGroupSummary=false, sortKey=, getChannel=com.google.wear.services.notification.channel.Channel@1eeb0083, postTime=1788434181686, originalPostTime=1788434181686, lastPostedAsInterruptiveTime=0, shouldVibrate=false, vibrationPattern=null, hasSound=false, hasAlreadyShown=false, groupAlertBehavior=0, alertParams=null, isMediaNotification=false, displayName[hashed0Chars]=null, conversationTitle[hashed0Chars]=null, messagesSize=0, isGroupConversation=false, textLinesSize=0, bigText[hashed0Chars]=null, bigTitle[hashed0Chars]=null, summaryText[hashed0Chars]=null, title[hashed2Chars]=82c, ticker[hashed0Chars]=0, contentText[hashed8Chars]=3edee16a, subText[hashed0Chars]=null, color=-15354003, peopleSize=0, hasBigPicture=false, hasLargeIcon=true, hasAppIcon=true, supplementalBitmapKeysSize=0, actionsCount=5, bridgedContentIntent[present]=false, bridgedContentIntentId[present]=false, fullScreenIntent=null, localOnly=false, isEmergency=false, startScrollBottom=false, doesContentIntentLaunchActivity=false, contentActionIndex=-1, wearableActionsCount=0, bridgeTag=null, dismissalId=null, filteringData=FilteringData{originalPackageName=com.samsung.android.dialer, isMediaStyle=false, tag=p:169, channelId=missedCall, isEmptyNotification=false, isClockworkForegroundService=false, isFrameworksForegroundNotification=false, hasInvalidWearableExtender=false, isFromAppHandlingMissedCallNotification=false, isFromDefaultSmsApp=false, isEmptySettingsNotification=false, dismissalId=null, isOngoingActivityStyle=false}, remoteStreamItemId=null, remoteNodeId=null, originalPackageName=com.samsung.android.dialer, isMediaStyle=false, styleName=null, hasPromotableCharacteristics=false, getContentViews=null, getBigContentViews=null, getMediaSessionBundle=Bundle[{com.google.wear.services.notification.media_session_bundle=null}]}
09-03 16:46:24.814 D/WearServices( 1056): [StreamTimeline]Add STREAM_POST StreamItemId{notificationSource=0, profile=null, packageHash=1697803211890333814, id=169, tagHash=-2681520466737395018, packageName=com.samsung.android.dialer, tag=p:169, notificationKey=0|com.samsung.android.dialer|169|p:169|10030} null
09-03 16:46:24.815 D/WearServices( 1056): [StreamDBQueue]Promised revision #22081 to queue a new op
09-03 16:46:24.815 D/WearServices( 1056): [WatchStreamManager]Promised set @ r#22081 for (com.samsung.android.dialer,tag=p:169,id=169)
09-03 16:46:24.818 D/WearServices( 1056): [StreamTimeline]Add NFN_LISTENER_NOTIFICATION_POSTED com.samsung.android.dialer
09-03 16:46:24.819 D/WearServices( 1056): [NotificationCollector]onNotificationPosted StatusBarNotification(pkg=com.samsung.android.dialer user=UserHandle{0} id=167 tag=p:167 key=0|com.samsung.android.dialer|167|p:167|10030: Notification(channel=missedCall shortcut=null contentView=null vibrate=null sound=null defaults=0 flags=AUTO_CANCEL|SILENT color=0xff15b76d category=call groupKey=default_missed_call_group actions=5 vis=PRIVATE publicVersion=Notification(channel=missedCall shortcut=null contentView=null vibrate=null sound=null defaults=0 flags=AUTO_CANCEL color=0x00000000 vis=PUBLIC)))
09-03 16:46:24.821 D/WearServices( 1056): [AlertingPipeline]Not alerting: Device is off-body
09-03 16:46:24.822 D/WearServices( 1056): [MutedApps]NotificationTimeTracker - updateLastNotificationTime: {packageName: com.samsung.android.dialer, time: 1788434181686}
09-03 16:46:24.822 D/WearServices( 1056): [MutedApps]NotificationTimeTracker - Throttling because of recent cached time: 1788431633703
09-03 16:46:24.823 D/WearServices( 1056): [NotificationStatsWriter]writeAtom WS_NOTIFICATION_UPDATED: NotificationUpdateAtom{packageName=com.samsung.android.dialer, updateAction=1, sourceDevice=3, importance=5, transportChannel=0, alertingEffect=4, groupAlertBehavior=1, alertOnlyOnce=1, groupType=3, style=1, hiddenReason=1, category=3, isOngoingNotification=false, isForegroundService=false, isEmergency=false, isWorkProfile=false, contentIntent=1, hasRemoteInput=false, actionCount=5, hasBigImages=true, hasDismissalId=false, isPromotedOngoing=false, hasPromotableCharacteristics=false}
09-03 16:46:24.823 D/WearServices( 1056): [CollectorHandler]handleMessage, event: ON_NOTIFICATION_POSTED_WITH_RANKING
09-03 16:46:24.823 D/WearServices( 1056): [NotifToStreamItem]Adding RemoteViews to StreamDataItem
09-03 16:46:24.823 D/WearServices( 1056): [NotifToStreamItem]Adding MediaSession to StreamDataItem
09-03 16:46:24.829 D/WearServices( 1056): [StreamManagerCollectorListener]Posting local notification: AutoValue_StreamItemData{hidden=0, localPackageName=com.samsung.android.dialer, tag=p:167, flags=131088, isOngoing=false, isNotClearable=false, onlyAlertOnce=false, notificationSource=1, userId=0, isWorkProfile=false, appName=Phone, priority=0, category=call, group=default_missed_call_group, group=default_missed_call_group, groupKey=default_missed_call_group, hasGroupSummary=false, sortKey=, getChannel=com.google.wear.services.notification.channel.Channel@1eeb0083, postTime=1788434181672, originalPostTime=1788434181672, lastPostedAsInterruptiveTime=0, shouldVibrate=false, vibrationPattern=null, hasSound=false, hasAlreadyShown=false, groupAlertBehavior=0, alertParams=null, isMediaNotification=false, displayName[hashed0Chars]=null, conversationTitle[hashed0Chars]=null, messagesSize=0, isGroupConversation=false, textLinesSize=0, bigText[hashed0Chars]=null, bigTitle[hashed0Chars]=null, summaryText[hashed0Chars]=null, title[hashed8Chars]=90c4267d, ticker[hashed0Chars]=0, contentText[hashed8Chars]=3edee16a, subText[hashed0Chars]=null, color=-15354003, peopleSize=0, hasBigPicture=false, hasLargeIcon=true, hasAppIcon=true, supplementalBitmapKeysSize=0, actionsCount=5, bridgedContentIntent[present]=false, bridgedContentIntentId[present]=false, fullScreenIntent=null, localOnly=false, isEmergency=false, startScrollBottom=false, doesContentIntentLaunchActivity=false, contentActionIndex=-1, wearableActionsCount=0, bridgeTag=null, dismissalId=null, filteringData=FilteringData{originalPackageName=com.samsung.android.dialer, isMediaStyle=false, tag=p:167, channelId=missedCall, isEmptyNotification=false, isClockworkForegroundService=false, isFrameworksForegroundNotification=false, hasInvalidWearableExtender=false, isFromAppHandlingMissedCallNotification=false, isFromDefaultSmsApp=false, isEmptySettingsNotification=false, dismissalId=null, isOngoingActivityStyle=false}, remoteStreamItemId=null, remoteNodeId=null, originalPackageName=com.samsung.android.dialer, isMediaStyle=false, styleName=null, hasPromotableCharacteristics=false, getContentViews=null, getBigContentViews=null, getMediaSessionBundle=Bundle[{com.google.wear.services.notification.media_session_bundle=null}]}
09-03 16:46:24.830 D/WearServices( 1056): [NotificationStatsWriter]writeAtom WS_NOTIFICATION_LATENCY: {packageName=com.samsung.android.dialer, sourceDevice=3, notificationComponentFlow=1, componentName=1, durationMillis=31}
09-03 16:46:24.832 D/WearServices( 1056): [NotificationStatsWriter]writeAtom WS_NOTIFICATION_LATENCY: {packageName=com.samsung.android.dialer, sourceDevice=3, notificationComponentFlow=1, componentName=4, durationMillis=3112}
09-03 16:46:24.849 D/WearServices( 1056): [StreamTimeline]Add NFN_LISTENER_NOTIFICATION_POSTED com.samsung.android.dialer
09-03 16:46:24.849 D/WearServices( 1056): [NotificationCollector]onNotificationPosted StatusBarNotification(pkg=com.samsung.android.dialer user=UserHandle{0} id=0 tag=0|com.samsung.android.dialer|g:Aggregate_AlertingSection key=0|com.samsung.android.dialer|0|0|com.samsung.android.dialer|g:Aggregate_AlertingSection|10030|0|com.samsung.android.dialer|g:Aggregate_AlertingSection: Notification(channel=missedCall shortcut=null contentView=null vibrate=null sound=null defaults=0 flags=AUTO_CANCEL|LOCAL_ONLY|GROUP_SUMMARY|AUTOGROUP_SUMMARY color=0xff15b76d groupKey=0|com.samsung.android.dialer|g:Aggregate_AlertingSection vis=PRIVATE))
09-03 16:46:24.852 D/WearServices( 1056): [NewStreamAdapter]Publishing revision #22081 to adapter clients
09-03 16:46:24.853 D/WearServices( 1056): [StreamTimeline]Add STREAM_POST StreamItemId{notificationSource=0, profile=null, packageHash=1697803211890333814, id=167, tagHash=-7930272527230952017, packageName=com.samsung.android.dialer, tag=p:167, notificationKey=0|com.samsung.android.dialer|167|p:167|10030} null
09-03 16:46:24.853 D/WearServices( 1056): [StreamDBQueue]Promised revision #22082 to queue a new op
09-03 16:46:24.857 W/SysUI   ( 1044): [WearSdkAlertingProcessor]Not alerting: Device is off-body, item id: StreamItemIdAndRevision{notifKey=0|com.samsung.android.dialer|169|p:169|10030, packageName=com.samsung.android.dialer, tag=p:169, id=169, revision=22081, originalRevision=22080, updateCount=1}
09-03 16:46:24.858 D/WearServices( 1056): [WatchStreamManager]Promised set @ r#22082 for (com.samsung.android.dialer,tag=p:167,id=167)
09-03 16:46:24.858 I/WNoti   ( 1044): [WNotiCommon] isDoNotDisturbMode(25) > dndMode : [0]
09-03 16:46:24.859 D/WearServices( 1056): [AlertingPipeline]Not alerting: Device is off-body
09-03 16:46:24.859 I/WNoti   ( 1044): [WNotiCommon] isDoNotDisturbMode(25) > dndMode : [0]
09-03 16:46:24.862 D/WearServices( 1056): [MutedApps]NotificationTimeTracker - updateLastNotificationTime: {packageName: com.samsung.android.dialer, time: 1788434181672}
09-03 16:46:24.862 D/WearServices( 1056): [MutedApps]NotificationTimeTracker - Throttling because of recent cached time: 1788431633703
09-03 16:46:24.862 D/WearServices( 1056): [NotificationStatsWriter]writeAtom WS_NOTIFICATION_UPDATED: NotificationUpdateAtom{packageName=com.samsung.android.dialer, updateAction=1, sourceDevice=3, importance=5, transportChannel=0, alertingEffect=4, groupAlertBehavior=1, alertOnlyOnce=1, groupType=3, style=1, hiddenReason=1, category=3, isOngoingNotification=false, isForegroundService=false, isEmergency=false, isWorkProfile=false, contentIntent=1, hasRemoteInput=false, actionCount=5, hasBigImages=true, hasDismissalId=false, isPromotedOngoing=false, hasPromotableCharacteristics=false}
09-03 16:46:24.862 W/WNoti   ( 1044): [WNotiDataConverter] addStreamItem(159) > [Noti]StreamItemData{[22080/22081/Child/Local], originalPackageName=com.samsung.android.dialer, group=default_missed_call_group, contentTitle=(2chars), bigTitle=null, conversationTitle=null, contentText=(13chars), bigText=null, summaryText=null, subText=null, tickerText=(0chars), isOngoing=false, flag=131088, when=1788434173073, postTime=1788434181686, originalPostTime=1788434181686, autoCancel=true, groupAlertBehavior=0, color=ff15b76d, channel=Missed call}
09-03 16:46:24.863 W/WNoti   ( 1044): [WNotiCommon] isPairAndDetachMode(4) > setupSkipped: 0, device type: 1
09-03 16:46:24.863 I/WNoti   ( 1044): [WNotiBlockAppHandler] isBlockedNotification(150) > pkgName[com.samsung.android.dialer] userId[0] allowed[true]
09-03 16:46:24.864 W/WNoti   ( 1044): [WNotiDataConverter] addStreamItem(380) > Should drop popup (Reason : No Alert : Silent Notification)
09-03 16:46:24.864 D/WearServices( 1056): [NotificationStatsWriter]writeAtom WS_NOTIFICATION_LATENCY: {packageName=com.samsung.android.dialer, sourceDevice=3, notificationComponentFlow=1, componentName=1, durationMillis=40}
09-03 16:46:24.864 I/WNoti   ( 1044): [ConvertingNotiData] convert(396) > This is local notification
09-03 16:46:24.864 I/WNoti   ( 1044): [ConvertingNotiData] convert(1240) > [22080/22081] isEnableExtension[false] largeIconOnly[false] imageReply[false] reactionVersion[0] isReactionSupported[false]
09-03 16:46:24.865 I/WNoti   ( 1044): [ConvertingNotiData] convert(1498) > [22080/22081] (Has) Small: O, Large: O, App: O, Big: X -> (Request) Small: O, Large: O, App: X, Big: X
09-03 16:46:24.866 W/WNoti   ( 1044): [ConvertingNotiData] convert(1537) > [22080/22081] request 2 job(s)
09-03 16:46:24.868 D/WearServices( 1056): [NotificationStatsWriter]writeAtom WS_NOTIFICATION_LATENCY: {packageName=com.samsung.android.dialer, sourceDevice=3, notificationComponentFlow=1, componentName=4, durationMillis=3152}
09-03 16:46:24.872 D/WearServices( 1056): [NewStreamAdapter]Publishing revision #22082 to adapter clients
09-03 16:46:24.876 I/ContactsDatabaseHelper( 1787): updateUseStrictPhoneNumberComparison: IN
09-03 16:46:24.878 I/WNoti   ( 1044): [DataRequestJob] runInternal(141) > [22080/22081]NotificationImageRequestJob
09-03 16:46:24.879 I/WNoti   ( 1044): [SmartSwitchRestoreController$$ExternalSyntheticOutline0] m(8) > [22080/22081]bitmap=true,imageType=LARGE_ICON,64x64
09-03 16:46:24.879 W/SysUI   ( 1044): [WearSdkAlertingProcessor]Not alerting: Device is off-body, item id: StreamItemIdAndRevision{notifKey=0|com.samsung.android.dialer|167|p:167|10030, packageName=com.samsung.android.dialer, tag=p:167, id=167, revision=22082, originalRevision=22073, updateCount=2}
09-03 16:46:24.880 I/WNoti   ( 1044): [ConvertingNotiData] releaseIfPossible(37) > [22080/22081] requestJobs: 1
09-03 16:46:24.880 I/WNoti   ( 1044): [WNotiCommon] isDoNotDisturbMode(25) > dndMode : [0]
09-03 16:46:24.884 I/WNoti   ( 1044): [WNotiCommon] isDoNotDisturbMode(25) > dndMode : [0]
09-03 16:46:24.887 W/WNoti   ( 1044): [WNotiDataConverter] addStreamItem(159) > [Noti]StreamItemData{[22073/22082/Child/Local], originalPackageName=com.samsung.android.dialer, group=default_missed_call_group, contentTitle=(13chars), bigTitle=null, conversationTitle=null, contentText=(13chars), bigText=null, summaryText=null, subText=null, tickerText=(0chars), isOngoing=false, flag=131088, when=1788431623192, postTime=1788434181672, originalPostTime=1788434181672, autoCancel=true, groupAlertBehavior=0, color=ff15b76d, channel=Missed call}
09-03 16:46:24.887 W/WNoti   ( 1044): [WNotiCommon] isPairAndDetachMode(4) > setupSkipped: 0, device type: 1
09-03 16:46:24.888 I/WNoti   ( 1044): [WNotiBlockAppHandler] isBlockedNotification(150) > pkgName[com.samsung.android.dialer] userId[0] allowed[true]
09-03 16:46:24.888 W/WNoti   ( 1044): [WNotiDataConverter] addStreamItem(380) > Should drop popup (Reason : No Alert : Silent Notification)
09-03 16:46:24.889 I/WNoti   ( 1044): [ConvertingNotiData] convert(396) > This is local notification
09-03 16:46:24.889 I/WNoti   ( 1044): [ConvertingNotiData] convert(1240) > [22073/22082] isEnableExtension[false] largeIconOnly[false] imageReply[false] reactionVersion[0] isReactionSupported[false]
09-03 16:46:24.890 I/WNoti   ( 1044): [ConvertingNotiData] convert(1498) > [22073/22082] (Has) Small: O, Large: O, App: O, Big: X -> (Request) Small: O, Large: O, App: X, Big: X
09-03 16:46:24.890 I/WNoti   ( 1044): [DataRequestJob] runInternal(141) > [22080/22081]NotificationImageRequestJob
09-03 16:46:24.890 W/WNoti   ( 1044): [ConvertingNotiData] convert(1537) > [22073/22082] request 2 job(s)
09-03 16:46:24.891 I/WNoti   ( 1044): [SmartSwitchRestoreController$$ExternalSyntheticOutline0] m(8) > [22080/22081]bitmap=true,imageType=SMALL_ICON,204x204
09-03 16:46:24.891 I/WNoti   ( 1044): [ConvertingNotiData] releaseIfPossible(37) > [22080/22081] requestJobs: 0
09-03 16:46:24.896 I/WNoti   ( 1044): [NotiData] setSmallIcon(43) > Grayscale [com.samsung.android.dialer][true][false]
09-03 16:46:24.896 W/WNoti   ( 1044): [ConvertingNotiData] releaseIfPossible(356) > isOngoing [false] isFlagNoClear [false] UserId [0] isPrivacy [false] hasTag[false]
09-03 16:46:24.897 W/WNoti   ( 1044): [NotiConverter$$ExternalSyntheticLambda0] run(65) > -----> [22080/22081/Child/Popup:X] DefaultPanelId{packageName=com.samsung.android.dialer, userId=0, isLocal=true}
09-03 16:46:24.897 I/WNoti   ( 1044): [DataRequestJob] runInternal(141) > [22073/22082]NotificationImageRequestJob
09-03 16:46:24.897 I/WNoti   ( 1044): [NotiConverter] removeOnCreatingList(75) > [22080/22081] Remove notiData on onCreatingList. After remove: 1 items left
09-03 16:46:24.897 I/WNoti   ( 1044): [WNotiVspPanel] addElement(11) > [22080/22081]
09-03 16:46:24.898 I/WNoti   ( 1044): [WNotiVspPanel] addElement(558) > PanelId=DefaultPanelId{packageName=com.samsung.android.dialer, userId=0, isLocal=true}, id=StreamItemIdAndRevision{notifKey=0|com.samsung.android.dialer|169|p:169|10030, packageName=com.samsung.android.dialer, tag=p:169, id=169, revision=22081, originalRevision=22080, updateCount=1}, detail=false, groupSummaryDetail=false
09-03 16:46:24.899 I/WNoti   ( 1044): [VspPanelController] postPanels(51) > post 7 panel(s)
09-03 16:46:24.900 I/WNoti   ( 1044): [WNotiDisabledActionChecker] getDisabledAction(133) > There is no pkg in allowedMobileAppHashMap and watchAppHashMap. It seems that system or service App
09-03 16:46:24.912 I/WNoti   ( 1044): [DataRequestJob] runInternal(141) > [22073/22082]NotificationImageRequestJob
09-03 16:46:24.920 I/WNoti   ( 1044): [SchoolModeStateImpl$$ExternalSyntheticOutline0] m(8) > populateActions: wearableActionCount = 0, actionCount = 3, totalButtonCount = 5, isOpenAppDisabled = false, isBlockNotiDisabled = false
09-03 16:46:24.923 I/DMASA[S]( 1740): [a]check quota : 4Q5-399-1001005
09-03 16:46:24.924 I/DMASA[S]( 1740): [b]4Q5-399-1001005 remain quota : 741
09-03 16:46:24.924 I/DMASA[S]( 1740): [a]Receive log ok : 4Q5-399-1001005
09-03 16:46:24.927 I/WNoti   ( 1044): [SchoolModeStateImpl$$ExternalSyntheticOutline0] m(8) > populateActions: wearableActionCount = 0, actionCount = 3, totalButtonCount = 5, isOpenAppDisabled = false, isBlockNotiDisabled = false
09-03 16:46:24.934 W/WNoti   ( 1044): [WNotiActionDataList] addActionsWithoutRemoteInputs(57) > RemoteInput Action should be skipped.
09-03 16:46:24.934 I/ContactsDatabaseHelper( 1787): updateUseStrictPhoneNumberComparison: IN
09-03 16:46:24.935 I/WNoti   ( 1044): [SchoolModeStateImpl$$ExternalSyntheticOutline0] m(8) > populateActions: wearableActionCount = 0, actionCount = 4, totalButtonCount = 6, isOpenAppDisabled = false, isBlockNotiDisabled = false
09-03 16:46:24.935 I/WNoti   ( 1044): [WNotiDisabledActionChecker] getDisabledAction(133) > There is no pkg in allowedMobileAppHashMap and watchAppHashMap. It seems that system or service App
09-03 16:46:24.958 I/ContactsDatabaseHelper( 1787): updateUseStrictPhoneNumberComparison: IN
09-03 16:46:24.959 I/WNoti   ( 1044): [NotificationPlugin$$ExternalSyntheticLambda3] invoke(24) > postBy=SUBMIT
09-03 16:46:24.961 I/Dashboard( 1044): [DashboardViewImpl$initAdapter$1] onItemRangeChanged(25) > onItemRangeChanged:: positionStart : 6, itemCount : 1
09-03 16:46:24.962 I/Dashboard( 1044): [DashboardViewImpl$initAdapter$1] updateWatchfacePosition(43) > onItemRangeChanged :: count : 16 / watchface position : 7
09-03 16:46:24.962 I/WNoti   ( 1044): [SmartSwitchRestoreController$$ExternalSyntheticOutline0] m(8) > isAttached=true, prev=7, current=7
09-03 16:46:24.964 I/WNoti   ( 1044): [SmartSwitchRestoreController$$ExternalSyntheticOutline0] m(8) > unreadCount=2,totalCount=9,isFirstUnread=false,unreadCountToDispatch=2
09-03 16:46:24.964 I/WNoti   ( 1044): [WNotiPanelModule] dispatchNotificationCountEventInternal(15) > 
09-03 16:46:24.965 I/WNoti   ( 1044): [NotiConverter$$ExternalSyntheticLambda0] run(421) > Current System Time: 1788434184965
09-03 16:46:24.966 I/WNoti   ( 1044): [SmartSwitchRestoreController$$ExternalSyntheticOutline0] m(8) > [22073/22082]bitmap=true,imageType=LARGE_ICON,64x64
09-03 16:46:24.967 I/WNoti   ( 1044): [ConvertingNotiData] releaseIfPossible(37) > [22073/22082] requestJobs: 1
09-03 16:46:24.967 I/WNoti   ( 1044): [SmartSwitchRestoreController$$ExternalSyntheticOutline0] m(8) > [22073/22082]bitmap=true,imageType=SMALL_ICON,204x204
09-03 16:46:24.968 I/WNoti   ( 1044): [ConvertingNotiData] releaseIfPossible(37) > [22073/22082] requestJobs: 0
09-03 16:46:24.972 I/WNoti   ( 1044): [NotiData] setSmallIcon(43) > Grayscale [com.samsung.android.dialer][true][false]
09-03 16:46:24.973 W/WNoti   ( 1044): [ConvertingNotiData] releaseIfPossible(356) > isOngoing [false] isFlagNoClear [false] UserId [0] isPrivacy [false] hasTag[false]
09-03 16:46:24.973 W/WNoti   ( 1044): [NotiConverter$$ExternalSyntheticLambda0] run(65) > -----> [22073/22082/Child/Popup:X] DefaultPanelId{packageName=com.samsung.android.dialer, userId=0, isLocal=true}
09-03 16:46:24.973 I/WNoti   ( 1044): [NotiConverter] removeOnCreatingList(75) > [22073/22082] Remove notiData on onCreatingList. After remove: 0 items left
09-03 16:46:24.974 I/WNoti   ( 1044): [WNotiVspPanel] addElement(11) > [22073/22082]
09-03 16:46:24.974 I/WNoti   ( 1044): [WNotiVspPanel] addElement(558) > PanelId=DefaultPanelId{packageName=com.samsung.android.dialer, userId=0, isLocal=true}, id=StreamItemIdAndRevision{notifKey=0|com.samsung.android.dialer|167|p:167|10030, packageName=com.samsung.android.dialer, tag=p:167, id=167, revision=22082, originalRevision=22073, updateCount=2}, detail=false, groupSummaryDetail=false
09-03 16:46:24.977 I/WNoti   ( 1044): [VspPanelController] postPanels(51) > post 7 panel(s)
09-03 16:46:24.978 I/WNoti   ( 1044): [WNotiDisabledActionChecker] getDisabledAction(133) > There is no pkg in allowedMobileAppHashMap and watchAppHashMap. It seems that system or service App
09-03 16:46:24.983 I/DMASA[S]( 1740): [a]check quota : 4Q5-399-1001005
09-03 16:46:24.983 I/DMASA[S]( 1740): [b]4Q5-399-1001005 remain quota : 740
09-03 16:46:24.983 I/DMASA[S]( 1740): [a]Receive log ok : 4Q5-399-1001005
09-03 16:46:24.989 I/WNoti   ( 1044): [SchoolModeStateImpl$$ExternalSyntheticOutline0] m(8) > populateActions: wearableActionCount = 0, actionCount = 3, totalButtonCount = 5, isOpenAppDisabled = false, isBlockNotiDisabled = false
09-03 16:46:24.995 I/WNoti   ( 1044): [SchoolModeStateImpl$$ExternalSyntheticOutline0] m(8) > populateActions: wearableActionCount = 0, actionCount = 3, totalButtonCount = 5, isOpenAppDisabled = false, isBlockNotiDisabled = false
09-03 16:46:25.009 W/WNoti   ( 1044): [WNotiActionDataList] addActionsWithoutRemoteInputs(57) > RemoteInput Action should be skipped.
09-03 16:46:25.010 I/WNoti   ( 1044): [SchoolModeStateImpl$$ExternalSyntheticOutline0] m(8) > populateActions: wearableActionCount = 0, actionCount = 4, totalButtonCount = 6, isOpenAppDisabled = false, isBlockNotiDisabled = false
09-03 16:46:25.011 I/WNoti   ( 1044): [WNotiDisabledActionChecker] getDisabledAction(133) > There is no pkg in allowedMobileAppHashMap and watchAppHashMap. It seems that system or service App
09-03 16:46:25.033 I/WNoti   ( 1044): [NotificationPlugin$$ExternalSyntheticLambda3] invoke(24) > postBy=SUBMIT
09-03 16:46:25.033 I/WNoti   ( 1044): [SmartSwitchRestoreController$$ExternalSyntheticOutline0] m(8) > unreadCount=2,totalCount=9,isFirstUnread=false,unreadCountToDispatch=2
09-03 16:46:25.037 I/Dashboard( 1044): [DashboardViewImpl$initAdapter$1] onItemRangeChanged(25) > onItemRangeChanged:: positionStart : 6, itemCount : 1
09-03 16:46:25.037 I/WNoti   ( 1044): [NotiConverter$$ExternalSyntheticLambda0] run(421) > Current System Time: 1788434185035
09-03 16:46:25.038 I/Dashboard( 1044): [DashboardViewImpl$initAdapter$1] updateWatchfacePosition(43) > onItemRangeChanged :: count : 16 / watchface position : 7
09-03 16:46:25.039 I/WNoti   ( 1044): [SmartSwitchRestoreController$$ExternalSyntheticOutline0] m(8) > isAttached=true, prev=7, current=7
09-03 16:46:25.041 I/WNoti   ( 1044): [WNotiPanelModule] dispatchNotificationCountEventInternal(15) > 
09-03 16:46:25.063 I/Dashboard( 1044): [SecAppsItemSyncManagerImpl$$ExternalSyntheticOutline0] m(9) > refreshVI / 0
09-03 16:46:25.063 W/Dashboard( 1044): [WatchfaceScrollVIDefault$updateWatchfaceScale$1] run(45) > watchface scale : 1.0 -> release(1)
09-03 16:46:25.142 I/Dashboard( 1044): [SecAppsItemSyncManagerImpl$$ExternalSyntheticOutline0] m(9) > refreshVI / 0
09-03 16:46:25.144 W/Dashboard( 1044): [WatchfaceScrollVIDefault$updateWatchfaceScale$1] run(45) > watchface scale : 1.0 -> release(1)
09-03 16:46:25.537 E/BatteryStatsService(  601): Invalid uid for waking network packet: -1
09-03 16:46:25.544 E/BatteryStatsService(  601): Invalid uid for waking network packet: -1
09-03 16:46:25.546 E/BatteryStatsService(  601): Invalid uid for waking network packet: -1
09-03 16:46:25.549 E/BatteryStatsService(  601): Invalid uid for waking network packet: -1
09-03 16:46:25.825 I/hwservicemanager(  287): getTransport: Cannot find entry android.hardware.memtrack@1.0::IMemtrack/default in either framework or device VINTF manifest.
09-03 16:46:25.834 I/hwservicemanager(  287): getTransport: Cannot find entry android.hardware.memtrack@1.0::IMemtrack/default in either framework or device VINTF manifest.
09-03 16:46:25.835 E/HidlServiceManagement(18832): Service android.hardware.memtrack@1.0::IMemtrack/default must be in VINTF manifest in order to register/get.
09-03 16:46:25.836 E/LegacySupport(18832): Could not register service android.hardware.memtrack@1.0::IMemtrack/default (-2147483648).
09-03 16:46:26.321 I/ContactsSyncApplication[CS] (17827): call log changed try to run CommandJobService
09-03 16:46:26.328 I/CommandJobService[CS] (17827): job started
09-03 16:46:26.330 I/CommandWorker[CS] (17827): work start
09-03 16:46:26.331 I/CommandWorker[CS] (17827): WORKER ENTER needStop : false total : 2 scheduled :0 finished :0 pending : 0 elapsed : 0 sec completed tail : [] isReady :  true
09-03 16:46:26.332 I/CommandDispatcher[CS] (17827): start CallLogChangedCommand
09-03 16:46:26.333 I/CommandDispatcher[CS] (17827): start BnrCommand
09-03 16:46:26.362 I/CallLogUtil( 1787): getCheckedQueryBuilder voicemailPermissions: true
09-03 16:46:26.364 I/CallLogUtil( 1787): getCheckedQueryBuilder voicemailPermissions: true
09-03 16:46:26.397 D/WifiHAL (  458): GetLinkStatCommand: zero radio case
09-03 16:46:26.405 I/CallLogChangedCommand[CS] (17827): call log ids: [169, 167]
09-03 16:46:26.409 I/CallLogUtil( 1787): getCheckedQueryBuilder voicemailPermissions: true
09-03 16:46:26.423 I/CallLogChangedCommand[CS] (17827): no read call log ids
09-03 16:46:26.427 I/CallLogUtil( 1787): getCheckedQueryBuilder voicemailPermissions: true
09-03 16:46:26.441 I/CallLogChangedCommand[CS] (17827): CallLogChangedCommand execute end
09-03 16:46:26.442 I/CommandWorker[CS] (17827): WORKER EXIT needStop : false total : 0 scheduled :2 finished :2 pending : 0 elapsed : 0 sec completed tail : [186240, 186245] isReady :  true
09-03 16:46:26.442 I/CommandJobService[CS] (17827): job finished reschedule : false
09-03 16:46:26.442 I/CommandWorker[CS] (17827): work end
09-03 16:46:26.646 D/io_stats(  319): !@ 179,0 r 458163 10112816 w 43182 417812 d 8289 623412 f 3241 4349 iot 664792 0 th 0 0 0 pt 0 inp 0 0 11011.930
09-03 16:46:26.659 E/BatteryStatsService(  601): Invalid uid for waking network packet: -1
09-03 16:46:26.662 E/BatteryStatsService(  601): Invalid uid for waking network packet: -1
09-03 16:46:26.664 E/BatteryStatsService(  601): Invalid uid for waking network packet: -1
09-03 16:46:27.380 W/.android.dialer( 4513): Reducing the number of considered missed Gc histogram windows from 189 to 100
09-03 16:46:27.383 W/System  ( 4513): A resource failed to call AbstractCursor.close. 
09-03 16:46:27.385 W/System  ( 4513): A resource failed to call CursorWrapperInner.close. 
09-03 16:46:27.463 D/InetDiagMessage(  601): Destroyed 0 sockets, proto=IPPROTO_TCP, family=AF_INET, states=14
09-03 16:46:27.467 D/InetDiagMessage(  601): Destroyed 0 sockets, proto=IPPROTO_TCP, family=AF_INET6, states=14
09-03 16:46:27.468 D/InetDiagMessage(  601): Destroyed live tcp sockets for uids={10015} in 13ms
09-03 16:46:27.473 D/InetDiagMessage(  601): Destroyed 0 sockets, proto=IPPROTO_TCP, family=AF_INET, states=14
09-03 16:46:27.478 D/InetDiagMessage(  601): Destroyed 0 sockets, proto=IPPROTO_TCP, family=AF_INET6, states=14
09-03 16:46:27.478 D/InetDiagMessage(  601): Destroyed live tcp sockets for uids={20015} in 8ms
09-03 16:46:27.745 E/BatteryStatsService(  601): Invalid uid for waking network packet: -1
09-03 16:46:27.750 E/BatteryStatsService(  601): Invalid uid for waking network packet: -1
09-03 16:46:28.006 E/SSRM:DHMS_BASEFRAMEWORK(  601): e = /sys/class/sec/sec-cp-thermistor/temperature: open failed: ENOENT (No such file or directory)
09-03 16:46:28.017 I/SSRM:Temperature(  601): SIOP:: AP : 412 CP : -999 BLK : 430 BAT : 393
09-03 16:46:28.650 D/io_stats(  319): !@ 179,0 r 458171 10112848 w 43188 417848 d 8289 623412 f 3241 4349 iot 664820 0 th 0 0 0 pt 0 inp 0 0 11013.934
09-03 16:46:28.652 D/io_stats(  319): !@ Read_top(KB): d.process.acore(1787) 148 system_server(601) 120 r.contacts.sync(17827) 80
09-03 16:46:28.653 D/io_stats(  319): !@ Write_top(KB): id.diagmonagent(1740) 48 kworker/u4:3(18167) 36 r.contacts.sync(17827) 16
09-03 16:46:28.959 E/BatteryStatsService(  601): Invalid uid for waking network packet: -1
09-03 16:46:28.961 E/BatteryStatsService(  601): Invalid uid for waking network packet: -1
09-03 16:46:28.966 E/BatteryStatsService(  601): Invalid uid for waking network packet: -1
09-03 16:46:28.968 E/BatteryStatsService(  601): Invalid uid for waking network packet: -1
09-03 16:46:29.001 W/lientconnection(17669): Reducing the number of considered missed Gc histogram windows from 189 to 100
09-03 16:46:29.003 W/System  (17669): A resource failed to call close. 
09-03 16:46:29.003 W/System  (17669): A resource failed to call CursorWindow.close. 
09-03 16:46:29.003 E/DataBuffer(17669): Internal data leak within a DataBuffer object detected!  Be sure to explicitly call release() on all DataBuffer extending objects when you are done with them. (internal object: com.google.android.gms.common.data.DataHolder@160cf80)
09-03 16:46:29.506 D/WifiHAL (  458): GetLinkStatCommand: zero radio case
09-03 16:46:29.994 I/adbd    ( 1489): New TLS connection [fd=25]
09-03 16:46:29.998 I/adbd    ( 1489): host-25: write thread spawning
09-03 16:46:29.999 I/adbd    ( 1489): host-25: read thread spawning
09-03 16:46:29.999 I/adbd    ( 1489): host-25: read failed: Success
09-03 16:46:29.999 I/adbd    ( 1489): host-25: connection terminated: read failed
09-03 16:46:29.999 I/adbd    ( 1489): BlockingConnectionAdapter(host-25): stopping
09-03 16:46:30.000 I/adbd    ( 1489): BlockingConnectionAdapter(host-25): stopped
09-03 16:46:30.001 I/adbd    ( 1489): BlockingConnectionAdapter(host-25): destructing
09-03 16:46:30.001 I/adbd    ( 1489): BlockingConnectionAdapter(host-25): already stopped
09-03 16:46:30.113 E/BatteryStatsService(  601): Invalid uid for waking network packet: -1
09-03 16:46:30.116 E/BatteryStatsService(  601): Invalid uid for waking network packet: -1
09-03 16:46:30.119 E/BatteryStatsService(  601): Invalid uid for waking network packet: -1
09-03 16:46:30.122 E/BatteryStatsService(  601): Invalid uid for waking network packet: -1
09-03 16:46:30.124 E/BatteryStatsService(  601): Invalid uid for waking network packet: -1
09-03 16:46:30.126 E/BatteryStatsService(  601): Invalid uid for waking network packet: -1
09-03 16:46:30.128 E/BatteryStatsService(  601): Invalid uid for waking network packet: -1
09-03 16:46:30.855 I/hwservicemanager(  287): getTransport: Cannot find entry android.hardware.memtrack@1.0::IMemtrack/default in either framework or device VINTF manifest.
09-03 16:46:30.869 I/hwservicemanager(  287): getTransport: Cannot find entry android.hardware.memtrack@1.0::IMemtrack/default in either framework or device VINTF manifest.
09-03 16:46:30.873 E/HidlServiceManagement(18836): Service android.hardware.memtrack@1.0::IMemtrack/default must be in VINTF manifest in order to register/get.
09-03 16:46:30.875 E/LegacySupport(18836): Could not register service android.hardware.memtrack@1.0::IMemtrack/default (-2147483648).
09-03 16:46:31.233 E/BatteryStatsService(  601): Invalid uid for waking network packet: -1
09-03 16:46:31.236 E/BatteryStatsService(  601): Invalid uid for waking network packet: -1
09-03 16:46:31.239 E/BatteryStatsService(  601): Invalid uid for waking network packet: -1
09-03 16:46:31.241 E/BatteryStatsService(  601): Invalid uid for waking network packet: -1
09-03 16:46:31.243 E/BatteryStatsService(  601): Invalid uid for waking network packet: -1
09-03 16:46:31.246 E/BatteryStatsService(  601): Invalid uid for waking network packet: -1
09-03 16:46:31.248 E/BatteryStatsService(  601): Invalid uid for waking network packet: -1
09-03 16:46:32.608 E/BatteryStatsService(  601): Invalid uid for waking network packet: -1
09-03 16:46:32.613 E/BatteryStatsService(  601): Invalid uid for waking network packet: -1
09-03 16:46:32.617 E/BatteryStatsService(  601): Invalid uid for waking network packet: -1
09-03 16:46:32.620 E/BatteryStatsService(  601): Invalid uid for waking network packet: -1
09-03 16:46:32.625 E/BatteryStatsService(  601): Invalid uid for waking network packet: -1
09-03 16:46:32.629 E/BatteryStatsService(  601): Invalid uid for waking network packet: -1
09-03 16:46:32.654 D/WifiHAL (  458): GetLinkStatCommand: zero radio case
09-03 16:46:33.134 I/wpa_supplicant( 1095): Heartbeat 1080
09-03 16:46:33.155 E/Watchdog(  601): !@Sync: 367 heap: 47 / 60 FD: 775 [2026-09-03 16:46:33.153]
09-03 16:46:33.223 E/BatteryDump(  489): !@new_battery_dump : 4376,143,2000,168,88,393,0,Chg,Normal,Good,INBOX_WRL,90,Normal,0,0,9772,205,0,0x0c,0x8c,0x0f,0x5e,0x01,0x34,0x00,0x01,0,0,8593,4227,1,1,4834,4737,174,4384,0x11,0,2,0x130,0x80,0x56,143,0x3,0x0,0x0
09-03 16:46:33.243 D/[SS]BattFunctions(  601): [sendRemainingChargingTimeChangedIntent]remainingChargingTime:1798 ,mLastRemainingChargingTime:1810
09-03 16:46:33.245 D/BatteryService(  601): Sending ACTION_BATTERY_CHANGED: level:88, status:2, health:2, ac:false, usb:false, wireless:true, misc:0x0, charge_type:1, charger_type:0, voltage:4376, temperature:393, online:11, current_avg:143, hvc:false, capacity:280000, current_event:0x0, current_now:143, mcc:0, mcv:0, cc:318240, present:true, scale:100, technology:Li-ion
09-03 16:46:33.265 D/PowerUI ( 1181): onReceive() Received Action =  com.samsung.server.BatteryService.action.SEC_BATTERY_REMAINING_CHARGING_TIME_CHANGED
09-03 16:46:33.266 D/PowerUI ( 1181): onReceive() Unsupported Action 
09-03 16:46:33.267 D/PowerUI ( 1181): onReceive() Received Action =  android.intent.action.BATTERY_CHANGED
09-03 16:46:33.267 D/PowerUI ( 1181): plugged=true
09-03 16:46:33.268 I/PowerUI ( 1181): maybeShowBatteryWarningV2 plugged=true bucket=1
09-03 16:46:33.269 I/PowerUI.NotificationHelper( 1181): cancelNotification  notificationID = 9009
09-03 16:46:33.271 I/PowerUI ( 1181): ACTION_BATTERY_CHANGED : mPlugType=4 mBatteryStatus=2
09-03 16:46:33.271 I/PowerUI ( 1181): oldMisalign : false, curMisalign : false
09-03 16:46:33.281 D/SYSTEM_UI( 1181): BatteryIndicatorPresenter$3.onReceive(19): onReceive() Received Action =  android.intent.action.BATTERY_CHANGED
09-03 16:46:33.282 D/SYSTEM_UI( 1181): BatteryIndicatorPresenter$3.onReceive(103): level          88 --> 88
09-03 16:46:33.283 D/SYSTEM_UI( 1181): BatteryIndicatorPresenter$3.onReceive(130): status         2 --> 2
09-03 16:46:33.287 D/AdaptiveBrightnessLongtermModelBuilder(  601): Received android.intent.action.BATTERY_CHANGED
09-03 16:46:33.313 I/NfcWirelessCharge( 1164): chargeMode: 4, isWirelessCharging: true
09-03 16:46:33.761 I/Watchface( 1109): [ModelBattery] action:android.intent.action.BATTERY_CHANGED
09-03 16:46:33.762 I/Watchface( 1109): [ModelBattery] scale[100] level[88] status[2] isCharging[true] batteryLow[false]
09-03 16:46:33.762 I/Watchface( 1109): [ModelBattery] putAll to pendingUpdatedValues!! size:2
09-03 16:46:33.985 E/BatteryStatsService(  601): Invalid uid for waking network packet: -1
09-03 16:46:34.665 D/io_stats(  319): !@ 179,0 r 458171 10112848 w 43190 417856 d 8289 623412 f 3241 4349 iot 664828 0 th 0 0 0 pt 0 inp 0 0 11019.948
09-03 16:46:35.137 E/BatteryStatsService(  601): Invalid uid for waking network packet: -1
09-03 16:46:35.802 D/WifiHAL (  458): GetLinkStatCommand: zero radio case
09-03 16:46:35.867 I/hwservicemanager(  287): getTransport: Cannot find entry android.hardware.memtrack@1.0::IMemtrack/default in either framework or device VINTF manifest.
09-03 16:46:35.876 I/hwservicemanager(  287): getTransport: Cannot find entry android.hardware.memtrack@1.0::IMemtrack/default in either framework or device VINTF manifest.
09-03 16:46:35.877 E/HidlServiceManagement(18837): Service android.hardware.memtrack@1.0::IMemtrack/default must be in VINTF manifest in order to register/get.
09-03 16:46:35.877 E/LegacySupport(18837): Could not register service android.hardware.memtrack@1.0::IMemtrack/default (-2147483648).
09-03 16:46:36.669 D/io_stats(  319): !@ 179,0 r 458173 10112856 w 43191 417860 d 8289 623412 f 3241 4349 iot 664844 0 th 0 0 0 pt 0 inp 0 0 11021.953
09-03 16:46:36.671 D/io_stats(  319): !@ Read_top(KB): ding:background(17404) 8
09-03 16:46:36.671 D/io_stats(  319): !@ Write_top(KB): vendor.samsung.(489) 8 ding:background(17404) 4
09-03 16:46:36.833 E/BatteryStatsService(  601): Invalid uid for waking network packet: -1
09-03 16:46:36.836 E/BatteryStatsService(  601): Invalid uid for waking network packet: -1
09-03 16:46:36.842 E/BatteryStatsService(  601): Invalid uid for waking network packet: -1
09-03 16:46:36.845 E/BatteryStatsService(  601): Invalid uid for waking network packet: -1
09-03 16:46:36.847 E/BatteryStatsService(  601): Invalid uid for waking network packet: -1
09-03 16:46:36.849 E/BatteryStatsService(  601): Invalid uid for waking network packet: -1
09-03 16:46:37.921 E/BatteryStatsService(  601): Invalid uid for waking network packet: -1
09-03 16:46:37.924 E/BatteryStatsService(  601): Invalid uid for waking network packet: -1
09-03 16:46:37.930 E/BatteryStatsService(  601): Invalid uid for waking network packet: -1
09-03 16:46:37.932 E/BatteryStatsService(  601): Invalid uid for waking network packet: -1
09-03 16:46:38.054 E/SSRM:DHMS_BASEFRAMEWORK(  601): e = /sys/class/sec/sec-cp-thermistor/temperature: open failed: ENOENT (No such file or directory)
09-03 16:46:38.062 I/SSRM:Temperature(  601): SIOP:: AP : 410 CP : -999 BLK : 430 BAT : 393
09-03 16:46:38.928 D/WifiHAL (  458): GetLinkStatCommand: zero radio case
09-03 16:46:39.843 I/adbd    ( 1489): New TLS connection [fd=25]
09-03 16:46:39.848 I/adbd    ( 1489): host-25: write thread spawning
09-03 16:46:39.848 I/adbd    ( 1489): host-25: read thread spawning
09-03 16:46:39.848 I/adbd    ( 1489): host-25: read failed: Success
09-03 16:46:39.848 I/adbd    ( 1489): host-25: connection terminated: read failed
09-03 16:46:39.848 E/BatteryStatsService(  601): Invalid uid for waking network packet: -1
09-03 16:46:39.849 I/adbd    ( 1489): BlockingConnectionAdapter(host-25): stopping
09-03 16:46:39.849 E/BatteryStatsService(  601): Invalid uid for waking network packet: -1
09-03 16:46:39.849 I/adbd    ( 1489): BlockingConnectionAdapter(host-25): stopped
09-03 16:46:39.850 I/adbd    ( 1489): BlockingConnectionAdapter(host-25): destructing
09-03 16:46:39.850 I/adbd    ( 1489): BlockingConnectionAdapter(host-25): already stopped
09-03 16:46:39.851 E/BatteryStatsService(  601): Invalid uid for waking network packet: -1
09-03 16:46:39.852 E/BatteryStatsService(  601): Invalid uid for waking network packet: -1
09-03 16:46:39.853 E/BatteryStatsService(  601): Invalid uid for waking network packet: -1
09-03 16:46:39.853 E/BatteryStatsService(  601): Invalid uid for waking network packet: -1
09-03 16:46:39.854 E/BatteryStatsService(  601): Invalid uid for waking network packet: -1
09-03 16:46:40.892 I/hwservicemanager(  287): getTransport: Cannot find entry android.hardware.memtrack@1.0::IMemtrack/default in either framework or device VINTF manifest.
09-03 16:46:40.900 I/hwservicemanager(  287): getTransport: Cannot find entry android.hardware.memtrack@1.0::IMemtrack/default in either framework or device VINTF manifest.
09-03 16:46:40.901 E/HidlServiceManagement(18840): Service android.hardware.memtrack@1.0::IMemtrack/default must be in VINTF manifest in order to register/get.
09-03 16:46:40.902 E/LegacySupport(18840): Could not register service android.hardware.memtrack@1.0::IMemtrack/default (-2147483648).
09-03 16:46:40.993 E/BatteryStatsService(  601): Invalid uid for waking network packet: -1
09-03 16:46:40.997 E/BatteryStatsService(  601): Invalid uid for waking network packet: -1
09-03 16:46:41.003 E/BatteryStatsService(  601): Invalid uid for waking network packet: -1
09-03 16:46:41.006 E/BatteryStatsService(  601): Invalid uid for waking network packet: -1
09-03 16:46:41.008 E/BatteryStatsService(  601): Invalid uid for waking network packet: -1
09-03 16:46:41.011 E/BatteryStatsService(  601): Invalid uid for waking network packet: -1
09-03 16:46:42.072 D/WifiHAL (  458): GetLinkStatCommand: zero radio case
09-03 16:46:42.084 E/BatteryStatsService(  601): Invalid uid for waking network packet: -1
09-03 16:46:42.087 E/BatteryStatsService(  601): Invalid uid for waking network packet: -1
09-03 16:46:42.682 D/io_stats(  319): !@ 179,0 r 458173 10112856 w 43192 417888 d 8289 623412 f 3241 4349 iot 664852 0 th 0 0 0 pt 0 inp 0 0 11027.966
09-03 16:46:43.137 I/wpa_supplicant( 1095): Heartbeat 1081
09-03 16:46:43.141 E/BatteryStatsService(  601): Invalid uid for waking network packet: -1
09-03 16:46:43.143 E/BatteryStatsService(  601): Invalid uid for waking network packet: -1
09-03 16:46:43.277 E/BatteryDump(  489): !@new_battery_dump : 4378,144,2000,168,88,392,0,Chg,Normal,Good,INBOX_WRL,90,Normal,0,0,9772,205,0,0x1f,0x8c,0x0f,0x5e,0x01,0x34,0x00,0x01,0,0,8603,4228,1,1,4829,4732,174,4395,0x11,0,2,0x130,0x80,0x56,143,0x3,0x0,0x0
09-03 16:46:43.294 D/[SS]BattFunctions(  601): [sendRemainingChargingTimeChangedIntent]remainingChargingTime:1786 ,mLastRemainingChargingTime:1798
09-03 16:46:43.295 D/BatteryService(  601): Sending ACTION_BATTERY_CHANGED: level:88, status:2, health:2, ac:false, usb:false, wireless:true, misc:0x0, charge_type:1, charger_type:0, voltage:4378, temperature:392, online:11, current_avg:142, hvc:false, capacity:280000, current_event:0x0, current_now:144, mcc:0, mcv:0, cc:318600, present:true, scale:100, technology:Li-ion
09-03 16:46:43.302 D/PowerUI ( 1181): onReceive() Received Action =  com.samsung.server.BatteryService.action.SEC_BATTERY_REMAINING_CHARGING_TIME_CHANGED
09-03 16:46:43.303 D/PowerUI ( 1181): onReceive() Unsupported Action 
09-03 16:46:43.310 D/PowerUI ( 1181): onReceive() Received Action =  android.intent.action.BATTERY_CHANGED
09-03 16:46:43.311 D/PowerUI ( 1181): plugged=true
09-03 16:46:43.311 I/PowerUI ( 1181): ACTION_BATTERY_CHANGED : mPlugType=4 mBatteryStatus=2
09-03 16:46:43.311 I/PowerUI ( 1181): oldMisalign : false, curMisalign : false
09-03 16:46:43.312 I/PowerUI ( 1181): maybeShowBatteryWarningV2 plugged=true bucket=1
09-03 16:46:43.313 I/PowerUI.NotificationHelper( 1181): cancelNotification  notificationID = 9009
09-03 16:46:43.318 D/SYSTEM_UI( 1181): BatteryIndicatorPresenter$3.onReceive(19): onReceive() Received Action =  android.intent.action.BATTERY_CHANGED
09-03 16:46:43.319 D/SYSTEM_UI( 1181): BatteryIndicatorPresenter$3.onReceive(103): level          88 --> 88
09-03 16:46:43.320 D/SYSTEM_UI( 1181): BatteryIndicatorPresenter$3.onReceive(130): status         2 --> 2
09-03 16:46:43.329 D/AdaptiveBrightnessLongtermModelBuilder(  601): Received android.intent.action.BATTERY_CHANGED
09-03 16:46:43.348 I/NfcWirelessCharge( 1164): chargeMode: 4, isWirelessCharging: true
09-03 16:46:43.823 I/Watchface( 1109): [ModelBattery] action:android.intent.action.BATTERY_CHANGED
09-03 16:46:43.824 I/Watchface( 1109): [ModelBattery] scale[100] level[88] status[2] isCharging[true] batteryLow[false]
09-03 16:46:43.825 I/Watchface( 1109): [ModelBattery] putAll to pendingUpdatedValues!! size:2
09-03 16:46:44.687 D/io_stats(  319): !@ 179,0 r 458173 10112856 w 43194 417896 d 8289 623412 f 3241 4349 iot 664860 0 th 0 0 0 pt 0 inp 0 0 11029.970
09-03 16:46:44.689 D/io_stats(  319): !@ Write_top(KB): kworker/u4:2(18678) 28 vendor.samsung.(489) 8
09-03 16:46:45.088 E/BatteryStatsService(  601): Invalid uid for waking network packet: -1
09-03 16:46:45.094 E/BatteryStatsService(  601): Invalid uid for waking network packet: -1
09-03 16:46:45.223 D/WifiHAL (  458): GetLinkStatCommand: zero radio case
09-03 16:46:45.791 I/adbd    ( 1489): New TLS connection [fd=25]
09-03 16:46:45.795 I/adbd    ( 1489): host-25: read thread spawning
09-03 16:46:45.795 I/adbd    ( 1489): host-25: write thread spawning
09-03 16:46:45.795 I/adbd    ( 1489): host-25: read failed: Success
09-03 16:46:45.795 I/adbd    ( 1489): host-25: connection terminated: read failed
09-03 16:46:45.796 I/adbd    ( 1489): BlockingConnectionAdapter(host-25): stopping
09-03 16:46:45.797 I/adbd    ( 1489): BlockingConnectionAdapter(host-25): stopped
09-03 16:46:45.797 I/adbd    ( 1489): BlockingConnectionAdapter(host-25): destructing
09-03 16:46:45.797 I/adbd    ( 1489): BlockingConnectionAdapter(host-25): already stopped
09-03 16:46:45.909 D/BatteryExternalStatsWorker(  601): update stats : procstate-change (10)
09-03 16:46:45.909 D/BatteryExternalStatsWorker(  601): Fetch WiFi data
09-03 16:46:45.909 D/BatteryExternalStatsWorker(  601): Update Rail Energy data
09-03 16:46:45.923 I/hwservicemanager(  287): getTransport: Cannot find entry android.hardware.memtrack@1.0::IMemtrack/default in either framework or device VINTF manifest.
09-03 16:46:45.931 I/hwservicemanager(  287): getTransport: Cannot find entry android.hardware.memtrack@1.0::IMemtrack/default in either framework or device VINTF manifest.
09-03 16:46:45.934 E/HidlServiceManagement(18843): Service android.hardware.memtrack@1.0::IMemtrack/default must be in VINTF manifest in order to register/get.
09-03 16:46:45.936 E/LegacySupport(18843): Could not register service android.hardware.memtrack@1.0::IMemtrack/default (-2147483648).
09-03 16:46:45.954 D/WifiHAL (  458): GetLinkStatCommand: zero radio case
09-03 16:46:45.960 D/BatteryExternalStatsWorker(  601): mStats lock released
09-03 16:46:45.983 D/BatteryExternalStatsWorker(  601): Update wifi state
09-03 16:46:45.983 D/BatteryExternalStatsWorker(  601): done updateExternalStatsLocked
09-03 16:46:46.465 E/BatteryStatsService(  601): Invalid uid for waking network packet: -1
09-03 16:46:46.467 E/BatteryStatsService(  601): Invalid uid for waking network packet: -1
09-03 16:46:46.470 E/BatteryStatsService(  601): Invalid uid for waking network packet: -1
09-03 16:46:46.694 D/io_stats(  319): !@ 179,0 r 458175 10112864 w 43194 417896 d 8289 623412 f 3241 4349 iot 664864 0 th 0 0 0 pt 0 inp 0 0 11031.977
09-03 16:46:48.123 E/SSRM:DHMS_BASEFRAMEWORK(  601): e = /sys/class/sec/sec-cp-thermistor/temperature: open failed: ENOENT (No such file or directory)
09-03 16:46:48.134 I/SSRM:Temperature(  601): SIOP:: AP : 409 CP : -999 BLK : 429 BAT : 392
09-03 16:46:48.374 D/WifiHAL (  458): GetLinkStatCommand: zero radio case
09-03 16:46:48.507 W/DMASA[C]( 1740): [DiagMonAgentApplication]onTrimMemory (40)
09-03 16:46:48.697 D/io_stats(  319): !@ 179,0 r 458179 10112992 w 43196 417904 d 8289 623412 f 3241 4349 iot 664884 0 th 0 0 0 pt 0 inp 0 0 11033.981
09-03 16:46:48.699 D/io_stats(  319): !@ Read_top(KB): com.wssyncmldm(4232) 128 system_server(601) 8
09-03 16:46:48.699 D/io_stats(  319): !@ Write_top(KB): kworker/u4:3(18167) 8
09-03 16:46:49.088 E/BatteryStatsService(  601): Invalid uid for waking network packet: -1
09-03 16:46:49.091 E/BatteryStatsService(  601): Invalid uid for waking network packet: -1
09-03 16:46:49.097 E/BatteryStatsService(  601): Invalid uid for waking network packet: -1
09-03 16:46:49.099 E/BatteryStatsService(  601): Invalid uid for waking network packet: -1
09-03 16:46:50.922 E/BatteryStatsService(  601): Invalid uid for waking network packet: -1
09-03 16:46:50.956 I/hwservicemanager(  287): getTransport: Cannot find entry android.hardware.memtrack@1.0::IMemtrack/default in either framework or device VINTF manifest.
09-03 16:46:50.965 I/hwservicemanager(  287): getTransport: Cannot find entry android.hardware.memtrack@1.0::IMemtrack/default in either framework or device VINTF manifest.
09-03 16:46:50.965 E/HidlServiceManagement(18844): Service android.hardware.memtrack@1.0::IMemtrack/default must be in VINTF manifest in order to register/get.
09-03 16:46:50.966 E/LegacySupport(18844): Could not register service android.hardware.memtrack@1.0::IMemtrack/default (-2147483648).
09-03 16:46:51.531 D/WifiHAL (  458): GetLinkStatCommand: zero radio case
09-03 16:46:51.969 E/BatteryStatsService(  601): Invalid uid for waking network packet: -1
09-03 16:46:52.707 D/io_stats(  319): !@ 179,0 r 458179 10112992 w 43197 417908 d 8289 623412 f 3241 4349 iot 664892 0 th 0 0 0 pt 0 inp 0 0 11037.990
09-03 16:46:52.709 D/io_stats(  319): !@ Write_top(KB): kworker/u4:3(18167) 4
09-03 16:46:53.025 E/BatteryStatsService(  601): Invalid uid for waking network packet: -1
09-03 16:46:53.027 E/BatteryStatsService(  601): Invalid uid for waking network packet: -1
09-03 16:46:53.031 E/BatteryStatsService(  601): Invalid uid for waking network packet: -1
09-03 16:46:53.141 I/wpa_supplicant( 1095): Heartbeat 1082
09-03 16:46:53.318 E/BatteryDump(  489): !@new_battery_dump : 4387,152,2000,168,88,391,0,Chg,Normal,Good,INBOX_WRL,90,Normal,0,0,9772,205,0,0x65,0x8c,0x0f,0x5e,0x01,0x34,0x00,0x01,0,0,8618,4230,1,1,4829,4732,173,4377,0x11,0,2,0x130,0x80,0x56,143,0x3,0x0,0x0
09-03 16:46:53.342 D/[SS]BattFunctions(  601): [sendRemainingChargingTimeChangedIntent]remainingChargingTime:1773 ,mLastRemainingChargingTime:1786
09-03 16:46:53.347 D/BatteryService(  601): Sending ACTION_BATTERY_CHANGED: level:88, status:2, health:2, ac:false, usb:false, wireless:true, misc:0x0, charge_type:1, charger_type:0, voltage:4387, temperature:391, online:11, current_avg:146, hvc:false, capacity:280000, current_event:0x0, current_now:152, mcc:0, mcv:0, cc:318960, present:true, scale:100, technology:Li-ion
09-03 16:46:53.349 D/PowerUI ( 1181): onReceive() Received Action =  com.samsung.server.BatteryService.action.SEC_BATTERY_REMAINING_CHARGING_TIME_CHANGED
09-03 16:46:53.349 D/PowerUI ( 1181): onReceive() Unsupported Action 
09-03 16:46:53.356 D/PowerUI ( 1181): onReceive() Received Action =  android.intent.action.BATTERY_CHANGED
09-03 16:46:53.357 D/PowerUI ( 1181): plugged=true
09-03 16:46:53.357 I/PowerUI ( 1181): ACTION_BATTERY_CHANGED : mPlugType=4 mBatteryStatus=2
09-03 16:46:53.357 I/PowerUI ( 1181): oldMisalign : false, curMisalign : false
09-03 16:46:53.360 D/SYSTEM_UI( 1181): BatteryIndicatorPresenter$3.onReceive(19): onReceive() Received Action =  android.intent.action.BATTERY_CHANGED
09-03 16:46:53.360 D/SYSTEM_UI( 1181): BatteryIndicatorPresenter$3.onReceive(103): level          88 --> 88
09-03 16:46:53.361 D/SYSTEM_UI( 1181): BatteryIndicatorPresenter$3.onReceive(130): status         2 --> 2
09-03 16:46:53.361 I/PowerUI ( 1181): maybeShowBatteryWarningV2 plugged=true bucket=1
09-03 16:46:53.361 I/PowerUI.NotificationHelper( 1181): cancelNotification  notificationID = 9009
09-03 16:46:53.376 I/NfcWirelessCharge( 1164): chargeMode: 4, isWirelessCharging: true
09-03 16:46:53.386 D/AdaptiveBrightnessLongtermModelBuilder(  601): Received android.intent.action.BATTERY_CHANGED
09-03 16:46:53.873 I/Watchface( 1109): [ModelBattery] action:android.intent.action.BATTERY_CHANGED
09-03 16:46:53.873 I/Watchface( 1109): [ModelBattery] scale[100] level[88] status[2] isCharging[true] batteryLow[false]
09-03 16:46:53.873 I/Watchface( 1109): [ModelBattery] putAll to pendingUpdatedValues!! size:2
09-03 16:46:54.182 E/BatteryStatsService(  601): Invalid uid for waking network packet: -1
09-03 16:46:54.184 E/BatteryStatsService(  601): Invalid uid for waking network packet: -1
09-03 16:46:54.695 D/WifiHAL (  458): GetLinkStatCommand: zero radio case
09-03 16:46:54.712 D/io_stats(  319): !@ 179,0 r 458179 10112992 w 43199 417916 d 8289 623412 f 3241 4349 iot 664900 0 th 0 0 0 pt 0 inp 0 0 11039.996
09-03 16:46:55.652 E/BatteryStatsService(  601): Invalid uid for waking network packet: -1
09-03 16:46:55.655 E/BatteryStatsService(  601): Invalid uid for waking network packet: -1
09-03 16:46:55.657 E/BatteryStatsService(  601): Invalid uid for waking network packet: -1
09-03 16:46:55.660 E/BatteryStatsService(  601): Invalid uid for waking network packet: -1
09-03 16:46:55.661 E/BatteryStatsService(  601): Invalid uid for waking network packet: -1
09-03 16:46:55.963 I/hwservicemanager(  287): getTransport: Cannot find entry android.hardware.memtrack@1.0::IMemtrack/default in either framework or device VINTF manifest.
09-03 16:46:55.983 I/hwservicemanager(  287): getTransport: Cannot find entry android.hardware.memtrack@1.0::IMemtrack/default in either framework or device VINTF manifest.
09-03 16:46:55.984 E/HidlServiceManagement(18845): Service android.hardware.memtrack@1.0::IMemtrack/default must be in VINTF manifest in order to register/get.
09-03 16:46:55.984 E/LegacySupport(18845): Could not register service android.hardware.memtrack@1.0::IMemtrack/default (-2147483648).
09-03 16:46:56.114 W/System  ( 1787): A resource failed to call AbstractCursor.close. 
09-03 16:46:56.116 W/System  ( 1787): A resource failed to call AbstractCursor.close. 
09-03 16:46:56.117 W/System  ( 1787): A resource failed to call AbstractCursor.close. 
09-03 16:46:56.119 W/System  ( 1787): A resource failed to call AbstractCursor.close. 
09-03 16:46:56.121 W/System  ( 1787): A resource failed to call AbstractCursor.close. 
09-03 16:46:56.123 W/System  ( 1787): A resource failed to call AbstractCursor.close. 
09-03 16:46:56.124 W/System  ( 1787): A resource failed to call AbstractCursor.close. 
09-03 16:46:56.126 W/System  ( 1787): A resource failed to call AbstractCursor.close. 
09-03 16:46:56.705 E/BatteryStatsService(  601): Invalid uid for waking network packet: -1
09-03 16:46:56.710 E/BatteryStatsService(  601): Invalid uid for waking network packet: -1
09-03 16:46:56.718 D/io_stats(  319): !@ Write_top(KB): vendor.samsung.(489) 8
09-03 16:46:57.692 E/BatteryStatsService(  601): Invalid uid for waking network packet: -1
09-03 16:46:57.699 E/BatteryStatsService(  601): Invalid uid for waking network packet: -1
09-03 16:46:57.702 E/BatteryStatsService(  601): Invalid uid for waking network packet: -1
09-03 16:46:57.704 E/BatteryStatsService(  601): Invalid uid for waking network packet: -1
09-03 16:46:57.706 E/BatteryStatsService(  601): Invalid uid for waking network packet: -1
09-03 16:46:57.710 E/BatteryStatsService(  601): Invalid uid for waking network packet: -1
09-03 16:46:57.714 E/BatteryStatsService(  601): Invalid uid for waking network packet: -1
09-03 16:46:57.716 E/BatteryStatsService(  601): Invalid uid for waking network packet: -1
09-03 16:46:57.851 D/WifiHAL (  458): GetLinkStatCommand: zero radio case
09-03 16:46:58.109 E/BatteryStatsService(  601): Invalid uid for waking network packet: -1
09-03 16:46:58.112 E/BatteryStatsService(  601): Invalid uid for waking network packet: -1
09-03 16:46:58.115 E/BatteryStatsService(  601): Invalid uid for waking network packet: -1
09-03 16:46:58.117 E/BatteryStatsService(  601): Invalid uid for waking network packet: -1
09-03 16:46:58.119 E/BatteryStatsService(  601): Invalid uid for waking network packet: -1
09-03 16:46:58.122 E/BatteryStatsService(  601): Invalid uid for waking network packet: -1
09-03 16:46:58.124 E/BatteryStatsService(  601): Invalid uid for waking network packet: -1
09-03 16:46:58.126 E/BatteryStatsService(  601): Invalid uid for waking network packet: -1
09-03 16:46:58.196 E/SSRM:DHMS_BASEFRAMEWORK(  601): e = /sys/class/sec/sec-cp-thermistor/temperature: open failed: ENOENT (No such file or directory)
09-03 16:46:58.205 I/SSRM:Temperature(  601): SIOP:: AP : 409 CP : -999 BLK : 429 BAT : 391
09-03 16:46:58.522 D/ActivityManager(  601): freezing 4653 com.samsung.android.wear.smartswitchassistant
09-03 16:46:58.527 D/ActivityManager(  601): freezing 17669 com.samsung.android.clientconnection
09-03 16:46:58.530 D/ActivityManager(  601): freezing 1740 com.sec.android.diagmonagent
09-03 16:46:58.533 D/ActivityManager(  601): freezing 15885 com.samsung.android.batterysavingsettings
09-03 16:46:58.535 D/ActivityManager(  601): freezing 4232 com.wssyncmldm
09-03 16:47:00.958 D/WifiHAL (  458): GetLinkStatCommand: zero radio case
09-03 16:47:00.993 I/hwservicemanager(  287): getTransport: Cannot find entry android.hardware.memtrack@1.0::IMemtrack/default in either framework or device VINTF manifest.
09-03 16:47:01.006 I/hwservicemanager(  287): getTransport: Cannot find entry android.hardware.memtrack@1.0::IMemtrack/default in either framework or device VINTF manifest.
09-03 16:47:01.007 E/HidlServiceManagement(18846): Service android.hardware.memtrack@1.0::IMemtrack/default must be in VINTF manifest in order to register/get.
09-03 16:47:01.007 E/LegacySupport(18846): Could not register service android.hardware.memtrack@1.0::IMemtrack/default (-2147483648).
09-03 16:47:01.151 E/BatteryStatsService(  601): Invalid uid for waking network packet: -1
09-03 16:47:01.156 E/BatteryStatsService(  601): Invalid uid for waking network packet: -1
09-03 16:47:01.158 E/BatteryStatsService(  601): Invalid uid for waking network packet: -1
09-03 16:47:01.161 E/BatteryStatsService(  601): Invalid uid for waking network packet: -1
09-03 16:47:01.163 E/BatteryStatsService(  601): Invalid uid for waking network packet: -1
09-03 16:47:02.305 E/BatteryStatsService(  601): Invalid uid for waking network packet: -1
09-03 16:47:03.145 I/wpa_supplicant( 1095): Heartbeat 1083
09-03 16:47:03.192 E/Watchdog(  601): !@Sync: 368 heap: 48 / 60 FD: 775 [2026-09-03 16:47:03.190]
09-03 16:47:03.370 E/BatteryDump(  489): !@new_battery_dump : 4384,148,2000,168,88,391,0,Chg,Normal,Good,INBOX_WRL,90,Normal,0,0,9751,205,0,0x51,0x8c,0x0f,0x5e,0x01,0x34,0x00,0x01,0,0,8627,4231,1,1,4834,4737,173,4398,0x11,0,2,0x130,0x80,0x56,143,0x3,0x0,0x0
09-03 16:47:03.397 D/[SS]BattFunctions(  601): [sendRemainingChargingTimeChangedIntent]remainingChargingTime:1761 ,mLastRemainingChargingTime:1773
09-03 16:47:03.398 D/BatteryService(  601): Sending ACTION_BATTERY_CHANGED: level:88, status:2, health:2, ac:false, usb:false, wireless:true, misc:0x0, charge_type:1, charger_type:0, voltage:4384, temperature:391, online:11, current_avg:145, hvc:false, capacity:280000, current_event:0x0, current_now:148, mcc:0, mcv:0, cc:319320, present:true, scale:100, technology:Li-ion
09-03 16:47:03.405 D/PowerUI ( 1181): onReceive() Received Action =  com.samsung.server.BatteryService.action.SEC_BATTERY_REMAINING_CHARGING_TIME_CHANGED
09-03 16:47:03.405 D/PowerUI ( 1181): onReceive() Unsupported Action 
09-03 16:47:03.407 D/PowerUI ( 1181): onReceive() Received Action =  android.intent.action.BATTERY_CHANGED
09-03 16:47:03.408 D/PowerUI ( 1181): plugged=true
09-03 16:47:03.408 I/PowerUI ( 1181): maybeShowBatteryWarningV2 plugged=true bucket=1
09-03 16:47:03.408 I/PowerUI.NotificationHelper( 1181): cancelNotification  notificationID = 9009
09-03 16:47:03.412 I/PowerUI ( 1181): ACTION_BATTERY_CHANGED : mPlugType=4 mBatteryStatus=2
09-03 16:47:03.413 I/PowerUI ( 1181): oldMisalign : false, curMisalign : false
09-03 16:47:03.414 D/SYSTEM_UI( 1181): BatteryIndicatorPresenter$3.onReceive(19): onReceive() Received Action =  android.intent.action.BATTERY_CHANGED
09-03 16:47:03.414 D/SYSTEM_UI( 1181): BatteryIndicatorPresenter$3.onReceive(103): level          88 --> 88
09-03 16:47:03.415 D/SYSTEM_UI( 1181): BatteryIndicatorPresenter$3.onReceive(130): status         2 --> 2
09-03 16:47:03.422 E/BatteryStatsService(  601): Invalid uid for waking network packet: -1
09-03 16:47:03.429 E/BatteryStatsService(  601): Invalid uid for waking network packet: -1
09-03 16:47:03.430 E/BatteryStatsService(  601): Invalid uid for waking network packet: -1
09-03 16:47:03.431 E/BatteryStatsService(  601): Invalid uid for waking network packet: -1
09-03 16:47:03.435 D/AdaptiveBrightnessLongtermModelBuilder(  601): Received android.intent.action.BATTERY_CHANGED
09-03 16:47:03.448 I/NfcWirelessCharge( 1164): chargeMode: 4, isWirelessCharging: true
09-03 16:47:03.928 I/Watchface( 1109): [ModelBattery] action:android.intent.action.BATTERY_CHANGED
09-03 16:47:03.929 I/Watchface( 1109): [ModelBattery] scale[100] level[88] status[2] isCharging[true] batteryLow[false]
09-03 16:47:03.929 I/Watchface( 1109): [ModelBattery] putAll to pendingUpdatedValues!! size:2
09-03 16:47:04.063 D/WifiHAL (  458): GetLinkStatCommand: zero radio case
09-03 16:47:04.734 D/io_stats(  319): !@ 179,0 r 458179 10112992 w 43201 417924 d 8289 623412 f 3241 4349 iot 664908 0 th 0 0 0 pt 0 inp 0 0 11050.017
09-03 16:47:04.736 D/io_stats(  319): !@ Write_top(KB): vendor.samsung.(489) 8
09-03 16:47:04.961 E/BatteryStatsService(  601): Invalid uid for waking network packet: -1
09-03 16:47:04.963 E/BatteryStatsService(  601): Invalid uid for waking network packet: -1
09-03 16:47:04.966 E/BatteryStatsService(  601): Invalid uid for waking network packet: -1
09-03 16:47:04.968 E/BatteryStatsService(  601): Invalid uid for waking network packet: -1
09-03 16:47:04.970 E/BatteryStatsService(  601): Invalid uid for waking network packet: -1
09-03 16:47:05.129 I/adbd    ( 1489): New TLS connection [fd=25]
09-03 16:47:05.133 I/adbd    ( 1489): host-25: read thread spawning
09-03 16:47:05.133 I/adbd    ( 1489): host-25: write thread spawning
09-03 16:47:05.133 I/adbd    ( 1489): host-25: read failed: Success
09-03 16:47:05.133 I/adbd    ( 1489): host-25: connection terminated: read failed
09-03 16:47:05.133 I/adbd    ( 1489): BlockingConnectionAdapter(host-25): stopping
09-03 16:47:05.135 I/adbd    ( 1489): BlockingConnectionAdapter(host-25): stopped
09-03 16:47:05.135 I/adbd    ( 1489): BlockingConnectionAdapter(host-25): destructing
09-03 16:47:05.135 I/adbd    ( 1489): BlockingConnectionAdapter(host-25): already stopped
09-03 16:47:06.004 I/hwservicemanager(  287): getTransport: Cannot find entry android.hardware.memtrack@1.0::IMemtrack/default in either framework or device VINTF manifest.
09-03 16:47:06.013 I/hwservicemanager(  287): getTransport: Cannot find entry android.hardware.memtrack@1.0::IMemtrack/default in either framework or device VINTF manifest.
09-03 16:47:06.013 E/HidlServiceManagement(18849): Service android.hardware.memtrack@1.0::IMemtrack/default must be in VINTF manifest in order to register/get.
09-03 16:47:06.014 E/LegacySupport(18849): Could not register service android.hardware.memtrack@1.0::IMemtrack/default (-2147483648).
09-03 16:47:06.048 E/BatteryStatsService(  601): Invalid uid for waking network packet: -1
09-03 16:47:06.055 E/BatteryStatsService(  601): Invalid uid for waking network packet: -1
09-03 16:47:06.058 E/BatteryStatsService(  601): Invalid uid for waking network packet: -1
09-03 16:47:06.061 E/BatteryStatsService(  601): Invalid uid for waking network packet: -1
09-03 16:47:07.073 E/BatteryStatsService(  601): Invalid uid for waking network packet: -1
09-03 16:47:07.076 E/BatteryStatsService(  601): Invalid uid for waking network packet: -1
09-03 16:47:07.200 D/WifiHAL (  458): GetLinkStatCommand: zero radio case
09-03 16:47:08.225 E/BatteryStatsService(  601): Invalid uid for waking network packet: -1
09-03 16:47:08.230 E/SSRM:DHMS_BASEFRAMEWORK(  601): e = /sys/class/sec/sec-cp-thermistor/temperature: open failed: ENOENT (No such file or directory)
09-03 16:47:08.238 I/SSRM:Temperature(  601): SIOP:: AP : 408 CP : -999 BLK : 429 BAT : 391
09-03 16:47:08.745 D/io_stats(  319): !@ 179,0 r 458179 10112992 w 43203 417932 d 8289 623412 f 3241 4349 iot 664912 0 th 0 0 0 pt 0 inp 0 0 11054.028
09-03 16:47:08.746 D/io_stats(  319): !@ Write_top(KB): kworker/u4:3(18167) 8
09-03 16:47:09.249 E/BatteryStatsService(  601): Invalid uid for waking network packet: -1
09-03 16:47:09.252 E/BatteryStatsService(  601): Invalid uid for waking network packet: -1
09-03 16:47:09.254 E/BatteryStatsService(  601): Invalid uid for waking network packet: -1
09-03 16:47:09.257 E/BatteryStatsService(  601): Invalid uid for waking network packet: -1
09-03 16:47:09.259 E/BatteryStatsService(  601): Invalid uid for waking network packet: -1
09-03 16:47:10.341 D/WifiHAL (  458): GetLinkStatCommand: zero radio case
09-03 16:47:10.373 E/BatteryStatsService(  601): Invalid uid for waking network packet: -1
09-03 16:47:10.375 E/BatteryStatsService(  601): Invalid uid for waking network packet: -1
09-03 16:47:10.376 E/BatteryStatsService(  601): Invalid uid for waking network packet: -1
09-03 16:47:11.042 I/hwservicemanager(  287): getTransport: Cannot find entry android.hardware.memtrack@1.0::IMemtrack/default in either framework or device VINTF manifest.
09-03 16:47:11.051 I/hwservicemanager(  287): getTransport: Cannot find entry android.hardware.memtrack@1.0::IMemtrack/default in either framework or device VINTF manifest.
09-03 16:47:11.052 E/HidlServiceManagement(18851): Service android.hardware.memtrack@1.0::IMemtrack/default must be in VINTF manifest in order to register/get.
09-03 16:47:11.052 E/LegacySupport(18851): Could not register service android.hardware.memtrack@1.0::IMemtrack/default (-2147483648).
09-03 16:47:12.345 E/BatteryStatsService(  601): Invalid uid for waking network packet: -1
09-03 16:47:12.349 E/BatteryStatsService(  601): Invalid uid for waking network packet: -1
09-03 16:47:12.355 E/BatteryStatsService(  601): Invalid uid for waking network packet: -1
09-03 16:47:12.358 E/BatteryStatsService(  601): Invalid uid for waking network packet: -1
09-03 16:47:12.360 E/BatteryStatsService(  601): Invalid uid for waking network packet: -1
09-03 16:47:12.362 E/BatteryStatsService(  601): Invalid uid for waking network packet: -1
09-03 16:47:12.948 E/BatteryStatsService(  601): Invalid uid for waking network packet: -1
09-03 16:47:12.953 E/BatteryStatsService(  601): Invalid uid for waking network packet: -1
09-03 16:47:12.955 E/BatteryStatsService(  601): Invalid uid for waking network packet: -1
09-03 16:47:12.957 E/BatteryStatsService(  601): Invalid uid for waking network packet: -1
09-03 16:47:12.959 E/BatteryStatsService(  601): Invalid uid for waking network packet: -1
09-03 16:47:12.961 E/BatteryStatsService(  601): Invalid uid for waking network packet: -1
09-03 16:47:12.963 E/BatteryStatsService(  601): Invalid uid for waking network packet: -1
09-03 16:47:12.965 E/BatteryStatsService(  601): Invalid uid for waking network packet: -1
09-03 16:47:13.149 I/wpa_supplicant( 1095): Heartbeat 1084
09-03 16:47:13.430 D/[SS]BattFunctions(  601): [sendRemainingChargingTimeChangedIntent]remainingChargingTime:1737 ,mLastRemainingChargingTime:1761
09-03 16:47:13.443 D/PowerUI ( 1181): onReceive() Received Action =  com.samsung.server.BatteryService.action.SEC_BATTERY_REMAINING_CHARGING_TIME_CHANGED
09-03 16:47:13.443 D/PowerUI ( 1181): onReceive() Unsupported Action 
09-03 16:47:13.447 D/BatteryService(  601): Sending ACTION_BATTERY_CHANGED: level:89, status:2, health:2, ac:false, usb:false, wireless:true, misc:0x0, charge_type:1, charger_type:0, voltage:4385, temperature:391, online:11, current_avg:146, hvc:false, capacity:280000, current_event:0x0, current_now:147, mcc:0, mcv:0, cc:319680, present:true, scale:100, technology:Li-ion
09-03 16:47:13.447 E/BatteryDump(  489): !@new_battery_dump : 4385,147,2000,168,89,391,0,Chg,Normal,Good,INBOX_WRL,90,Normal,0,0,9751,205,0,0x5a,0x8c,0x0f,0x5e,0x01,0x34,0x00,0x01,0,0,8640,4232,1,1,4829,4737,175,4393,0x11,0,2,0x130,0x80,0x56,143,0x3,0x0,0x0
09-03 16:47:13.458 D/PowerUI ( 1181): onReceive() Received Action =  android.intent.action.BATTERY_CHANGED
09-03 16:47:13.459 D/PowerUI ( 1181): plugged=true
09-03 16:47:13.459 I/PowerUI ( 1181): ACTION_BATTERY_CHANGED : mPlugType=4 mBatteryStatus=2
09-03 16:47:13.459 I/PowerUI ( 1181): oldMisalign : false, curMisalign : false
09-03 16:47:13.460 I/PowerUI ( 1181): maybeShowBatteryWarningV2 plugged=true bucket=1
09-03 16:47:13.460 I/PowerUI.NotificationHelper( 1181): cancelNotification  notificationID = 9009
09-03 16:47:13.465 I/PowerUI ( 1181): checkSendBatteryUpdate, sendBatteryData
09-03 16:47:13.466 D/WifiHAL (  458): GetLinkStatCommand: zero radio case
09-03 16:47:13.471 D/SYSTEM_UI( 1181): BatteryIndicatorPresenter$3.onReceive(19): onReceive() Received Action =  android.intent.action.BATTERY_CHANGED
09-03 16:47:13.472 D/SYSTEM_UI( 1181): BatteryIndicatorPresenter$3.onReceive(103): level          88 --> 89
09-03 16:47:13.472 D/SYSTEM_UI( 1181): BatteryIndicatorPresenter$3.onReceive(130): status         2 --> 2
09-03 16:47:13.474 I/PowerUI.LaunchUtils( 1181): callBsApi call BatterySavingSettings in worker thread
09-03 16:47:13.477 D/SYSTEM_UI( 1181): BatteryIndicatorPresenter$$ExternalSyntheticLambda0.handleMessage(8): handle msg
09-03 16:47:13.477 D/SYSTEM_UI( 1181): BatteryIndicatorPresenter$$ExternalSyntheticLambda0.handleMessage(36): onBatteryLevelChanged
09-03 16:47:13.478 D/SYSTEM_UI( 1181): BatteryIndicatorPresenter$$ExternalSyntheticLambda0.handleMessage(131): onBatteryLevelChanged() isSomethingChanged! Level:89, PluggedIn:true, Charging:true, BatteryStatus:2
09-03 16:47:13.498 D/AdaptiveBrightnessLongtermModelBuilder(  601): Received android.intent.action.BATTERY_CHANGED
09-03 16:47:13.502 I/NfcWirelessCharge( 1164): chargeMode: 4, isWirelessCharging: true
09-03 16:47:13.506 I/WFModule( 1044): [SetViewToggleButtonReceiver$$ExternalSyntheticOutline0] m(13) > begin onBatteryStatusState, isCharging:true
09-03 16:47:13.506 I/AndroidXWFEngine( 1044): [AndroidXWatchFaceEngine] sendSystemState(6) > send system state in sub-thread
09-03 16:47:13.507 I/AndroidXWFEngine( 1044): [AndroidXWatchFaceEngine$$ExternalSyntheticLambda0] run(28) > begin sendSystemStateInternal, WatchFaceSystemState{inAmbientMode=false, interruptionFilter=0, unreadNotificationCount=1, notificationCount=8, statusIndicator=Optional.absent()}
09-03 16:47:13.508 I/AndroidXWFEngine( 1044): [AndroidXWatchFaceEngine$$ExternalSyntheticLambda0] run(66) > end sendSystemStateInternal
09-03 16:47:13.510 I/WFModule( 1044): [WatchFaceModule] onBatteryStatusState(24) > end onBatteryStatusState
09-03 16:47:13.510 I/SecWFOverlayController( 1044): [WatchFaceOverlayModule] onBatteryState(39) > setChargingStatus():: charging : true fullyCharged : false
09-03 16:47:13.511 I/SecWFOverlayController( 1044): [SecWatchFaceOverlayController] updateIcons(8) > updateIcons()::
09-03 16:47:13.511 I/SecWFOverlayController( 1044): [SchoolModeStateImpl$$ExternalSyntheticOutline0] m(8) > locationEnabled: false
09-03 16:47:13.511 I/SecWFOverlayController( 1044): [SecWatchFaceOverlayController] updateChargingIcon(6) > updateChargingIcon()::
09-03 16:47:13.511 I/SecWFOverlayController( 1044): [SecWatchFaceOverlayController] updateAirplaneModeIcon(6) > updateAirplaneModeIcon()::
09-03 16:47:13.515 E/bt_hf_client( 1193): system/bta/hf_client/bta_hf_client_at.cc:1954 bta_hf_client_send_at_biev: HF indicators 2 is disabled
09-03 16:47:13.521 D/ActivityManager(  601): sync unfroze 15885 com.samsung.android.batterysavingsettings for 7
09-03 16:47:13.528 I/SecWFOverlayController( 1044): [SchoolModeStateImpl$$ExternalSyntheticOutline0] m(8) > update dnd mode: false
09-03 16:47:13.530 I/Bss.BatteryDataBsApi(15885): API send_battery_info_data
09-03 16:47:13.530 I/Bss.BatteryDataManager(15885): getDeviceBatteryItem
09-03 16:47:13.534 I/RutCore (  601): getRemainingUsageTime: mode(0), time(937)
09-03 16:47:13.536 I/RutCore (  601): getRemainingUsageTime: mode(1), time(1405)
09-03 16:47:13.537 I/RutCore (  601): getRemainingUsageTime: mode(full), time(1053)
09-03 16:47:13.538 I/Bss.ChargingTimeUtils(15885): battery RUT : 1053, Mode : 3
09-03 16:47:13.538 I/Bss.BatteryDataManager(15885): DeviceBatteryItem
09-03 16:47:13.538 I/Bss.BatteryDataManager(15885): batteryLevel : 89
09-03 16:47:13.538 I/Bss.BatteryDataManager(15885): batteryStatus : 2
09-03 16:47:13.538 I/Bss.BatteryDataManager(15885): usedTimeSinceLastCharge : 39765076000
09-03 16:47:13.538 I/Bss.BatteryDataManager(15885): remainingChargeTime : 1737000
09-03 16:47:13.538 I/Bss.BatteryDataManager(15885): remainingUsageTime : 937
09-03 16:47:13.538 I/Bss.BatteryDataManager(15885): remainingUsageTimeInPowerSaveMode : 1405
09-03 16:47:13.538 I/Bss.BatteryDataManager(15885): psmStatus : false
09-03 16:47:13.538 I/Bss.BatteryDataManager(15885): psmControlRestricted : 0
09-03 16:47:13.538 I/Bss.BatteryDataManager(15885): totalUsage : 0.0
09-03 16:47:13.538 I/Bss.BatteryDataManager(15885): totalDischarge : 0.0
09-03 16:47:13.538 I/Bss.BatteryDataManager(15885): usageTimeForFullCharge : 1053
09-03 16:47:13.538 I/Bss.BatteryDataManager(15885): isProtectedFully : false
09-03 16:47:13.538 I/Bss.BatteryDataBsApi(15885): oldPlugType = 4 , current plug type = 4
09-03 16:47:13.538 I/Bss.BatteryDataBsApi(15885): oldBatteryStatus = 2 , current battery status = 2
09-03 16:47:13.538 I/Bss.BatteryDataBsApi(15885): oldBatteryLevel = 88 , current battery level = 89
09-03 16:47:13.539 I/Bss.BatteryDataBsApi(15885): oldProtectedStatus = false , current protected status = false
09-03 16:47:13.539 I/Bss.BsApiProvider(15885): send_battery_info_data from com.google.android.apps.wearable.systemui 1788434233539
09-03 16:47:13.540 I/SecWFOverlayController( 1044): [SecAppsItemSyncManagerImpl$$ExternalSyntheticOutline0] m(9) > Shop demo : 0
09-03 16:47:13.541 I/SecWFOverlayController( 1044): [SecAppsItemSyncManagerImpl$$ExternalSyntheticOutline0] m(9) > SETUP_SKIPPED: 0
09-03 16:47:13.541 I/SecWFOverlayController( 1044): [SetViewToggleButtonReceiver$$ExternalSyntheticOutline0] m(13) > read setting_kids_mode_state: false
09-03 16:47:13.541 W/SecWFOverlayController( 1044): [SecWatchFaceOverlayController] updateIcons(211) > isDeviceManaged: false, deviceType: 1
09-03 16:47:13.542 I/SecWFOverlayController( 1044): [SecWatchFaceOverlayController] updateIcons(221) > BT disconnect icon is displayed.
09-03 16:47:13.542 I/SecWFOverlayController( 1044): [SecWatchFaceOverlayController] updateIcons(246) > updateModes() ::
09-03 16:47:13.542 I/SecWFOverlayController( 1044): [SecWatchFaceOverlayController] updateIcons(325) > updateStaminaModeIcon
09-03 16:47:13.543 I/SecWFOverlayController( 1044): [SecWatchFaceOverlayController] updateIcons(380) > [{CHARGING, true}]
09-03 16:47:13.544 I/SecStatusIndicatorsContainer( 1044): [SecStatusIndicatorsContainer] setColor(17) > bgColor: null, iconColor: null
09-03 16:47:13.546 I/SecStatusIndicatorsContainer( 1044): [SecStatusIndicatorsContainer] setColor(17) > bgColor: null, iconColor: null
09-03 16:47:13.546 W/SysUI   ( 1044): [SecWatchFaceOverlayController] updateIcons(505) > [SALogUtil] sending Samsung analytics logs: HM0007
09-03 16:47:13.558 D/ActivityManager(  601): sync unfroze 1740 com.sec.android.diagmonagent for 7
09-03 16:47:13.569 E/BatteryStatsService(  601): Invalid uid for waking network packet: -1
09-03 16:47:13.569 E/BatteryStatsService(  601): Invalid uid for waking network packet: -1
09-03 16:47:13.570 E/BatteryStatsService(  601): Invalid uid for waking network packet: -1
09-03 16:47:13.571 E/BatteryStatsService(  601): Invalid uid for waking network packet: -1
09-03 16:47:13.572 E/BatteryStatsService(  601): Invalid uid for waking network packet: -1
09-03 16:47:13.572 E/BatteryStatsService(  601): Invalid uid for waking network packet: -1
09-03 16:47:13.573 E/BatteryStatsService(  601): Invalid uid for waking network packet: -1
09-03 16:47:13.582 E/ActivityManager(  601): Sending non-protected broadcast android.support.wearable.complications.ACTION_REQUEST_UPDATE_ALL from system 1044:com.samsung.android.wearable.sysui/u0a16 pkg com.samsung.android.wearable.sysui
09-03 16:47:13.582 E/ActivityManager(  601): java.lang.Throwable
09-03 16:47:13.582 E/ActivityManager(  601): 	at com.android.server.am.BroadcastController.checkBroadcastFromSystem(qb/112629584 da2668213873155c075611debd402b75647f9519ec8764a6d2524f2906c44dbd:221)
09-03 16:47:13.582 E/ActivityManager(  601): 	at com.android.server.am.BroadcastController.broadcastIntentLockedTraced(qb/112629584 da2668213873155c075611debd402b75647f9519ec8764a6d2524f2906c44dbd:337)
09-03 16:47:13.582 E/ActivityManager(  601): 	at com.android.server.am.BroadcastController.broadcastIntentLocked(qb/112629584 da2668213873155c075611debd402b75647f9519ec8764a6d2524f2906c44dbd:18)
09-03 16:47:13.582 E/ActivityManager(  601): 	at com.android.server.am.ActivityManagerService.broadcastIntentWithFeature(qb/112629584 da2668213873155c075611debd402b75647f9519ec8764a6d2524f2906c44dbd:145)
09-03 16:47:13.582 E/ActivityManager(  601): 	at android.app.IActivityManager$Stub.onTransact$broadcastIntentWithFeature$(IActivityManager.java:11258)
09-03 16:47:13.582 E/ActivityManager(  601): 	at android.app.IActivityManager$Stub.onTransact(IActivityManager.java:2950)
09-03 16:47:13.582 E/ActivityManager(  601): 	at com.android.server.am.ActivityManagerService.onTransact(qb/112629584 da2668213873155c075611debd402b75647f9519ec8764a6d2524f2906c44dbd:286)
09-03 16:47:13.582 E/ActivityManager(  601): 	at android.os.Binder.execTransactInternal(Binder.java:1426)
09-03 16:47:13.582 E/ActivityManager(  601): 	at android.os.Binder.execTransact(Binder.java:1365)
09-03 16:47:13.587 I/DMASA[S]( 1740): [a]check quota : 4Q5-399-1001005
09-03 16:47:13.588 I/DMASA[S]( 1740): [b]4Q5-399-1001005 remain quota : 739
09-03 16:47:13.588 I/DMASA[S]( 1740): [a]Receive log ok : 4Q5-399-1001005
09-03 16:47:13.982 I/Watchface( 1109): [ModelBattery] action:android.intent.action.BATTERY_CHANGED
09-03 16:47:13.983 I/Watchface( 1109): [ModelBattery] scale[100] level[89] status[2] isCharging[true] batteryLow[false]
09-03 16:47:13.983 I/Watchface( 1109): [ModelBattery] updatedValues.put BATTERY_LEVEL[89]
09-03 16:47:13.984 I/Watchface( 1109): [ModelBattery] updatedValues.put BATTERY_PERCENT[89]
09-03 16:47:13.984 I/Watchface( 1109): [ModelBattery] putAll to pendingUpdatedValues!! size:2
09-03 16:47:14.007 D/WearServices( 1056): [UpdateRequestReceiver]UpdateRequestReceiver received an update intent: Intent { act=android.support.wearable.complications.ACTION_REQUEST_UPDATE_ALL flg=0x10 pkg=com.google.wear.services (has extras) }
09-03 16:47:14.282 E/BatteryStatsService(  601): Invalid uid for waking network packet: -1
09-03 16:47:14.285 E/BatteryStatsService(  601): Invalid uid for waking network packet: -1
09-03 16:47:14.287 E/BatteryStatsService(  601): Invalid uid for waking network packet: -1
09-03 16:47:14.290 E/BatteryStatsService(  601): Invalid uid for waking network packet: -1
09-03 16:47:14.293 E/BatteryStatsService(  601): Invalid uid for waking network packet: -1
09-03 16:47:14.297 E/BatteryStatsService(  601): Invalid uid for waking network packet: -1
09-03 16:47:14.297 E/BatteryStatsService(  601): Invalid uid for waking network packet: -1
09-03 16:47:14.758 D/io_stats(  319): !@ 179,0 r 458182 10113004 w 43216 417984 d 8289 623412 f 3241 4350 iot 664960 0 th 0 0 0 pt 0 inp 0 0 11060.041
09-03 16:47:15.649 E/BatteryStatsService(  601): Invalid uid for waking network packet: -1
09-03 16:47:15.651 E/BatteryStatsService(  601): Invalid uid for waking network packet: -1
09-03 16:47:15.654 E/BatteryStatsService(  601): Invalid uid for waking network packet: -1
09-03 16:47:16.078 I/hwservicemanager(  287): getTransport: Cannot find entry android.hardware.memtrack@1.0::IMemtrack/default in either framework or device VINTF manifest.
09-03 16:47:16.086 I/hwservicemanager(  287): getTransport: Cannot find entry android.hardware.memtrack@1.0::IMemtrack/default in either framework or device VINTF manifest.
09-03 16:47:16.087 E/HidlServiceManagement(18854): Service android.hardware.memtrack@1.0::IMemtrack/default must be in VINTF manifest in order to register/get.
09-03 16:47:16.088 E/LegacySupport(18854): Could not register service android.hardware.memtrack@1.0::IMemtrack/default (-2147483648).
09-03 16:47:16.574 D/WifiHAL (  458): GetLinkStatCommand: zero radio case
09-03 16:47:16.763 D/io_stats(  319): !@ Read_top(KB): f2fs_gc-254:45(351) 12
09-03 16:47:16.763 D/io_stats(  319): !@ Write_top(KB): id.diagmonagent(1740) 28 arable.systemui(1181) 8 vendor.samsung.(489) 8
09-03 16:47:16.863 E/BatteryStatsService(  601): Invalid uid for waking network packet: -1
09-03 16:47:16.866 E/BatteryStatsService(  601): Invalid uid for waking network packet: -1
09-03 16:47:16.869 E/BatteryStatsService(  601): Invalid uid for waking network packet: -1
09-03 16:47:16.871 E/BatteryStatsService(  601): Invalid uid for waking network packet: -1
09-03 16:47:17.014 I/adbd    ( 1489): New TLS connection [fd=25]
09-03 16:47:17.019 I/adbd    ( 1489): host-25: write thread spawning
09-03 16:47:17.019 I/adbd    ( 1489): host-25: read thread spawning
09-03 16:47:17.019 I/adbd    ( 1489): host-25: read failed: Success
09-03 16:47:17.019 I/adbd    ( 1489): host-25: connection terminated: read failed
09-03 16:47:17.020 I/adbd    ( 1489): BlockingConnectionAdapter(host-25): stopping
09-03 16:47:17.022 I/adbd    ( 1489): BlockingConnectionAdapter(host-25): stopped
09-03 16:47:17.022 I/adbd    ( 1489): BlockingConnectionAdapter(host-25): destructing
09-03 16:47:17.023 I/adbd    ( 1489): BlockingConnectionAdapter(host-25): already stopped
09-03 16:47:18.016 E/BatteryStatsService(  601): Invalid uid for waking network packet: -1
09-03 16:47:18.073 I/SurfaceFlinger(  514): SFWD update time=11063357169624
09-03 16:47:18.292 E/SSRM:DHMS_BASEFRAMEWORK(  601): e = /sys/class/sec/sec-cp-thermistor/temperature: open failed: ENOENT (No such file or directory)
09-03 16:47:18.302 I/SSRM:Temperature(  601): SIOP:: AP : 409 CP : -999 BLK : 429 BAT : 391
09-03 16:47:19.393 E/BatteryStatsService(  601): Invalid uid for waking network packet: -1
09-03 16:47:19.396 E/BatteryStatsService(  601): Invalid uid for waking network packet: -1
09-03 16:47:19.725 D/WifiHAL (  458): GetLinkStatCommand: zero radio case
09-03 16:47:21.055 E/BatteryStatsService(  601): Invalid uid for waking network packet: -1
09-03 16:47:21.095 I/hwservicemanager(  287): getTransport: Cannot find entry android.hardware.memtrack@1.0::IMemtrack/default in either framework or device VINTF manifest.
09-03 16:47:21.103 I/hwservicemanager(  287): getTransport: Cannot find entry android.hardware.memtrack@1.0::IMemtrack/default in either framework or device VINTF manifest.
09-03 16:47:21.104 E/HidlServiceManagement(18857): Service android.hardware.memtrack@1.0::IMemtrack/default must be in VINTF manifest in order to register/get.
09-03 16:47:21.105 E/LegacySupport(18857): Could not register service android.hardware.memtrack@1.0::IMemtrack/default (-2147483648).
09-03 16:47:22.757 E/BatteryStatsService(  601): Invalid uid for waking network packet: -1
09-03 16:47:22.759 E/BatteryStatsService(  601): Invalid uid for waking network packet: -1
09-03 16:47:22.881 D/WifiHAL (  458): GetLinkStatCommand: zero radio case
09-03 16:47:23.150 I/wpa_supplicant( 1095): Heartbeat 1085
09-03 16:47:23.410 E/BatteryStatsService(  601): Invalid uid for waking network packet: -1
09-03 16:47:23.411 E/BatteryStatsService(  601): Invalid uid for waking network packet: -1
09-03 16:47:23.412 E/BatteryStatsService(  601): Invalid uid for waking network packet: -1
09-03 16:47:23.413 E/BatteryStatsService(  601): Invalid uid for waking network packet: -1
09-03 16:47:23.413 E/BatteryStatsService(  601): Invalid uid for waking network packet: -1
09-03 16:47:23.414 E/BatteryStatsService(  601): Invalid uid for waking network packet: -1
09-03 16:47:23.415 E/BatteryStatsService(  601): Invalid uid for waking network packet: -1
09-03 16:47:23.507 E/BatteryDump(  489): !@new_battery_dump : 4388,149,2000,168,89,391,0,Chg,Normal,Good,INBOX_WRL,90,Normal,0,0,9751,205,0,0x72,0x8c,0x0f,0x5e,0x01,0x34,0x00,0x01,0,0,8649,4234,1,1,4834,4737,174,4391,0x11,0,2,0x130,0x80,0x56,143,0x3,0x0,0x0
09-03 16:47:23.526 D/BatteryService(  601): Sending ACTION_BATTERY_CHANGED: level:89, status:2, health:2, ac:false, usb:false, wireless:true, misc:0x0, charge_type:1, charger_type:0, voltage:4388, temperature:391, online:11, current_avg:148, hvc:false, capacity:280000, current_event:0x0, current_now:149, mcc:0, mcv:0, cc:320400, present:true, scale:100, technology:Li-ion
09-03 16:47:23.545 D/PowerUI ( 1181): onReceive() Received Action =  android.intent.action.BATTERY_CHANGED
09-03 16:47:23.546 D/PowerUI ( 1181): plugged=true
09-03 16:47:23.547 I/PowerUI ( 1181): maybeShowBatteryWarningV2 plugged=true bucket=1
09-03 16:47:23.547 I/PowerUI.NotificationHelper( 1181): cancelNotification  notificationID = 9009
09-03 16:47:23.551 D/SYSTEM_UI( 1181): BatteryIndicatorPresenter$3.onReceive(19): onReceive() Received Action =  android.intent.action.BATTERY_CHANGED
09-03 16:47:23.552 D/SYSTEM_UI( 1181): BatteryIndicatorPresenter$3.onReceive(103): level          89 --> 89
09-03 16:47:23.553 D/SYSTEM_UI( 1181): BatteryIndicatorPresenter$3.onReceive(130): status         2 --> 2
09-03 16:47:23.554 I/PowerUI ( 1181): ACTION_BATTERY_CHANGED : mPlugType=4 mBatteryStatus=2
09-03 16:47:23.554 I/PowerUI ( 1181): oldMisalign : false, curMisalign : false
09-03 16:47:23.561 D/AdaptiveBrightnessLongtermModelBuilder(  601): Received android.intent.action.BATTERY_CHANGED
09-03 16:47:23.586 I/NfcWirelessCharge( 1164): chargeMode: 4, isWirelessCharging: true
09-03 16:47:24.039 I/Watchface( 1109): [ModelBattery] action:android.intent.action.BATTERY_CHANGED
09-03 16:47:24.041 I/Watchface( 1109): [ModelBattery] scale[100] level[89] status[2] isCharging[true] batteryLow[false]
09-03 16:47:24.041 I/Watchface( 1109): [ModelBattery] putAll to pendingUpdatedValues!! size:2
09-03 16:47:24.512 E/BatteryStatsService(  601): Invalid uid for waking network packet: -1
09-03 16:47:24.515 E/BatteryStatsService(  601): Invalid uid for waking network packet: -1
09-03 16:47:24.517 E/BatteryStatsService(  601): Invalid uid for waking network packet: -1
09-03 16:47:24.519 E/BatteryStatsService(  601): Invalid uid for waking network packet: -1
09-03 16:47:24.522 E/BatteryStatsService(  601): Invalid uid for waking network packet: -1
09-03 16:47:24.524 E/BatteryStatsService(  601): Invalid uid for waking network packet: -1
09-03 16:47:24.779 D/io_stats(  319): !@ 179,0 r 458182 10113004 w 43218 417992 d 8289 623412 f 3241 4350 iot 664964 0 th 0 0 0 pt 0 inp 0 0 11070.063
09-03 16:47:24.782 D/io_stats(  319): !@ Write_top(KB): vendor.samsung.(489) 8
09-03 16:47:25.633 E/BatteryStatsService(  601): Invalid uid for waking network packet: -1
09-03 16:47:25.636 E/BatteryStatsService(  601): Invalid uid for waking network packet: -1
09-03 16:47:25.639 E/BatteryStatsService(  601): Invalid uid for waking network packet: -1
09-03 16:47:25.641 E/BatteryStatsService(  601): Invalid uid for waking network packet: -1
09-03 16:47:25.644 E/BatteryStatsService(  601): Invalid uid for waking network packet: -1
09-03 16:47:26.019 D/WifiHAL (  458): GetLinkStatCommand: zero radio case
09-03 16:47:26.107 I/hwservicemanager(  287): getTransport: Cannot find entry android.hardware.memtrack@1.0::IMemtrack/default in either framework or device VINTF manifest.
09-03 16:47:26.115 I/hwservicemanager(  287): getTransport: Cannot find entry android.hardware.memtrack@1.0::IMemtrack/default in either framework or device VINTF manifest.
09-03 16:47:26.116 E/HidlServiceManagement(18859): Service android.hardware.memtrack@1.0::IMemtrack/default must be in VINTF manifest in order to register/get.
09-03 16:47:26.117 E/LegacySupport(18859): Could not register service android.hardware.memtrack@1.0::IMemtrack/default (-2147483648).
09-03 16:47:26.379 E/BatteryStatsService(  601): Invalid uid for waking network packet: -1
09-03 16:47:26.383 E/BatteryStatsService(  601): Invalid uid for waking network packet: -1
09-03 16:47:26.386 E/BatteryStatsService(  601): Invalid uid for waking network packet: -1
09-03 16:47:26.388 E/BatteryStatsService(  601): Invalid uid for waking network packet: -1
09-03 16:47:26.391 E/BatteryStatsService(  601): Invalid uid for waking network packet: -1
09-03 16:47:26.393 E/BatteryStatsService(  601): Invalid uid for waking network packet: -1
09-03 16:47:26.396 E/BatteryStatsService(  601): Invalid uid for waking network packet: -1
09-03 16:47:26.398 E/BatteryStatsService(  601): Invalid uid for waking network packet: -1
09-03 16:47:27.552 E/BatteryStatsService(  601): Invalid uid for waking network packet: -1
09-03 16:47:27.555 E/BatteryStatsService(  601): Invalid uid for waking network packet: -1
09-03 16:47:27.559 E/BatteryStatsService(  601): Invalid uid for waking network packet: -1
09-03 16:47:28.356 E/SSRM:DHMS_BASEFRAMEWORK(  601): e = /sys/class/sec/sec-cp-thermistor/temperature: open failed: ENOENT (No such file or directory)
09-03 16:47:28.366 I/SSRM:Temperature(  601): SIOP:: AP : 409 CP : -999 BLK : 429 BAT : 391
09-03 16:47:28.651 I/bt_btm_pm( 1193): system/stack/acl/btm_pm.cc:720 btm_pm_proc_mode_change: Power mode switched from immediate:sniff[2] to immediate:active[0]
09-03 16:47:28.767 E/BatteryStatsService(  601): Invalid uid for waking network packet: -1
09-03 16:47:28.771 E/BatteryStatsService(  601): Invalid uid for waking network packet: -1
09-03 16:47:28.875 I/Sensors (  455): sensorBatch: handle=0 period=20000000 timeout=0
09-03 16:47:28.884 I/Sensors (  455): enable: old sensor_state 1, new sensor_state : 1 en : 1
09-03 16:47:28.885 I/Sensors (  455): sensorActivate: old sensor_state 1, new sensor_state : 1 en : 1
09-03 16:47:28.888 I/Sensors (  455): sensorBatch: handle=1 period=20000000 timeout=0
09-03 16:47:28.889 I/Sensors (  455): Acc8gSensor acc x = 19, y = -48, z = 3962, time = 11453603478955
09-03 16:47:28.890 I/Sensors (  455): enable: old sensor_state 3, new sensor_state : 3 en : 1
09-03 16:47:28.890 I/Sensors (  455): sensorActivate: old sensor_state 3, new sensor_state : 3 en : 1
09-03 16:47:28.892 I/Sensors (  455): sensorBatch: handle=12 period=20000000 timeout=0
09-03 16:47:28.893 I/Sensors (  455): enable: old sensor_state 4099, new sensor_state : 4099 en : 1
09-03 16:47:28.893 I/Sensors (  455): sensorActivate: old sensor_state 4099, new sensor_state : 4099 en : 1
09-03 16:47:28.909 I/Sensors (  455): Acc8gSensor acc x = 30, y = -89, z = 3973, time = 11453623559522
09-03 16:47:28.910 I/Sensors (  455): GyroSensor gyro x = -572, y = 291, z = -302, time = 11453623559522
09-03 16:47:28.910 I/Sensors (  455): rv a = -2112.000000, b = -9058.000000, c = 100999.000000, d = 994843.000000, acc = 246, time = 11453623559522
09-03 16:47:28.929 I/Sensors (  455): Acc8gSensor acc x = 50, y = -2, z = 3995, time = 11453643609571
09-03 16:47:28.930 I/Sensors (  455): GyroSensor gyro x = -266, y = -56, z = 59, time = 11453643609571
09-03 16:47:28.930 I/Sensors (  455): rv a = -4055.000000, b = -7685.000000, c = 97342.000000, d = 995213.000000, acc = 246, time = 11453643609571
09-03 16:47:28.950 I/Sensors (  455): GyroSensor gyro x = -122, y = -53, z = 20, time = 11453663659619
09-03 16:47:28.951 I/Sensors (  455): rv a = -4027.000000, b = -7906.000000, c = 98385.000000, d = 995108.000000, acc = 246, time = 11453663659619
09-03 16:47:29.182 V/WindowManager(  601): Relayout Window{61b8a36 u0 com.suman.mobilesensorlogger/com.suman.smartfallai.wear.ui.MainActivity}: viewVisibility=0 req=450x450 ty=1 d0
09-03 16:47:29.182 I/VRI[MainActivity]@ba2089b(17999): Relayout returned: old=(0,0,450,450) new=(0,0,450,450) req=(450,450)0 dur=1 res=0x0 s={true 0xeb369e00} ch=false seqId=0
09-03 16:47:29.183 D/PowerManagerService(  601): [api] acquire WakeLock SCREEN_BRIGHT_WAKE_LOCK           'WindowManager/displayId:0' ON_AFTER_RELEASE (uid=1000 pid=601 pkg=android ws=WorkSource{10165 com.suman.mobilesensorlogger} displayId=0 lock=94062ca)
09-03 16:47:29.192 V/WindowManager(  601): Relayout hash=61b8a36, pid=0, syncId=-1: mAttrs={(0,0)(fillxfill) sim={adjust=pan} layoutInDisplayCutoutMode=always ty=BASE_APPLICATION wanim=0x1030302
09-03 16:47:29.192 V/WindowManager(  601):   fl=KEEP_SCREEN_ON LAYOUT_IN_SCREEN LAYOUT_INSET_DECOR SPLIT_TOUCH HARDWARE_ACCELERATED DRAWS_SYSTEM_BAR_BACKGROUNDS
09-03 16:47:29.192 V/WindowManager(  601):   pfl=NO_MOVE_ANIMATION EDGE_TO_EDGE_ENFORCED FORCE_DRAW_STATUS_BAR_BACKGROUND FIT_INSETS_CONTROLLED
09-03 16:47:29.192 V/WindowManager(  601):   vsysui=LIGHT_NAVIGATION_BAR
09-03 16:47:29.192 V/WindowManager(  601):   apr=LIGHT_NAVIGATION_BARS FORCE_LIGHT_NAVIGATION_BARS
09-03 16:47:29.192 V/WindowManager(  601):   bhv=DEFAULT
09-03 16:47:29.192 V/WindowManager(  601):   fitSides=
09-03 16:47:29.192 V/WindowManager(  601):   frameRateBoostOnTouch=true
09-03 16:47:29.192 V/WindowManager(  601):   dvrrWindowFrameRateHint=true}
09-03 16:47:29.293 D/WifiHAL (  458): GetLinkStatCommand: zero radio case
09-03 16:47:29.294 E/IPCThreadState(  458): binder thread pool (1 threads) starved for 225 ms
09-03 16:47:29.471 W/display (  451): Winconfig time (43 ms)
09-03 16:47:29.575 I/LocProxy(  601): LocationHistory - [FusedLocationApi] request android.os.BinderProxy@260603183(listener) PRIORITY_HIGH_ACCURACY interval=2000 dist=0.0m  maxWaitTime=2000 from com.suman.mobilesensorlogger (10165 foreground)
09-03 16:47:29.589 D/SYSTEM_UI( 1181): IndicatorPresenter$$ExternalSyntheticLambda2.onOpActiveChanged(36): onOpActiveChanged op=android:monitor_location_high_power packageName=com.suman.mobilesensorlogger active=true
09-03 16:47:29.593 I/SecWFOverlayController( 1044): [WatchFaceOverlayModule$CustomOnOpActiveChangedListener] onOpActiveChanged(190) > setLocationEnabled():: isLocationEnabled : true
09-03 16:47:29.594 I/SecWFOverlayController( 1044): [SecWatchFaceOverlayController] updateIcons(8) > updateIcons()::
09-03 16:47:29.594 I/SecWFOverlayController( 1044): [SchoolModeStateImpl$$ExternalSyntheticOutline0] m(8) > locationEnabled: true
09-03 16:47:29.594 I/SecWFOverlayController( 1044): [SecWatchFaceOverlayController] updateChargingIcon(6) > updateChargingIcon()::
09-03 16:47:29.595 I/SecWFOverlayController( 1044): [SecWatchFaceOverlayController] updateAirplaneModeIcon(6) > updateAirplaneModeIcon()::
09-03 16:47:29.595 I/SecWFOverlayController( 1044): [SchoolModeStateImpl$$ExternalSyntheticOutline0] m(8) > update dnd mode: false
09-03 16:47:29.595 I/SecWFOverlayController( 1044): [SecAppsItemSyncManagerImpl$$ExternalSyntheticOutline0] m(9) > Shop demo : 0
09-03 16:47:29.596 I/SecWFOverlayController( 1044): [SecAppsItemSyncManagerImpl$$ExternalSyntheticOutline0] m(9) > SETUP_SKIPPED: 0
09-03 16:47:29.596 I/SecWFOverlayController( 1044): [SetViewToggleButtonReceiver$$ExternalSyntheticOutline0] m(13) > read setting_kids_mode_state: false
09-03 16:47:29.596 W/SecWFOverlayController( 1044): [SecWatchFaceOverlayController] updateIcons(211) > isDeviceManaged: false, deviceType: 1
09-03 16:47:29.597 I/SecWFOverlayController( 1044): [SecWatchFaceOverlayController] updateIcons(221) > BT disconnect icon is displayed.
09-03 16:47:29.597 I/SecWFOverlayController( 1044): [SecWatchFaceOverlayController] updateIcons(246) > updateModes() ::
09-03 16:47:29.597 I/SecWFOverlayController( 1044): [SecWatchFaceOverlayController] updateIcons(325) > updateStaminaModeIcon
09-03 16:47:29.598 I/SecWFOverlayController( 1044): [SecWatchFaceOverlayController] updateIcons(380) > [{HIGH_POWER_LOCATION, true}, {CHARGING, true}]
09-03 16:47:29.602 D/SYSTEM_UI( 1181): IndicatorPresenter$$ExternalSyntheticOutline0.m(13): isActive: true
09-03 16:47:29.613 I/SecStatusIndicatorsContainer( 1044): [SecStatusIndicatorsContainer] setColor(17) > bgColor: null, iconColor: null
09-03 16:47:29.615 I/SecStatusIndicatorsContainer( 1044): [SecStatusIndicatorsContainer] setColor(17) > bgColor: null, iconColor: null
09-03 16:47:29.617 I/SecStatusIndicatorsContainer( 1044): [SecStatusIndicatorsContainer] setColor(17) > bgColor: null, iconColor: null
09-03 16:47:29.619 I/SecStatusIndicatorsContainer( 1044): [SecStatusIndicatorsContainer] setColor(17) > bgColor: null, iconColor: null
09-03 16:47:29.620 W/SysUI   ( 1044): [SecWatchFaceOverlayController] updateIcons(505) > [SALogUtil] sending Samsung analytics logs: HM0007
09-03 16:47:29.636 I/DMASA[S]( 1740): [a]check quota : 4Q5-399-1001005
09-03 16:47:29.636 I/DMASA[S]( 1740): [b]4Q5-399-1001005 remain quota : 738
09-03 16:47:29.636 I/DMASA[S]( 1740): [a]Receive log ok : 4Q5-399-1001005
09-03 16:47:29.653 D/SYSTEM_UI( 1181): IndicatorView.show(203): show [LOCATION]
09-03 16:47:29.673 D/SYSTEM_UI( 1181): IndicatorPresenter$$ExternalSyntheticLambda2.onOpActiveChanged(240): OperatorUtil.isSupportSamsungLocationChip() = false
09-03 16:47:29.749 V/LocationManagerService(  601): passive provider registration 1000/android[SensorNotificationService]/55F1BC4A dropped delivery - too close
09-03 16:47:29.793 D/WatchFallML(17999): Activity=STANDING, FallProb=0.1409, AccPeak=9.58, AccMin=9.41, AccRange=0.17, AccStd=0.04, GyroPeak=0.87, JerkPeak=6.3, Impact=false, TemporalScore=0, PostImpact=true, ActiveMotion=false, State=MONITORING, Latency=27ms
09-03 16:47:29.836 E/BatteryStatsService(  601): Invalid uid for waking network packet: -1
09-03 16:47:29.837 E/BatteryStatsService(  601): Invalid uid for waking network packet: -1
09-03 16:47:29.838 E/BatteryStatsService(  601): Invalid uid for waking network packet: -1
09-03 16:47:30.131 D/WatchFallML(17999): Activity=STANDING, FallProb=0.2600, AccPeak=9.64, AccMin=9.42, AccRange=0.22, AccStd=0.04, GyroPeak=0.03, JerkPeak=7.9, Impact=false, TemporalScore=0, PostImpact=true, ActiveMotion=false, State=MONITORING, Latency=47ms
09-03 16:47:30.449 D/WatchFallML(17999): Activity=STANDING, FallProb=0.2500, AccPeak=9.64, AccMin=9.47, AccRange=0.17, AccStd=0.04, GyroPeak=0.03, JerkPeak=7.9, Impact=false, TemporalScore=0, PostImpact=true, ActiveMotion=false, State=MONITORING, Latency=27ms
09-03 16:47:30.645 V/LocationManagerService(  601): passive provider registration 1000/android[SensorNotificationService]/55F1BC4A dropped delivery - too close
09-03 16:47:30.645 V/LocationManagerService(  601): passive provider registration 5010/com.samsung.android.watch.runestone.app/CF6603C7 dropped delivery - too fast (deltaMs=993).
09-03 16:47:30.756 D/WatchFallML(17999): Activity=STANDING, FallProb=0.2600, AccPeak=9.61, AccMin=9.44, AccRange=0.17, AccStd=0.04, GyroPeak=0.03, JerkPeak=7.5, Impact=false, TemporalScore=0, PostImpact=true, ActiveMotion=false, State=MONITORING, Latency=23ms
09-03 16:47:30.789 D/io_stats(  319): !@ 179,0 r 458247 10114352 w 43226 418032 d 8289 623412 f 3241 4351 iot 665276 0 th 0 0 0 pt 0 inp 0 0 11076.073
09-03 16:47:31.065 D/WatchFallML(17999): Activity=STANDING, FallProb=0.2500, AccPeak=9.61, AccMin=9.44, AccRange=0.17, AccStd=0.05, GyroPeak=0.03, JerkPeak=7.5, Impact=false, TemporalScore=0, PostImpact=true, ActiveMotion=false, State=MONITORING, Latency=32ms
09-03 16:47:31.172 I/hwservicemanager(  287): getTransport: Cannot find entry android.hardware.memtrack@1.0::IMemtrack/default in either framework or device VINTF manifest.
09-03 16:47:31.187 I/hwservicemanager(  287): getTransport: Cannot find entry android.hardware.memtrack@1.0::IMemtrack/default in either framework or device VINTF manifest.
09-03 16:47:31.189 E/HidlServiceManagement(18866): Service android.hardware.memtrack@1.0::IMemtrack/default must be in VINTF manifest in order to register/get.
09-03 16:47:31.189 E/LegacySupport(18866): Could not register service android.hardware.memtrack@1.0::IMemtrack/default (-2147483648).
09-03 16:47:31.341 D/WatchFallML(17999): Activity=STANDING, FallProb=0.2500, AccPeak=9.64, AccMin=9.44, AccRange=0.20, AccStd=0.05, GyroPeak=0.03, JerkPeak=7.9, Impact=false, TemporalScore=0, PostImpact=true, ActiveMotion=false, State=MONITORING, Latency=25ms
09-03 16:47:31.627 I/bt_btm_pm( 1193): system/stack/acl/btm_pm.cc:280 BTM_SetPowerMode: Setting power mode for peer:xx:xx:xx:xx:71:14 current_mode:immediate:active[0] new_mode:forced:sniff[2]
09-03 16:47:31.627 I/bt_btm_pm( 1193): system/stack/acl/btm_pm.cc:573 btm_pm_snd_md_req: Switching from immediate:active[0x00] to immediate:sniff[0x02]
09-03 16:47:31.627 I/bt_btm_pm( 1193): system/stack/acl/btm_pm.cc:963 btm_sniff_wakelock: set sniff wakelock
09-03 16:47:31.667 I/bt_btm_pm( 1193): system/stack/acl/btm_pm.cc:720 btm_pm_proc_mode_change: Power mode switched from immediate:pending[5] to immediate:sniff[2]
09-03 16:47:31.678 I/bt_btm_pm( 1193): system/stack/acl/btm_pm.cc:958 btm_sniff_wakelock_timeout: btm sniff wakelock timeout
09-03 16:47:31.738 V/LocationManagerService(  601): passive provider registration 1000/android[SensorNotificationService]/55F1BC4A dropped delivery - too close
09-03 16:47:31.739 V/LocationManagerService(  601): passive provider registration 5010/com.samsung.android.watch.runestone.app/CF6603C7 dropped delivery - too fast (deltaMs=2002).
09-03 16:47:31.750 D/WatchFallML(17999): Activity=STANDING, FallProb=0.2700, AccPeak=9.64, AccMin=9.43, AccRange=0.21, AccStd=0.05, GyroPeak=0.03, JerkPeak=7.9, Impact=false, TemporalScore=0, PostImpact=true, ActiveMotion=false, State=MONITORING, Latency=29ms
09-03 16:47:31.994 D/WatchFallML(17999): Activity=SITTING, FallProb=0.2100, AccPeak=9.64, AccMin=9.43, AccRange=0.21, AccStd=0.04, GyroPeak=0.03, JerkPeak=7.0, Impact=false, TemporalScore=0, PostImpact=true, ActiveMotion=false, State=MONITORING, Latency=25ms
09-03 16:47:32.286 E/BatteryStatsService(  601): Invalid uid for waking network packet: -1
09-03 16:47:32.287 E/BatteryStatsService(  601): Invalid uid for waking network packet: -1
09-03 16:47:32.309 D/WatchFallML(17999): Activity=STANDING, FallProb=0.2200, AccPeak=9.62, AccMin=9.42, AccRange=0.20, AccStd=0.05, GyroPeak=0.03, JerkPeak=9.7, Impact=false, TemporalScore=0, PostImpact=true, ActiveMotion=false, State=MONITORING, Latency=32ms
09-03 16:47:32.429 D/WifiHAL (  458): GetLinkStatCommand: zero radio case
09-03 16:47:32.430 E/IPCThreadState(  458): binder thread pool (1 threads) starved for 108 ms
09-03 16:47:32.610 D/WatchFallML(17999): Activity=STANDING, FallProb=0.2100, AccPeak=9.62, AccMin=9.42, AccRange=0.20, AccStd=0.05, GyroPeak=0.03, JerkPeak=9.7, Impact=false, TemporalScore=0, PostImpact=true, ActiveMotion=false, State=MONITORING, Latency=26ms
09-03 16:47:32.790 D/io_stats(  319): !@ 179,0 r 458260 10114512 w 43226 418032 d 8289 623412 f 3241 4351 iot 665304 0 th 0 0 0 pt 0 inp 0 0 11078.074
09-03 16:47:32.791 D/io_stats(  319): !@ Read_top(KB): arable.systemui(1181) 700 system_server(601) 268 ilesensorlogger(17999) 192
09-03 16:47:32.791 D/io_stats(  319): !@ Write_top(KB): id.diagmonagent(1740) 36
09-03 16:47:33.137 I/bt_btm_pm( 1193): system/stack/acl/btm_pm.cc:720 btm_pm_proc_mode_change: Power mode switched from immediate:sniff[2] to immediate:active[0]
09-03 16:47:33.151 I/wpa_supplicant( 1095): Heartbeat 1086
09-03 16:47:33.226 D/WatchFallML(17999): Activity=STANDING, FallProb=0.1900, AccPeak=9.61, AccMin=9.44, AccRange=0.17, AccStd=0.04, GyroPeak=0.03, JerkPeak=6.1, Impact=false, TemporalScore=0, PostImpact=true, ActiveMotion=false, State=MONITORING, Latency=29ms
09-03 16:47:33.245 E/Watchdog(  601): !@Sync: 369 heap: 50 / 60 FD: 776 [2026-09-03 16:47:33.244]
09-03 16:47:33.258 V/LocationManagerService(  601): passive provider registration 1000/android[SensorNotificationService]/55F1BC4A dropped delivery - too close
09-03 16:47:33.258 V/LocationManagerService(  601): passive provider registration 5010/com.samsung.android.watch.runestone.app/CF6603C7 dropped delivery - too fast (deltaMs=2985).
09-03 16:47:33.542 D/WatchFallML(17999): Activity=STANDING, FallProb=0.2300, AccPeak=9.61, AccMin=9.43, AccRange=0.18, AccStd=0.05, GyroPeak=0.03, JerkPeak=5.9, Impact=false, TemporalScore=0, PostImpact=true, ActiveMotion=false, State=MONITORING, Latency=42ms
09-03 16:47:33.577 D/[SS]BattFunctions(  601): [sendRemainingChargingTimeChangedIntent]remainingChargingTime:1725 ,mLastRemainingChargingTime:1737
09-03 16:47:33.577 D/BatteryService(  601): Sending ACTION_BATTERY_CHANGED: level:89, status:2, health:2, ac:false, usb:false, wireless:true, misc:0x0, charge_type:1, charger_type:0, voltage:4346, temperature:393, online:11, current_avg:139, hvc:false, capacity:280000, current_event:0x0, current_now:101, mcc:0, mcv:0, cc:320400, present:true, scale:100, technology:Li-ion
09-03 16:47:33.582 D/PowerUI ( 1181): onReceive() Received Action =  com.samsung.server.BatteryService.action.SEC_BATTERY_REMAINING_CHARGING_TIME_CHANGED
09-03 16:47:33.582 D/PowerUI ( 1181): onReceive() Unsupported Action 
09-03 16:47:33.590 D/PowerUI ( 1181): onReceive() Received Action =  android.intent.action.BATTERY_CHANGED
09-03 16:47:33.590 D/PowerUI ( 1181): plugged=true
09-03 16:47:33.590 I/PowerUI ( 1181): ACTION_BATTERY_CHANGED : mPlugType=4 mBatteryStatus=2
09-03 16:47:33.590 I/PowerUI ( 1181): oldMisalign : false, curMisalign : false
09-03 16:47:33.591 I/PowerUI ( 1181): maybeShowBatteryWarningV2 plugged=true bucket=1
09-03 16:47:33.591 I/PowerUI.NotificationHelper( 1181): cancelNotification  notificationID = 9009
09-03 16:47:33.617 E/BatteryDump(  489): !@new_battery_dump : 4346,101,2000,168,89,393,0,Chg,Normal,Good,INBOX_WRL,90,Normal,0,0,9730,205,0,0x16,0x8b,0x0f,0x5e,0x01,0x34,0x00,0x01,0,0,8664,4235,1,1,4834,4732,175,4392,0x11,0,2,0x130,0x80,0x56,143,0x3,0x0,0x0
09-03 16:47:33.628 D/SYSTEM_UI( 1181): BatteryIndicatorPresenter$3.onReceive(19): onReceive() Received Action =  android.intent.action.BATTERY_CHANGED
09-03 16:47:33.629 D/SYSTEM_UI( 1181): BatteryIndicatorPresenter$3.onReceive(103): level          89 --> 89
09-03 16:47:33.629 D/SYSTEM_UI( 1181): BatteryIndicatorPresenter$3.onReceive(130): status         2 --> 2
09-03 16:47:33.635 I/NfcWirelessCharge( 1164): chargeMode: 4, isWirelessCharging: true
09-03 16:47:33.638 D/AdaptiveBrightnessLongtermModelBuilder(  601): Received android.intent.action.BATTERY_CHANGED
09-03 16:47:33.693 V/LocationManagerService(  601): passive provider registration 1000/android[SensorNotificationService]/55F1BC4A dropped delivery - too close
09-03 16:47:33.693 V/LocationManagerService(  601): passive provider registration 5010/com.samsung.android.watch.runestone.app/CF6603C7 dropped delivery - too fast (deltaMs=3996).
09-03 16:47:33.817 D/WatchFallML(17999): Activity=STANDING, FallProb=0.2900, AccPeak=9.57, AccMin=9.43, AccRange=0.13, AccStd=0.03, GyroPeak=0.03, JerkPeak=5.3, Impact=false, TemporalScore=0, PostImpact=true, ActiveMotion=false, State=MONITORING, Latency=41ms
09-03 16:47:34.089 I/Watchface( 1109): [ModelBattery] action:android.intent.action.BATTERY_CHANGED
09-03 16:47:34.089 I/Watchface( 1109): [ModelBattery] scale[100] level[89] status[2] isCharging[true] batteryLow[false]
09-03 16:47:34.090 I/Watchface( 1109): [ModelBattery] putAll to pendingUpdatedValues!! size:2
09-03 16:47:34.103 D/WatchFallML(17999): Activity=STANDING, FallProb=0.2800, AccPeak=9.58, AccMin=9.45, AccRange=0.13, AccStd=0.03, GyroPeak=0.03, JerkPeak=5.5, Impact=false, TemporalScore=0, PostImpact=true, ActiveMotion=false, State=MONITORING, Latency=40ms
09-03 16:47:34.111 E/BatteryStatsService(  601): Invalid uid for waking network packet: -1
09-03 16:47:34.112 E/BatteryStatsService(  601): Invalid uid for waking network packet: -1
09-03 16:47:34.113 E/BatteryStatsService(  601): Invalid uid for waking network packet: -1
09-03 16:47:34.113 E/BatteryStatsService(  601): Invalid uid for waking network packet: -1
09-03 16:47:34.114 E/BatteryStatsService(  601): Invalid uid for waking network packet: -1
09-03 16:47:34.441 D/WatchFallML(17999): Activity=STANDING, FallProb=0.2700, AccPeak=9.58, AccMin=9.40, AccRange=0.18, AccStd=0.04, GyroPeak=0.03, JerkPeak=7.8, Impact=false, TemporalScore=0, PostImpact=true, ActiveMotion=false, State=MONITORING, Latency=43ms
09-03 16:47:34.723 D/WatchFallML(17999): Activity=STANDING, FallProb=0.2300, AccPeak=9.57, AccMin=9.40, AccRange=0.17, AccStd=0.04, GyroPeak=0.03, JerkPeak=7.8, Impact=false, TemporalScore=0, PostImpact=true, ActiveMotion=false, State=MONITORING, Latency=28ms
09-03 16:47:34.728 V/LocationManagerService(  601): passive provider registration 1000/android[SensorNotificationService]/55F1BC4A dropped delivery - too close
09-03 16:47:34.728 V/LocationManagerService(  601): passive provider registration 5010/com.samsung.android.watch.runestone.app/CF6603C7 dropped delivery - too fast (deltaMs=5009).
09-03 16:47:34.792 D/io_stats(  319): !@ 179,0 r 458260 10114512 w 43228 418040 d 8289 623412 f 3241 4351 iot 665316 0 th 0 0 0 pt 0 inp 0 0 11080.076
09-03 16:47:35.002 D/WatchFallML(17999): Activity=STANDING, FallProb=0.2400, AccPeak=9.64, AccMin=9.43, AccRange=0.20, AccStd=0.04, GyroPeak=0.03, JerkPeak=7.8, Impact=false, TemporalScore=0, PostImpact=true, ActiveMotion=false, State=MONITORING, Latency=23ms
09-03 16:47:35.290 D/WatchFallML(17999): Activity=STANDING, FallProb=0.2600, AccPeak=9.64, AccMin=9.46, AccRange=0.17, AccStd=0.04, GyroPeak=0.03, JerkPeak=7.8, Impact=false, TemporalScore=0, PostImpact=true, ActiveMotion=false, State=MONITORING, Latency=25ms
09-03 16:47:35.569 D/WifiHAL (  458): GetLinkStatCommand: zero radio case
09-03 16:47:35.646 I/bt_btm_pm( 1193): system/stack/acl/btm_pm.cc:280 BTM_SetPowerMode: Setting power mode for peer:xx:xx:xx:xx:71:14 current_mode:immediate:active[0] new_mode:forced:sniff[2]
09-03 16:47:35.646 I/bt_btm_pm( 1193): system/stack/acl/btm_pm.cc:573 btm_pm_snd_md_req: Switching from immediate:active[0x00] to immediate:sniff[0x02]
09-03 16:47:35.646 I/bt_btm_pm( 1193): system/stack/acl/btm_pm.cc:963 btm_sniff_wakelock: set sniff wakelock
09-03 16:47:35.697 I/bt_btm_pm( 1193): system/stack/acl/btm_pm.cc:958 btm_sniff_wakelock_timeout: btm sniff wakelock timeout
09-03 16:47:35.721 I/bt_btm_pm( 1193): system/stack/acl/btm_pm.cc:720 btm_pm_proc_mode_change: Power mode switched from immediate:pending[5] to immediate:sniff[2]
09-03 16:47:35.762 V/LocationManagerService(  601): passive provider registration 1000/android[SensorNotificationService]/55F1BC4A dropped delivery - too close
09-03 16:47:35.762 V/LocationManagerService(  601): passive provider registration 5010/com.samsung.android.watch.runestone.app/CF6603C7 dropped delivery - too fast (deltaMs=6009).
09-03 16:47:35.857 D/WatchFallML(17999): Activity=STANDING, FallProb=0.2400, AccPeak=9.59, AccMin=9.45, AccRange=0.14, AccStd=0.04, GyroPeak=0.03, JerkPeak=6.5, Impact=false, TemporalScore=0, PostImpact=true, ActiveMotion=false, State=MONITORING, Latency=46ms
09-03 16:47:36.132 D/WatchFallML(17999): Activity=STANDING, FallProb=0.2500, AccPeak=9.59, AccMin=9.37, AccRange=0.22, AccStd=0.05, GyroPeak=0.03, JerkPeak=9.6, Impact=false, TemporalScore=0, PostImpact=true, ActiveMotion=false, State=MONITORING, Latency=57ms
09-03 16:47:36.201 I/hwservicemanager(  287): getTransport: Cannot find entry android.hardware.memtrack@1.0::IMemtrack/default in either framework or device VINTF manifest.
09-03 16:47:36.212 I/hwservicemanager(  287): getTransport: Cannot find entry android.hardware.memtrack@1.0::IMemtrack/default in either framework or device VINTF manifest.
09-03 16:47:36.213 E/HidlServiceManagement(18867): Service android.hardware.memtrack@1.0::IMemtrack/default must be in VINTF manifest in order to register/get.
09-03 16:47:36.213 E/LegacySupport(18867): Could not register service android.hardware.memtrack@1.0::IMemtrack/default (-2147483648).
09-03 16:47:36.367 D/WatchFallML(17999): Activity=STANDING, FallProb=0.2400, AccPeak=9.61, AccMin=9.37, AccRange=0.24, AccStd=0.06, GyroPeak=0.03, JerkPeak=9.6, Impact=false, TemporalScore=0, PostImpact=true, ActiveMotion=false, State=MONITORING, Latency=28ms
09-03 16:47:36.637 I/bt_btm_pm( 1193): system/stack/acl/btm_pm.cc:720 btm_pm_proc_mode_change: Power mode switched from immediate:sniff[2] to immediate:active[0]
09-03 16:47:36.656 D/WatchFallML(17999): Activity=STANDING, FallProb=0.2700, AccPeak=9.61, AccMin=9.43, AccRange=0.17, AccStd=0.05, GyroPeak=0.03, JerkPeak=8.4, Impact=false, TemporalScore=0, PostImpact=true, ActiveMotion=false, State=MONITORING, Latency=49ms
09-03 16:47:36.775 V/LocationManagerService(  601): passive provider registration 1000/android[SensorNotificationService]/55F1BC4A dropped delivery - too close
09-03 16:47:36.775 V/LocationManagerService(  601): passive provider registration 5010/com.samsung.android.watch.runestone.app/CF6603C7 dropped delivery - too fast (deltaMs=6997).
09-03 16:47:36.794 D/io_stats(  319): !@ Write_top(KB): vendor.samsung.(489) 8
09-03 16:47:36.810 E/BatteryStatsService(  601): Invalid uid for waking network packet: -1
09-03 16:47:36.811 E/BatteryStatsService(  601): Invalid uid for waking network packet: -1
09-03 16:47:36.812 E/BatteryStatsService(  601): Invalid uid for waking network packet: -1
09-03 16:47:36.812 E/BatteryStatsService(  601): Invalid uid for waking network packet: -1
09-03 16:47:36.814 E/BatteryStatsService(  601): Invalid uid for waking network packet: -1
09-03 16:47:36.814 E/BatteryStatsService(  601): Invalid uid for waking network packet: -1
09-03 16:47:36.814 E/BatteryStatsService(  601): Invalid uid for waking network packet: -1
09-03 16:47:37.135 D/WatchFallML(17999): Activity=STANDING, FallProb=0.2600, AccPeak=9.61, AccMin=9.41, AccRange=0.21, AccStd=0.05, GyroPeak=0.03, JerkPeak=8.4, Impact=false, TemporalScore=0, PostImpact=true, ActiveMotion=false, State=MONITORING, Latency=30ms
09-03 16:47:37.388 D/WatchFallML(17999): Activity=STANDING, FallProb=0.2700, AccPeak=9.61, AccMin=9.41, AccRange=0.21, AccStd=0.04, GyroPeak=0.03, JerkPeak=7.6, Impact=false, TemporalScore=0, PostImpact=true, ActiveMotion=false, State=MONITORING, Latency=21ms
09-03 16:47:37.645 V/LocationManagerService(  601): passive provider registration 1000/android[SensorNotificationService]/55F1BC4A dropped delivery - too close
09-03 16:47:37.645 V/LocationManagerService(  601): passive provider registration 5010/com.samsung.android.watch.runestone.app/CF6603C7 dropped delivery - too fast (deltaMs=7984).
09-03 16:47:37.669 D/WatchFallML(17999): Activity=STANDING, FallProb=0.2800, AccPeak=9.59, AccMin=9.44, AccRange=0.15, AccStd=0.04, GyroPeak=0.03, JerkPeak=7.6, Impact=false, TemporalScore=0, PostImpact=true, ActiveMotion=false, State=MONITORING, Latency=25ms
09-03 16:47:37.823 E/BatteryStatsService(  601): Invalid uid for waking network packet: -1
09-03 16:47:37.861 E/BatteryStatsService(  601): Invalid uid for waking network packet: -1
09-03 16:47:37.862 E/BatteryStatsService(  601): Invalid uid for waking network packet: -1
09-03 16:47:37.863 E/BatteryStatsService(  601): Invalid uid for waking network packet: -1
09-03 16:47:37.865 E/BatteryStatsService(  601): Invalid uid for waking network packet: -1
09-03 16:47:37.866 E/BatteryStatsService(  601): Invalid uid for waking network packet: -1
09-03 16:47:37.866 E/BatteryStatsService(  601): Invalid uid for waking network packet: -1
09-03 16:47:37.871 I/ilesensorlogger(17999): Background concurrent mark compact GC freed 3916KB AllocSpace bytes, 3(172KB) LOS objects, 21% free, 21MB/27MB, paused 2.574ms,10.677ms total 210.099ms
09-03 16:47:37.871 W/ilesensorlogger(17999): Reducing the number of considered missed Gc histogram windows from 177 to 100
09-03 16:47:38.202 D/WatchFallML(17999): Activity=STANDING, FallProb=0.2600, AccPeak=9.65, AccMin=9.46, AccRange=0.19, AccStd=0.04, GyroPeak=0.03, JerkPeak=8.4, Impact=false, TemporalScore=0, PostImpact=true, ActiveMotion=false, State=MONITORING, Latency=29ms
09-03 16:47:38.403 E/SSRM:DHMS_BASEFRAMEWORK(  601): e = /sys/class/sec/sec-cp-thermistor/temperature: open failed: ENOENT (No such file or directory)
09-03 16:47:38.436 I/SSRM:Temperature(  601): SIOP:: AP : 421 CP : -999 BLK : 430 BAT : 393
09-03 16:47:38.439 D/WatchFallML(17999): Activity=STANDING, FallProb=0.2700, AccPeak=9.65, AccMin=9.46, AccRange=0.19, AccStd=0.05, GyroPeak=0.03, JerkPeak=9.6, Impact=false, TemporalScore=0, PostImpact=true, ActiveMotion=false, State=MONITORING, Latency=29ms
09-03 16:47:38.604 I/bt_btm_pm( 1193): system/stack/acl/btm_pm.cc:280 BTM_SetPowerMode: Setting power mode for peer:xx:xx:xx:xx:71:14 current_mode:immediate:active[0] new_mode:forced:sniff[2]
09-03 16:47:38.604 I/bt_btm_pm( 1193): system/stack/acl/btm_pm.cc:573 btm_pm_snd_md_req: Switching from immediate:active[0x00] to immediate:sniff[0x02]
09-03 16:47:38.604 I/bt_btm_pm( 1193): system/stack/acl/btm_pm.cc:963 btm_sniff_wakelock: set sniff wakelock
09-03 16:47:38.614 I/bt_btm_pm( 1193): system/stack/acl/btm_pm.cc:720 btm_pm_proc_mode_change: Power mode switched from immediate:pending[5] to immediate:sniff[2]
09-03 16:47:38.655 I/bt_btm_pm( 1193): system/stack/acl/btm_pm.cc:958 btm_sniff_wakelock_timeout: btm sniff wakelock timeout
09-03 16:47:38.676 D/WatchFallML(17999): Activity=STANDING, FallProb=0.2900, AccPeak=9.65, AccMin=9.45, AccRange=0.20, AccStd=0.05, GyroPeak=0.03, JerkPeak=9.6, Impact=false, TemporalScore=0, PostImpact=true, ActiveMotion=false, State=MONITORING, Latency=21ms
09-03 16:47:38.696 D/WifiHAL (  458): GetLinkStatCommand: zero radio case
09-03 16:47:38.740 D/SYSTEM_UI( 1181): QuickpanelView$$ExternalSyntheticOutline0.m(13): wifi rssi : -64
09-03 16:47:38.768 D/SYSTEM_UI( 1181): WifiConnection$2.onReceive(42): wifi rssi level : 3
09-03 16:47:38.769 D/SYSTEM_UI( 1181): QuickpanelView$$ExternalSyntheticOutline0.m(13): updateMainIcon mMainIconResId= 2131233882
09-03 16:47:38.974 E/BatteryStatsService(  601): Invalid uid for waking network packet: -1
09-03 16:47:38.975 E/BatteryStatsService(  601): Invalid uid for waking network packet: -1
09-03 16:47:38.976 E/BatteryStatsService(  601): Invalid uid for waking network packet: -1
09-03 16:47:38.977 E/BatteryStatsService(  601): Invalid uid for waking network packet: -1
09-03 16:47:38.978 E/BatteryStatsService(  601): Invalid uid for waking network packet: -1
09-03 16:47:38.978 E/BatteryStatsService(  601): Invalid uid for waking network packet: -1
09-03 16:47:38.980 E/BatteryStatsService(  601): Invalid uid for waking network packet: -1
09-03 16:47:39.121 I/bt_btm_pm( 1193): system/stack/acl/btm_pm.cc:720 btm_pm_proc_mode_change: Power mode switched from immediate:sniff[2] to immediate:active[0]
09-03 16:47:39.171 D/WatchFallML(17999): Activity=STANDING, FallProb=0.3000, AccPeak=9.64, AccMin=9.45, AccRange=0.19, AccStd=0.04, GyroPeak=0.03, JerkPeak=6.5, Impact=false, TemporalScore=0, PostImpact=true, ActiveMotion=false, State=MONITORING, Latency=55ms
09-03 16:47:39.175 V/LocationManagerService(  601): passive provider registration 1000/android[SensorNotificationService]/55F1BC4A dropped delivery - too close
09-03 16:47:39.178 V/LocationManagerService(  601): passive provider registration 5010/com.samsung.android.watch.runestone.app/CF6603C7 dropped delivery - too fast (deltaMs=9006).
09-03 16:47:39.382 D/WatchFallML(17999): Activity=STANDING, FallProb=0.3000, AccPeak=9.59, AccMin=9.45, AccRange=0.13, AccStd=0.03, GyroPeak=0.03, JerkPeak=6.5, Impact=false, TemporalScore=0, PostImpact=true, ActiveMotion=false, State=MONITORING, Latency=22ms
09-03 16:47:39.640 D/WatchFallML(17999): Activity=STANDING, FallProb=0.3100, AccPeak=9.58, AccMin=9.41, AccRange=0.17, AccStd=0.04, GyroPeak=0.03, JerkPeak=5.4, Impact=false, TemporalScore=0, PostImpact=true, ActiveMotion=false, State=MONITORING, Latency=24ms
09-03 16:47:39.678 V/LocationManagerService(  601): passive provider registration 1000/android[SensorNotificationService]/55F1BC4A dropped delivery - too close
09-03 16:47:39.679 V/LocationManagerService(  601): passive provider registration 5010/com.samsung.android.watch.runestone.app/CF6603C7 dropped delivery - too fast (deltaMs=10014).
09-03 16:47:39.998 E/BatteryStatsService(  601): Invalid uid for waking network packet: -1
09-03 16:47:40.100 D/WatchFallML(17999): Activity=STANDING, FallProb=0.3100, AccPeak=9.60, AccMin=9.41, AccRange=0.19, AccStd=0.05, GyroPeak=0.03, JerkPeak=9.4, Impact=false, TemporalScore=0, PostImpact=true, ActiveMotion=false, State=MONITORING, Latency=42ms
09-03 16:47:40.543 D/WatchFallML(17999): Activity=STANDING, FallProb=0.4300, AccPeak=9.60, AccMin=9.39, AccRange=0.21, AccStd=0.05, GyroPeak=0.03, JerkPeak=9.4, Impact=false, TemporalScore=0, PostImpact=true, ActiveMotion=false, State=MONITORING, Latency=46ms
09-03 16:47:40.668 V/LocationManagerService(  601): passive provider registration 1000/android[SensorNotificationService]/55F1BC4A dropped delivery - too close
09-03 16:47:40.670 V/LocationManagerService(  601): passive provider registration 5010/com.samsung.android.watch.runestone.app/CF6603C7 dropped delivery - too fast (deltaMs=11009).
09-03 16:47:40.738 D/WatchFallML(17999): Activity=STANDING, FallProb=0.4500, AccPeak=9.59, AccMin=9.39, AccRange=0.20, AccStd=0.05, GyroPeak=0.03, JerkPeak=8.8, Impact=false, TemporalScore=0, PostImpact=true, ActiveMotion=false, State=MONITORING, Latency=17ms
09-03 16:47:40.977 D/WatchFallML(17999): Activity=STANDING, FallProb=0.4700, AccPeak=9.61, AccMin=9.39, AccRange=0.22, AccStd=0.05, GyroPeak=0.03, JerkPeak=6.3, Impact=false, TemporalScore=0, PostImpact=true, ActiveMotion=false, State=MONITORING, Latency=20ms
09-03 16:47:41.223 I/hwservicemanager(  287): getTransport: Cannot find entry android.hardware.memtrack@1.0::IMemtrack/default in either framework or device VINTF manifest.
09-03 16:47:41.234 I/hwservicemanager(  287): getTransport: Cannot find entry android.hardware.memtrack@1.0::IMemtrack/default in either framework or device VINTF manifest.
09-03 16:47:41.235 E/HidlServiceManagement(18870): Service android.hardware.memtrack@1.0::IMemtrack/default must be in VINTF manifest in order to register/get.
09-03 16:47:41.235 E/LegacySupport(18870): Could not register service android.hardware.memtrack@1.0::IMemtrack/default (-2147483648).
09-03 16:47:41.477 D/WatchFallML(17999): Activity=STANDING, FallProb=0.4900, AccPeak=9.61, AccMin=9.42, AccRange=0.19, AccStd=0.04, GyroPeak=0.03, JerkPeak=6.3, Impact=false, TemporalScore=0, PostImpact=true, ActiveMotion=false, State=MONITORING, Latency=35ms
09-03 16:47:41.649 I/bt_btm_pm( 1193): system/stack/acl/btm_pm.cc:280 BTM_SetPowerMode: Setting power mode for peer:xx:xx:xx:xx:71:14 current_mode:immediate:active[0] new_mode:forced:sniff[2]
09-03 16:47:41.649 I/bt_btm_pm( 1193): system/stack/acl/btm_pm.cc:573 btm_pm_snd_md_req: Switching from immediate:active[0x00] to immediate:sniff[0x02]
09-03 16:47:41.649 I/bt_btm_pm( 1193): system/stack/acl/btm_pm.cc:963 btm_sniff_wakelock: set sniff wakelock
09-03 16:47:41.676 D/WatchFallML(17999): Activity=STANDING, FallProb=0.5000, AccPeak=9.57, AccMin=9.37, AccRange=0.20, AccStd=0.05, GyroPeak=0.03, JerkPeak=8.2, Impact=false, TemporalScore=0, PostImpact=true, ActiveMotion=false, State=MONITORING, Latency=35ms
09-03 16:47:41.694 I/bt_btm_pm( 1193): system/stack/acl/btm_pm.cc:720 btm_pm_proc_mode_change: Power mode switched from immediate:pending[5] to immediate:sniff[2]
09-03 16:47:41.700 I/bt_btm_pm( 1193): system/stack/acl/btm_pm.cc:958 btm_sniff_wakelock_timeout: btm sniff wakelock timeout
09-03 16:47:41.711 I/adbd    ( 1489): New TLS connection [fd=25]
09-03 16:47:41.715 I/adbd    ( 1489): host-25: read thread spawning
09-03 16:47:41.716 I/adbd    ( 1489): host-25: read failed: Success
09-03 16:47:41.716 I/adbd    ( 1489): host-25: connection terminated: read failed
09-03 16:47:41.716 I/adbd    ( 1489): BlockingConnectionAdapter(host-25): stopping
09-03 16:47:41.720 I/adbd    ( 1489): host-25: write thread spawning
09-03 16:47:41.721 I/adbd    ( 1489): BlockingConnectionAdapter(host-25): stopped
09-03 16:47:41.721 I/adbd    ( 1489): BlockingConnectionAdapter(host-25): destructing
09-03 16:47:41.721 I/adbd    ( 1489): BlockingConnectionAdapter(host-25): already stopped
09-03 16:47:41.729 V/LocationManagerService(  601): passive provider registration 1000/android[SensorNotificationService]/55F1BC4A dropped delivery - too close
09-03 16:47:41.729 V/LocationManagerService(  601): passive provider registration 5010/com.samsung.android.watch.runestone.app/CF6603C7 dropped delivery - too fast (deltaMs=11986).
09-03 16:47:41.854 E/BatteryStatsService(  601): Invalid uid for waking network packet: -1
09-03 16:47:41.854 E/BatteryStatsService(  601): Invalid uid for waking network packet: -1
09-03 16:47:41.855 E/BatteryStatsService(  601): Invalid uid for waking network packet: -1
09-03 16:47:41.855 E/BatteryStatsService(  601): Invalid uid for waking network packet: -1
09-03 16:47:41.856 E/BatteryStatsService(  601): Invalid uid for waking network packet: -1
09-03 16:47:41.876 D/WifiHAL (  458): GetLinkStatCommand: zero radio case
09-03 16:47:41.877 E/IPCThreadState(  458): binder thread pool (1 threads) starved for 143 ms
09-03 16:47:41.952 D/SYSTEM_UI( 1181): QuickpanelView$$ExternalSyntheticOutline0.m(13): wifi rssi : -54
09-03 16:47:41.978 D/SYSTEM_UI( 1181): WifiConnection$2.onReceive(42): wifi rssi level : 4
09-03 16:47:41.981 D/SYSTEM_UI( 1181): QuickpanelView$$ExternalSyntheticOutline0.m(13): updateMainIcon mMainIconResId= 2131233883
09-03 16:47:42.098 D/WatchFallML(17999): Activity=STANDING, FallProb=0.5000, AccPeak=9.62, AccMin=9.37, AccRange=0.25, AccStd=0.05, GyroPeak=0.03, JerkPeak=8.9, Impact=false, TemporalScore=0, PostImpact=true, ActiveMotion=false, State=MONITORING, Latency=26ms
09-03 16:47:42.310 D/WatchFallML(17999): Activity=FALL_FORWARD, FallProb=0.5000, AccPeak=9.62, AccMin=9.45, AccRange=0.18, AccStd=0.04, GyroPeak=0.03, JerkPeak=8.9, Impact=false, TemporalScore=0, PostImpact=true, ActiveMotion=false, State=MONITORING, Latency=22ms
09-03 16:47:42.778 D/WatchFallML(17999): Activity=STANDING, FallProb=0.5100, AccPeak=9.60, AccMin=9.44, AccRange=0.16, AccStd=0.04, GyroPeak=0.03, JerkPeak=6.3, Impact=false, TemporalScore=0, PostImpact=true, ActiveMotion=false, State=MONITORING, Latency=27ms
09-03 16:47:42.964 D/WatchFallML(17999): Activity=FALL_FORWARD, FallProb=0.5300, AccPeak=9.62, AccMin=9.44, AccRange=0.18, AccStd=0.04, GyroPeak=0.03, JerkPeak=5.8, Impact=false, TemporalScore=0, PostImpact=true, ActiveMotion=false, State=MONITORING, Latency=10ms
09-03 16:47:43.150 E/BatteryStatsService(  601): Invalid uid for waking network packet: -1
09-03 16:47:43.151 E/BatteryStatsService(  601): Invalid uid for waking network packet: -1
09-03 16:47:43.152 I/wpa_supplicant( 1095): Heartbeat 1087
09-03 16:47:43.381 D/WatchFallML(17999): Activity=STANDING, FallProb=0.5100, AccPeak=9.62, AccMin=9.45, AccRange=0.17, AccStd=0.04, GyroPeak=0.03, JerkPeak=5.8, Impact=false, TemporalScore=0, PostImpact=true, ActiveMotion=false, State=MONITORING, Latency=14ms
09-03 16:47:43.587 E/BatteryDump(  489): !@new_battery_dump : 4357,114,2000,168,89,398,0,Chg,Normal,Good,INBOX_WRL,90,Normal,0,0,9730,205,0,0x74,0x8b,0x0f,0x5e,0x01,0x34,0x00,0x01,0,0,8669,4236,1,1,4834,4732,175,4382,0x11,0,2,0x130,0x80,0x56,143,0x3,0x0,0x0
09-03 16:47:43.601 D/BatteryService(  601): Sending ACTION_BATTERY_CHANGED: level:89, status:2, health:2, ac:false, usb:false, wireless:true, misc:0x0, charge_type:1, charger_type:0, voltage:4357, temperature:398, online:11, current_avg:131, hvc:false, capacity:280000, current_event:0x0, current_now:114, mcc:0, mcv:0, cc:321120, present:true, scale:100, technology:Li-ion
09-03 16:47:43.610 I/bt_btm_pm( 1193): system/stack/acl/btm_pm.cc:720 btm_pm_proc_mode_change: Power mode switched from immediate:sniff[2] to immediate:active[0]
09-03 16:47:43.621 D/PowerUI ( 1181): onReceive() Received Action =  android.intent.action.BATTERY_CHANGED
09-03 16:47:43.622 D/PowerUI ( 1181): plugged=true
09-03 16:47:43.631 D/SYSTEM_UI( 1181): BatteryIndicatorPresenter$3.onReceive(19): onReceive() Received Action =  android.intent.action.BATTERY_CHANGED
09-03 16:47:43.632 D/SYSTEM_UI( 1181): BatteryIndicatorPresenter$3.onReceive(103): level          89 --> 89
09-03 16:47:43.632 D/SYSTEM_UI( 1181): BatteryIndicatorPresenter$3.onReceive(130): status         2 --> 2
09-03 16:47:43.633 I/PowerUI ( 1181): ACTION_BATTERY_CHANGED : mPlugType=4 mBatteryStatus=2
09-03 16:47:43.633 I/PowerUI ( 1181): oldMisalign : false, curMisalign : false
09-03 16:47:43.636 I/PowerUI ( 1181): maybeShowBatteryWarningV2 plugged=true bucket=1
09-03 16:47:43.637 I/PowerUI.NotificationHelper( 1181): cancelNotification  notificationID = 9009
09-03 16:47:43.641 D/AdaptiveBrightnessLongtermModelBuilder(  601): Received android.intent.action.BATTERY_CHANGED
09-03 16:47:43.657 I/NfcWirelessCharge( 1164): chargeMode: 4, isWirelessCharging: true
09-03 16:47:43.695 V/LocationManagerService(  601): passive provider registration 1000/android[SensorNotificationService]/55F1BC4A dropped delivery - too close
09-03 16:47:43.695 V/LocationManagerService(  601): passive provider registration 5010/com.samsung.android.watch.runestone.app/CF6603C7 dropped delivery - too fast (deltaMs=13001).
09-03 16:47:43.776 D/WatchFallML(17999): Activity=STANDING, FallProb=0.5000, AccPeak=9.62, AccMin=9.43, AccRange=0.19, AccStd=0.04, GyroPeak=0.03, JerkPeak=6.5, Impact=false, TemporalScore=0, PostImpact=true, ActiveMotion=false, State=MONITORING, Latency=10ms
09-03 16:47:43.792 V/LocationManagerService(  601): passive provider registration 1000/android[SensorNotificationService]/55F1BC4A dropped delivery - too close
09-03 16:47:43.792 V/LocationManagerService(  601): passive provider registration 5010/com.samsung.android.watch.runestone.app/CF6603C7 dropped delivery - too fast (deltaMs=14011).
09-03 16:47:43.979 D/WatchFallML(17999): Activity=STANDING, FallProb=0.5000, AccPeak=9.60, AccMin=9.43, AccRange=0.17, AccStd=0.05, GyroPeak=0.03, JerkPeak=7.8, Impact=false, TemporalScore=0, PostImpact=true, ActiveMotion=false, State=MONITORING, Latency=11ms
09-03 16:47:44.110 I/Watchface( 1109): [ModelBattery] action:android.intent.action.BATTERY_CHANGED
09-03 16:47:44.110 I/Watchface( 1109): [ModelBattery] scale[100] level[89] status[2] isCharging[true] batteryLow[false]
09-03 16:47:44.110 I/Watchface( 1109): [ModelBattery] putAll to pendingUpdatedValues!! size:2
09-03 16:47:44.222 E/BatteryStatsService(  601): Invalid uid for waking network packet: -1
09-03 16:47:44.223 E/BatteryStatsService(  601): Invalid uid for waking network packet: -1
09-03 16:47:44.383 D/WatchFallML(17999): Activity=FALL_FORWARD, FallProb=0.4700, AccPeak=9.63, AccMin=9.43, AccRange=0.20, AccStd=0.04, GyroPeak=0.03, JerkPeak=7.8, Impact=false, TemporalScore=0, PostImpact=true, ActiveMotion=false, State=MONITORING, Latency=16ms
09-03 16:47:44.706 V/LocationManagerService(  601): passive provider registration 1000/android[SensorNotificationService]/55F1BC4A dropped delivery - too close
09-03 16:47:44.706 V/LocationManagerService(  601): passive provider registration 5010/com.samsung.android.watch.runestone.app/CF6603C7 dropped delivery - too fast (deltaMs=15010).
09-03 16:47:44.807 D/WatchFallML(17999): Activity=FALL_FORWARD, FallProb=0.4700, AccPeak=9.64, AccMin=9.45, AccRange=0.18, AccStd=0.04, GyroPeak=0.03, JerkPeak=7.3, Impact=false, TemporalScore=0, PostImpact=true, ActiveMotion=false, State=MONITORING, Latency=22ms
09-03 16:47:44.818 D/io_stats(  319): !@ 179,0 r 458260 10114512 w 43231 418052 d 8289 623412 f 3241 4351 iot 665324 0 th 0 0 0 pt 0 inp 0 0 11090.102
09-03 16:47:44.819 D/io_stats(  319): !@ Write_top(KB): vendor.samsung.(489) 8 kworker/u4:4(18864) 4
09-03 16:47:45.009 D/WifiHAL (  458): GetLinkStatCommand: zero radio case
09-03 16:47:45.013 D/WatchFallML(17999): Activity=STANDING, FallProb=0.4800, AccPeak=9.64, AccMin=9.43, AccRange=0.21, AccStd=0.05, GyroPeak=0.03, JerkPeak=9.2, Impact=false, TemporalScore=0, PostImpact=true, ActiveMotion=false, State=MONITORING, Latency=22ms
09-03 16:47:45.403 D/WatchFallML(17999): Activity=STANDING, FallProb=0.4900, AccPeak=9.61, AccMin=9.43, AccRange=0.18, AccStd=0.04, GyroPeak=0.03, JerkPeak=9.2, Impact=false, TemporalScore=0, PostImpact=true, ActiveMotion=false, State=MONITORING, Latency=5ms
09-03 16:47:45.663 I/bt_btm_pm( 1193): system/stack/acl/btm_pm.cc:280 BTM_SetPowerMode: Setting power mode for peer:xx:xx:xx:xx:71:14 current_mode:immediate:active[0] new_mode:forced:sniff[2]
09-03 16:47:45.663 I/bt_btm_pm( 1193): system/stack/acl/btm_pm.cc:573 btm_pm_snd_md_req: Switching from immediate:active[0x00] to immediate:sniff[0x02]
09-03 16:47:45.663 I/bt_btm_pm( 1193): system/stack/acl/btm_pm.cc:963 btm_sniff_wakelock: set sniff wakelock
09-03 16:47:45.676 I/bt_btm_pm( 1193): system/stack/acl/btm_pm.cc:720 btm_pm_proc_mode_change: Power mode switched from immediate:pending[5] to immediate:sniff[2]
09-03 16:47:45.692 V/LocationManagerService(  601): passive provider registration 1000/android[SensorNotificationService]/55F1BC4A dropped delivery - too close
09-03 16:47:45.692 V/LocationManagerService(  601): passive provider registration 5010/com.samsung.android.watch.runestone.app/CF6603C7 dropped delivery - too fast (deltaMs=16011).
09-03 16:47:45.714 I/bt_btm_pm( 1193): system/stack/acl/btm_pm.cc:958 btm_sniff_wakelock_timeout: btm sniff wakelock timeout
09-03 16:47:45.799 D/WatchFallML(17999): Activity=FALL_FORWARD, FallProb=0.5200, AccPeak=9.59, AccMin=9.43, AccRange=0.16, AccStd=0.04, GyroPeak=0.03, JerkPeak=5.5, Impact=false, TemporalScore=0, PostImpact=true, ActiveMotion=false, State=MONITORING, Latency=5ms
09-03 16:47:45.861 E/BatteryStatsService(  601): Invalid uid for waking network packet: -1
09-03 16:47:45.863 E/BatteryStatsService(  601): Invalid uid for waking network packet: -1
09-03 16:47:45.864 E/BatteryStatsService(  601): Invalid uid for waking network packet: -1
09-03 16:47:45.864 E/BatteryStatsService(  601): Invalid uid for waking network packet: -1
09-03 16:47:45.866 E/BatteryStatsService(  601): Invalid uid for waking network packet: -1
09-03 16:47:45.983 D/WatchFallML(17999): Activity=FALL_FORWARD, FallProb=0.5100, AccPeak=9.59, AccMin=9.41, AccRange=0.18, AccStd=0.05, GyroPeak=0.03, JerkPeak=5.6, Impact=false, TemporalScore=0, PostImpact=true, ActiveMotion=false, State=MONITORING, Latency=19ms
09-03 16:47:46.228 I/hwservicemanager(  287): getTransport: Cannot find entry android.hardware.memtrack@1.0::IMemtrack/default in either framework or device VINTF manifest.
09-03 16:47:46.238 I/hwservicemanager(  287): getTransport: Cannot find entry android.hardware.memtrack@1.0::IMemtrack/default in either framework or device VINTF manifest.
09-03 16:47:46.239 E/HidlServiceManagement(18873): Service android.hardware.memtrack@1.0::IMemtrack/default must be in VINTF manifest in order to register/get.
09-03 16:47:46.239 E/LegacySupport(18873): Could not register service android.hardware.memtrack@1.0::IMemtrack/default (-2147483648).
09-03 16:47:46.372 D/WatchFallML(17999): Activity=STANDING, FallProb=0.5000, AccPeak=9.57, AccMin=9.41, AccRange=0.16, AccStd=0.04, GyroPeak=0.03, JerkPeak=5.6, Impact=false, TemporalScore=0, PostImpact=true, ActiveMotion=false, State=MONITORING, Latency=8ms
09-03 16:47:46.751 D/WatchFallML(17999): Activity=STANDING, FallProb=0.5200, AccPeak=9.60, AccMin=9.41, AccRange=0.19, AccStd=0.04, GyroPeak=0.03, JerkPeak=7.6, Impact=false, TemporalScore=0, PostImpact=true, ActiveMotion=false, State=MONITORING, Latency=4ms
09-03 16:47:46.817 I/adbd    ( 1489): New TLS connection [fd=25]
09-03 16:47:46.819 I/adbd    ( 1489): host-25: write thread spawning
09-03 16:47:46.820 I/adbd    ( 1489): host-25: read thread spawning
09-03 16:47:46.821 I/adbd    ( 1489): host-25: read failed: Success
09-03 16:47:46.822 I/adbd    ( 1489): host-25: connection terminated: read failed
09-03 16:47:46.822 I/adbd    ( 1489): BlockingConnectionAdapter(host-25): stopping
09-03 16:47:46.823 I/adbd    ( 1489): BlockingConnectionAdapter(host-25): stopped
09-03 16:47:46.823 I/adbd    ( 1489): BlockingConnectionAdapter(host-25): destructing
09-03 16:47:46.823 I/adbd    ( 1489): BlockingConnectionAdapter(host-25): already stopped
09-03 16:47:46.973 E/BatteryStatsService(  601): Invalid uid for waking network packet: -1
09-03 16:47:46.975 E/BatteryStatsService(  601): Invalid uid for waking network packet: -1
09-03 16:47:46.978 E/BatteryStatsService(  601): Invalid uid for waking network packet: -1
09-03 16:47:46.979 E/BatteryStatsService(  601): Invalid uid for waking network packet: -1
09-03 16:47:47.101 I/bt_btm_pm( 1193): system/stack/acl/btm_pm.cc:720 btm_pm_proc_mode_change: Power mode switched from immediate:sniff[2] to immediate:active[0]
09-03 16:47:47.131 D/WatchFallML(17999): Activity=FALL_FORWARD, FallProb=0.5400, AccPeak=9.60, AccMin=9.36, AccRange=0.24, AccStd=0.05, GyroPeak=0.03, JerkPeak=7.6, Impact=false, TemporalScore=0, PostImpact=true, ActiveMotion=false, State=MONITORING, Latency=14ms
09-03 16:47:47.169 V/LocationManagerService(  601): passive provider registration 1000/android[SensorNotificationService]/55F1BC4A dropped delivery - too close
09-03 16:47:47.169 V/LocationManagerService(  601): passive provider registration 5010/com.samsung.android.watch.runestone.app/CF6603C7 dropped delivery - too fast (deltaMs=16981).
09-03 16:47:47.326 D/WatchFallML(17999): Activity=FALL_FORWARD, FallProb=0.5500, AccPeak=9.59, AccMin=9.36, AccRange=0.22, AccStd=0.04, GyroPeak=0.03, JerkPeak=6.5, Impact=false, TemporalScore=0, PostImpact=true, ActiveMotion=false, State=MONITORING, Latency=7ms
09-03 16:47:47.654 V/LocationManagerService(  601): passive provider registration 1000/android[SensorNotificationService]/55F1BC4A dropped delivery - too close
09-03 16:47:47.654 V/LocationManagerService(  601): passive provider registration 5010/com.samsung.android.watch.runestone.app/CF6603C7 dropped delivery - too fast (deltaMs=18006).
09-03 16:47:47.703 D/WatchFallML(17999): Activity=FALL_FORWARD, FallProb=0.5600, AccPeak=9.59, AccMin=9.38, AccRange=0.21, AccStd=0.04, GyroPeak=0.03, JerkPeak=6.4, Impact=false, TemporalScore=0, PostImpact=true, ActiveMotion=false, State=MONITORING, Latency=18ms
09-03 16:47:48.086 I/SurfaceFlinger(  514): SFWD update time=11093369991487
09-03 16:47:48.121 D/WifiHAL (  458): GetLinkStatCommand: zero radio case
09-03 16:47:48.141 D/WatchFallML(17999): Activity=FALL_FORWARD, FallProb=0.5400, AccPeak=9.58, AccMin=9.38, AccRange=0.21, AccStd=0.05, GyroPeak=0.03, JerkPeak=8.3, Impact=false, TemporalScore=0, PostImpact=true, ActiveMotion=false, State=MONITORING, Latency=22ms
09-03 16:47:48.472 D/WatchFallML(17999): Activity=FALL_FORWARD, FallProb=0.5400, AccPeak=9.61, AccMin=9.40, AccRange=0.20, AccStd=0.05, GyroPeak=0.03, JerkPeak=8.3, Impact=false, TemporalScore=0, PostImpact=true, ActiveMotion=false, State=MONITORING, Latency=6ms
09-03 16:47:48.489 E/SSRM:DHMS_BASEFRAMEWORK(  601): e = /sys/class/sec/sec-cp-thermistor/temperature: open failed: ENOENT (No such file or directory)
09-03 16:47:48.491 I/SSRM:Temperature(  601): SIOP:: AP : 425 CP : -999 BLK : 433 BAT : 398
09-03 16:47:48.638 I/bt_btm_pm( 1193): system/stack/acl/btm_pm.cc:280 BTM_SetPowerMode: Setting power mode for peer:xx:xx:xx:xx:71:14 current_mode:immediate:active[0] new_mode:forced:sniff[2]
09-03 16:47:48.638 I/bt_btm_pm( 1193): system/stack/acl/btm_pm.cc:573 btm_pm_snd_md_req: Switching from immediate:active[0x00] to immediate:sniff[0x02]
09-03 16:47:48.638 I/bt_btm_pm( 1193): system/stack/acl/btm_pm.cc:963 btm_sniff_wakelock: set sniff wakelock
09-03 16:47:48.643 E/BatteryStatsService(  601): Invalid uid for waking network packet: -1
09-03 16:47:48.654 I/bt_btm_pm( 1193): system/stack/acl/btm_pm.cc:720 btm_pm_proc_mode_change: Power mode switched from immediate:pending[5] to immediate:sniff[2]
09-03 16:47:48.689 I/bt_btm_pm( 1193): system/stack/acl/btm_pm.cc:958 btm_sniff_wakelock_timeout: btm sniff wakelock timeout
09-03 16:47:48.696 D/WatchFallML(17999): Activity=FALL_FORWARD, FallProb=0.5900, AccPeak=9.61, AccMin=9.40, AccRange=0.20, AccStd=0.04, GyroPeak=0.03, JerkPeak=5.1, Impact=false, TemporalScore=0, PostImpact=true, ActiveMotion=false, State=MONITORING, Latency=5ms
09-03 16:47:48.729 V/LocationManagerService(  601): passive provider registration 1000/android[SensorNotificationService]/55F1BC4A dropped delivery - too close
09-03 16:47:48.729 V/LocationManagerService(  601): passive provider registration 5010/com.samsung.android.watch.runestone.app/CF6603C7 dropped delivery - too fast (deltaMs=19016).
09-03 16:47:49.066 D/WatchFallML(17999): Activity=FALL_FORWARD, FallProb=0.6000, AccPeak=9.60, AccMin=9.43, AccRange=0.17, AccStd=0.04, GyroPeak=0.03, JerkPeak=7.8, Impact=false, TemporalScore=0, PostImpact=true, ActiveMotion=false, State=MONITORING, Latency=5ms
09-03 16:47:49.263 I/adbd    ( 1489): New TLS connection [fd=25]
09-03 16:47:49.266 I/adbd    ( 1489): host-25: write thread spawning
09-03 16:47:49.266 I/adbd    ( 1489): host-25: read thread spawning
09-03 16:47:49.266 I/adbd    ( 1489): host-25: read failed: Success
09-03 16:47:49.267 I/adbd    ( 1489): host-25: connection terminated: read failed
09-03 16:47:49.267 I/adbd    ( 1489): BlockingConnectionAdapter(host-25): stopping
09-03 16:47:49.268 I/adbd    ( 1489): BlockingConnectionAdapter(host-25): stopped
09-03 16:47:49.268 I/adbd    ( 1489): BlockingConnectionAdapter(host-25): destructing
09-03 16:47:49.268 I/adbd    ( 1489): BlockingConnectionAdapter(host-25): already stopped
09-03 16:47:49.425 D/WatchFallML(17999): Activity=FALL_FORWARD, FallProb=0.5500, AccPeak=9.63, AccMin=9.43, AccRange=0.21, AccStd=0.04, GyroPeak=0.03, JerkPeak=7.8, Impact=false, TemporalScore=0, PostImpact=true, ActiveMotion=false, State=MONITORING, Latency=5ms
09-03 16:47:49.520 E/BatteryStatsService(  601): Invalid uid for waking network packet: -1
09-03 16:47:49.523 E/BatteryStatsService(  601): Invalid uid for waking network packet: -1
09-03 16:47:49.524 E/BatteryStatsService(  601): Invalid uid for waking network packet: -1
09-03 16:47:49.525 E/BatteryStatsService(  601): Invalid uid for waking network packet: -1
09-03 16:47:49.525 E/BatteryStatsService(  601): Invalid uid for waking network packet: -1
09-03 16:47:49.527 E/BatteryStatsService(  601): Invalid uid for waking network packet: -1
09-03 16:47:49.528 E/BatteryStatsService(  601): Invalid uid for waking network packet: -1
09-03 16:47:49.668 D/ActivityManager(  601): freezing 15885 com.samsung.android.batterysavingsettings
09-03 16:47:49.779 D/WatchFallML(17999): Activity=FALL_FORWARD, FallProb=0.5500, AccPeak=9.63, AccMin=9.43, AccRange=0.20, AccStd=0.04, GyroPeak=0.03, JerkPeak=7.7, Impact=false, TemporalScore=0, PostImpact=true, ActiveMotion=false, State=MONITORING, Latency=16ms
09-03 16:47:50.146 D/WatchFallML(17999): Activity=FALL_FORWARD, FallProb=0.5500, AccPeak=9.58, AccMin=9.45, AccRange=0.13, AccStd=0.04, GyroPeak=0.03, JerkPeak=4.4, Impact=false, TemporalScore=0, PostImpact=true, ActiveMotion=false, State=MONITORING, Latency=17ms
09-03 16:47:50.314 D/WatchFallML(17999): Activity=FALL_FORWARD, FallProb=0.5600, AccPeak=9.58, AccMin=9.45, AccRange=0.13, AccStd=0.03, GyroPeak=0.03, JerkPeak=4.4, Impact=false, TemporalScore=0, PostImpact=true, ActiveMotion=false, State=MONITORING, Latency=13ms
09-03 16:47:50.526 E/BatteryStatsService(  601): Invalid uid for waking network packet: -1
09-03 16:47:50.527 E/BatteryStatsService(  601): Invalid uid for waking network packet: -1
09-03 16:47:50.527 E/BatteryStatsService(  601): Invalid uid for waking network packet: -1
09-03 16:47:50.592 I/bt_btm_pm( 1193): system/stack/acl/btm_pm.cc:720 btm_pm_proc_mode_change: Power mode switched from immediate:sniff[2] to immediate:active[0]
09-03 16:47:50.670 D/WatchFallML(17999): Activity=FALL_FORWARD, FallProb=0.6100, AccPeak=9.61, AccMin=9.45, AccRange=0.16, AccStd=0.04, GyroPeak=0.03, JerkPeak=4.9, Impact=false, TemporalScore=0, PostImpact=true, ActiveMotion=false, State=MONITORING, Latency=19ms
09-03 16:47:50.725 V/LocationManagerService(  601): passive provider registration 1000/android[SensorNotificationService]/55F1BC4A dropped delivery - too close
09-03 16:47:50.726 V/LocationManagerService(  601): passive provider registration 5010/com.samsung.android.watch.runestone.app/CF6603C7 dropped delivery - too fast (deltaMs=20005).
09-03 16:47:50.735 V/LocationManagerService(  601): passive provider registration 1000/android[SensorNotificationService]/55F1BC4A dropped delivery - too close
09-03 16:47:50.736 V/LocationManagerService(  601): passive provider registration 5010/com.samsung.android.watch.runestone.app/CF6603C7 dropped delivery - too fast (deltaMs=21004).
09-03 16:47:51.023 D/WatchFallML(17999): Activity=FALL_FORWARD, FallProb=0.6000, AccPeak=9.61, AccMin=9.45, AccRange=0.16, AccStd=0.04, GyroPeak=0.03, JerkPeak=5.5, Impact=false, TemporalScore=0, PostImpact=true, ActiveMotion=false, State=MONITORING, Latency=8ms
09-03 16:47:51.251 I/hwservicemanager(  287): getTransport: Cannot find entry android.hardware.memtrack@1.0::IMemtrack/default in either framework or device VINTF manifest.
09-03 16:47:51.259 I/hwservicemanager(  287): getTransport: Cannot find entry android.hardware.memtrack@1.0::IMemtrack/default in either framework or device VINTF manifest.
09-03 16:47:51.260 E/HidlServiceManagement(18880): Service android.hardware.memtrack@1.0::IMemtrack/default must be in VINTF manifest in order to register/get.
09-03 16:47:51.261 E/LegacySupport(18880): Could not register service android.hardware.memtrack@1.0::IMemtrack/default (-2147483648).
09-03 16:47:51.281 D/WifiHAL (  458): GetLinkStatCommand: zero radio case
09-03 16:47:51.282 E/IPCThreadState(  458): binder thread pool (1 threads) starved for 100 ms
09-03 16:47:51.354 D/WatchFallML(17999): Activity=FALL_FORWARD, FallProb=0.5700, AccPeak=9.58, AccMin=9.43, AccRange=0.15, AccStd=0.04, GyroPeak=0.03, JerkPeak=6.0, Impact=false, TemporalScore=0, PostImpact=true, ActiveMotion=false, State=MONITORING, Latency=4ms
09-03 16:47:51.694 D/WatchFallML(17999): Activity=FALL_FORWARD, FallProb=0.5600, AccPeak=9.62, AccMin=9.43, AccRange=0.19, AccStd=0.05, GyroPeak=0.03, JerkPeak=7.3, Impact=false, TemporalScore=0, PostImpact=true, ActiveMotion=false, State=MONITORING, Latency=13ms
09-03 16:47:51.696 I/bt_btm_pm( 1193): system/stack/acl/btm_pm.cc:280 BTM_SetPowerMode: Setting power mode for peer:xx:xx:xx:xx:71:14 current_mode:immediate:active[0] new_mode:forced:sniff[2]
09-03 16:47:51.696 I/bt_btm_pm( 1193): system/stack/acl/btm_pm.cc:573 btm_pm_snd_md_req: Switching from immediate:active[0x00] to immediate:sniff[0x02]
09-03 16:47:51.696 I/bt_btm_pm( 1193): system/stack/acl/btm_pm.cc:963 btm_sniff_wakelock: set sniff wakelock
09-03 16:47:51.747 I/bt_btm_pm( 1193): system/stack/acl/btm_pm.cc:958 btm_sniff_wakelock_timeout: btm sniff wakelock timeout
09-03 16:47:51.750 I/bt_btm_pm( 1193): system/stack/acl/btm_pm.cc:720 btm_pm_proc_mode_change: Power mode switched from immediate:pending[5] to immediate:sniff[2]
09-03 16:47:51.771 V/LocationManagerService(  601): passive provider registration 1000/android[SensorNotificationService]/55F1BC4A dropped delivery - too close
09-03 16:47:51.771 V/LocationManagerService(  601): passive provider registration 5010/com.samsung.android.watch.runestone.app/CF6603C7 dropped delivery - too fast (deltaMs=22006).
09-03 16:47:51.873 E/BatteryStatsService(  601): Invalid uid for waking network packet: -1
09-03 16:47:51.875 E/BatteryStatsService(  601): Invalid uid for waking network packet: -1
09-03 16:47:52.022 D/WatchFallML(17999): Activity=FALL_FORWARD, FallProb=0.5600, AccPeak=9.62, AccMin=9.40, AccRange=0.22, AccStd=0.05, GyroPeak=0.03, JerkPeak=7.3, Impact=false, TemporalScore=0, PostImpact=true, ActiveMotion=false, State=MONITORING, Latency=7ms
09-03 16:47:52.155 I/adbd    ( 1489): New TLS connection [fd=25]
09-03 16:47:52.156 I/adbd    ( 1489): host-25: read thread spawning
09-03 16:47:52.156 I/adbd    ( 1489): host-25: read failed: Success
09-03 16:47:52.156 I/adbd    ( 1489): host-25: connection terminated: read failed
09-03 16:47:52.157 I/adbd    ( 1489): BlockingConnectionAdapter(host-25): stopping
09-03 16:47:52.159 I/adbd    ( 1489): host-25: write thread spawning
09-03 16:47:52.159 I/adbd    ( 1489): BlockingConnectionAdapter(host-25): stopped
09-03 16:47:52.160 I/adbd    ( 1489): BlockingConnectionAdapter(host-25): destructing
09-03 16:47:52.160 I/adbd    ( 1489): BlockingConnectionAdapter(host-25): already stopped
09-03 16:47:52.366 D/WatchFallML(17999): Activity=FALL_FORWARD, FallProb=0.5800, AccPeak=9.62, AccMin=9.40, AccRange=0.22, AccStd=0.05, GyroPeak=0.03, JerkPeak=7.0, Impact=false, TemporalScore=0, PostImpact=true, ActiveMotion=false, State=MONITORING, Latency=3ms
09-03 16:47:52.713 D/WatchFallML(17999): Activity=FALL_FORWARD, FallProb=0.5600, AccPeak=9.62, AccMin=9.44, AccRange=0.18, AccStd=0.04, GyroPeak=0.03, JerkPeak=7.0, Impact=false, TemporalScore=0, PostImpact=true, ActiveMotion=false, State=MONITORING, Latency=4ms
09-03 16:47:52.994 E/BatteryStatsService(  601): Invalid uid for waking network packet: -1
09-03 16:47:52.996 E/BatteryStatsService(  601): Invalid uid for waking network packet: -1
09-03 16:47:52.997 E/BatteryStatsService(  601): Invalid uid for waking network packet: -1
09-03 16:47:52.998 E/BatteryStatsService(  601): Invalid uid for waking network packet: -1
09-03 16:47:52.999 E/BatteryStatsService(  601): Invalid uid for waking network packet: -1
09-03 16:47:52.999 E/BatteryStatsService(  601): Invalid uid for waking network packet: -1
09-03 16:47:53.000 E/BatteryStatsService(  601): Invalid uid for waking network packet: -1
09-03 16:47:53.001 E/BatteryStatsService(  601): Invalid uid for waking network packet: -1
09-03 16:47:53.063 D/WatchFallML(17999): Activity=FALL_FORWARD, FallProb=0.5600, AccPeak=9.58, AccMin=9.41, AccRange=0.17, AccStd=0.04, GyroPeak=0.03, JerkPeak=6.1, Impact=false, TemporalScore=0, PostImpact=true, ActiveMotion=false, State=MONITORING, Latency=14ms
09-03 16:47:53.154 I/wpa_supplicant( 1095): Heartbeat 1088
09-03 16:47:53.447 D/WatchFallML(17999): Activity=FALL_FORWARD, FallProb=0.5700, AccPeak=9.59, AccMin=9.41, AccRange=0.18, AccStd=0.04, GyroPeak=0.03, JerkPeak=6.7, Impact=false, TemporalScore=0, PostImpact=true, ActiveMotion=false, State=MONITORING, Latency=47ms
09-03 16:47:53.567 E/BatteryStatsService(  601): Invalid uid for waking network packet: -1
09-03 16:47:53.569 E/BatteryStatsService(  601): Invalid uid for waking network packet: -1
09-03 16:47:53.573 E/BatteryStatsService(  601): Invalid uid for waking network packet: -1
09-03 16:47:53.574 E/BatteryStatsService(  601): Invalid uid for waking network packet: -1
09-03 16:47:53.575 E/BatteryStatsService(  601): Invalid uid for waking network packet: -1
09-03 16:47:53.576 E/BatteryStatsService(  601): Invalid uid for waking network packet: -1
09-03 16:47:53.577 E/BatteryStatsService(  601): Invalid uid for waking network packet: -1
09-03 16:47:53.616 E/BatteryDump(  489): !@new_battery_dump : 4353,108,2000,168,89,400,0,Chg,Normal,Good,INBOX_WRL,90,Normal,0,0,9730,205,0,0x4f,0x8b,0x0f,0x5e,0x01,0x34,0x00,0x01,0,0,8679,4237,1,1,4839,4737,173,4342,0x11,0,2,0x130,0x80,0x56,143,0x3,0x0,0x0
09-03 16:47:53.627 D/[SS]BattFunctions(  601): [sendRemainingChargingTimeChangedIntent]remainingChargingTime:1719 ,mLastRemainingChargingTime:1725
09-03 16:47:53.627 D/BatteryService(  601): Sending ACTION_BATTERY_CHANGED: level:89, status:2, health:2, ac:false, usb:false, wireless:true, misc:0x0, charge_type:1, charger_type:0, voltage:4353, temperature:400, online:11, current_avg:123, hvc:false, capacity:280000, current_event:0x0, current_now:108, mcc:0, mcv:0, cc:321120, present:true, scale:100, technology:Li-ion
09-03 16:47:53.645 D/PowerUI ( 1181): onReceive() Received Action =  com.samsung.server.BatteryService.action.SEC_BATTERY_REMAINING_CHARGING_TIME_CHANGED
09-03 16:47:53.645 D/PowerUI ( 1181): onReceive() Unsupported Action 
09-03 16:47:53.646 D/PowerUI ( 1181): onReceive() Received Action =  android.intent.action.BATTERY_CHANGED
09-03 16:47:53.646 D/PowerUI ( 1181): plugged=true
09-03 16:47:53.646 I/PowerUI ( 1181): ACTION_BATTERY_CHANGED : mPlugType=4 mBatteryStatus=2
09-03 16:47:53.646 I/PowerUI ( 1181): oldMisalign : false, curMisalign : false
09-03 16:47:53.647 D/SYSTEM_UI( 1181): BatteryIndicatorPresenter$3.onReceive(19): onReceive() Received Action =  android.intent.action.BATTERY_CHANGED
09-03 16:47:53.648 D/SYSTEM_UI( 1181): BatteryIndicatorPresenter$3.onReceive(103): level          89 --> 89
09-03 16:47:53.648 D/SYSTEM_UI( 1181): BatteryIndicatorPresenter$3.onReceive(130): status         2 --> 2
09-03 16:47:53.649 I/PowerUI ( 1181): maybeShowBatteryWarningV2 plugged=true bucket=1
09-03 16:47:53.649 I/PowerUI.NotificationHelper( 1181): cancelNotification  notificationID = 9009
09-03 16:47:53.655 D/AdaptiveBrightnessLongtermModelBuilder(  601): Received android.intent.action.BATTERY_CHANGED
09-03 16:47:53.660 I/NfcWirelessCharge( 1164): chargeMode: 4, isWirelessCharging: true
09-03 16:47:53.713 D/WatchFallML(17999): Activity=FALL_FORWARD, FallProb=0.5600, AccPeak=9.59, AccMin=9.36, AccRange=0.22, AccStd=0.04, GyroPeak=0.03, JerkPeak=6.7, Impact=false, TemporalScore=0, PostImpact=true, ActiveMotion=false, State=MONITORING, Latency=6ms
09-03 16:47:54.061 D/WatchFallML(17999): Activity=FALL_FORWARD, FallProb=0.5500, AccPeak=9.57, AccMin=9.36, AccRange=0.20, AccStd=0.04, GyroPeak=0.03, JerkPeak=5.2, Impact=false, TemporalScore=0, PostImpact=true, ActiveMotion=false, State=MONITORING, Latency=3ms
09-03 16:47:54.083 I/bt_btm_pm( 1193): system/stack/acl/btm_pm.cc:720 btm_pm_proc_mode_change: Power mode switched from immediate:sniff[2] to immediate:active[0]
09-03 16:47:54.141 I/Watchface( 1109): [ModelBattery] action:android.intent.action.BATTERY_CHANGED
09-03 16:47:54.141 I/Watchface( 1109): [ModelBattery] scale[100] level[89] status[2] isCharging[true] batteryLow[false]
09-03 16:47:54.142 I/Watchface( 1109): [ModelBattery] putAll to pendingUpdatedValues!! size:2
09-03 16:47:54.238 V/LocationManagerService(  601): passive provider registration 1000/android[SensorNotificationService]/55F1BC4A dropped delivery - too close
09-03 16:47:54.238 V/LocationManagerService(  601): passive provider registration 5010/com.samsung.android.watch.runestone.app/CF6603C7 dropped delivery - too fast (deltaMs=23002).
09-03 16:47:54.246 V/LocationManagerService(  601): passive provider registration 1000/android[SensorNotificationService]/55F1BC4A dropped delivery - too close
09-03 16:47:54.246 V/LocationManagerService(  601): passive provider registration 5010/com.samsung.android.watch.runestone.app/CF6603C7 dropped delivery - too fast (deltaMs=24011).
09-03 16:47:54.401 D/WatchFallML(17999): Activity=FALL_FORWARD, FallProb=0.5600, AccPeak=9.56, AccMin=9.45, AccRange=0.11, AccStd=0.03, GyroPeak=0.03, JerkPeak=5.4, Impact=false, TemporalScore=0, PostImpact=true, ActiveMotion=false, State=MONITORING, Latency=20ms
09-03 16:47:54.431 D/WifiHAL (  458): GetLinkStatCommand: zero radio case
09-03 16:47:54.434 E/IPCThreadState(  458): binder thread pool (1 threads) starved for 124 ms
09-03 16:47:54.728 D/WatchFallML(17999): Activity=FALL_FORWARD, FallProb=0.6100, AccPeak=9.61, AccMin=9.45, AccRange=0.16, AccStd=0.04, GyroPeak=0.03, JerkPeak=7.9, Impact=false, TemporalScore=0, PostImpact=true, ActiveMotion=false, State=MONITORING, Latency=3ms
09-03 16:47:54.737 W/display (  451): Winconfig time (17 ms)
09-03 16:47:54.750 E/BatteryStatsService(  601): Invalid uid for waking network packet: -1
09-03 16:47:54.750 E/BatteryStatsService(  601): Invalid uid for waking network packet: -1
09-03 16:47:54.751 E/BatteryStatsService(  601): Invalid uid for waking network packet: -1
09-03 16:47:54.751 E/BatteryStatsService(  601): Invalid uid for waking network packet: -1
09-03 16:47:54.752 E/BatteryStatsService(  601): Invalid uid for waking network packet: -1
09-03 16:47:54.827 D/io_stats(  319): !@ 179,0 r 458260 10114512 w 43233 418060 d 8289 623412 f 3241 4351 iot 665332 0 th 0 0 0 pt 0 inp 0 0 11100.111
09-03 16:47:54.901 V/LocationManagerService(  601): passive provider registration 1000/android[SensorNotificationService]/55F1BC4A dropped delivery - too close
09-03 16:47:54.901 V/LocationManagerService(  601): passive provider registration 5010/com.samsung.android.watch.runestone.app/CF6603C7 dropped delivery - too fast (deltaMs=24989).
09-03 16:47:55.059 D/WatchFallML(17999): Activity=FALL_FORWARD, FallProb=0.6100, AccPeak=9.61, AccMin=9.42, AccRange=0.19, AccStd=0.04, GyroPeak=0.03, JerkPeak=7.9, Impact=false, TemporalScore=0, PostImpact=true, ActiveMotion=false, State=MONITORING, Latency=3ms
09-03 16:47:55.410 D/WatchFallML(17999): Activity=FALL_FORWARD, FallProb=0.5800, AccPeak=9.59, AccMin=9.42, AccRange=0.17, AccStd=0.04, GyroPeak=0.03, JerkPeak=6.1, Impact=false, TemporalScore=0, PostImpact=true, ActiveMotion=false, State=MONITORING, Latency=3ms
09-03 16:47:55.629 I/ilesensorlogger(17999): Background concurrent mark compact GC freed 6056KB AllocSpace bytes, 0(0B) LOS objects, 21% free, 21MB/27MB, paused 1.811ms,10.698ms total 207.720ms
09-03 16:47:55.691 W/DMASA[C]( 1740): [DiagMonAgentApplication]onTrimMemory (40)
09-03 16:47:55.741 V/LocationManagerService(  601): passive provider registration 1000/android[SensorNotificationService]/55F1BC4A dropped delivery - too close
09-03 16:47:55.742 V/LocationManagerService(  601): passive provider registration 5010/com.samsung.android.watch.runestone.app/CF6603C7 dropped delivery - too fast (deltaMs=25993).
09-03 16:47:55.779 D/WatchFallML(17999): Activity=FALL_FORWARD, FallProb=0.5600, AccPeak=9.62, AccMin=9.42, AccRange=0.20, AccStd=0.05, GyroPeak=0.03, JerkPeak=8.0, Impact=false, TemporalScore=0, PostImpact=true, ActiveMotion=false, State=MONITORING, Latency=3ms
09-03 16:47:56.095 D/WatchFallML(17999): Activity=FALL_FORWARD, FallProb=0.5500, AccPeak=9.62, AccMin=9.42, AccRange=0.20, AccStd=0.05, GyroPeak=0.03, JerkPeak=8.0, Impact=false, TemporalScore=0, PostImpact=true, ActiveMotion=false, State=MONITORING, Latency=3ms
09-03 16:47:56.168 E/BatteryStatsService(  601): Invalid uid for waking network packet: -1
09-03 16:47:56.170 E/BatteryStatsService(  601): Invalid uid for waking network packet: -1
09-03 16:47:56.171 E/BatteryStatsService(  601): Invalid uid for waking network packet: -1
09-03 16:47:56.172 E/BatteryStatsService(  601): Invalid uid for waking network packet: -1
09-03 16:47:56.173 E/BatteryStatsService(  601): Invalid uid for waking network packet: -1
09-03 16:47:56.233 I/hwservicemanager(  287): getTransport: Cannot find entry android.hardware.memtrack@1.0::IMemtrack/default in either framework or device VINTF manifest.
09-03 16:47:56.249 I/hwservicemanager(  287): getTransport: Cannot find entry android.hardware.memtrack@1.0::IMemtrack/default in either framework or device VINTF manifest.
09-03 16:47:56.250 E/HidlServiceManagement(18883): Service android.hardware.memtrack@1.0::IMemtrack/default must be in VINTF manifest in order to register/get.
09-03 16:47:56.251 E/LegacySupport(18883): Could not register service android.hardware.memtrack@1.0::IMemtrack/default (-2147483648).
09-03 16:47:56.478 D/WatchFallML(17999): Activity=FALL_FORWARD, FallProb=0.5500, AccPeak=9.62, AccMin=9.42, AccRange=0.20, AccStd=0.05, GyroPeak=0.03, JerkPeak=8.7, Impact=false, TemporalScore=0, PostImpact=true, ActiveMotion=false, State=MONITORING, Latency=3ms
09-03 16:47:56.651 V/LocationManagerService(  601): passive provider registration 1000/android[SensorNotificationService]/55F1BC4A dropped delivery - too close
09-03 16:47:56.651 V/LocationManagerService(  601): passive provider registration 5010/com.samsung.android.watch.runestone.app/CF6603C7 dropped delivery - too fast (deltaMs=26995).
09-03 16:47:56.766 D/WatchFallML(17999): Activity=FALL_FORWARD, FallProb=0.5600, AccPeak=9.62, AccMin=9.42, AccRange=0.20, AccStd=0.05, GyroPeak=0.03, JerkPeak=8.7, Impact=false, TemporalScore=0, PostImpact=true, ActiveMotion=false, State=MONITORING, Latency=7ms
09-03 16:47:56.828 D/io_stats(  319): !@ Write_top(KB): vendor.samsung.(489) 8
09-03 16:47:57.071 D/WatchFallML(17999): Activity=FALL_FORWARD, FallProb=0.5600, AccPeak=9.57, AccMin=9.43, AccRange=0.14, AccStd=0.04, GyroPeak=0.03, JerkPeak=6.6, Impact=false, TemporalScore=0, PostImpact=true, ActiveMotion=false, State=MONITORING, Latency=2ms
09-03 16:47:57.103 W/display (  451): Winconfig time (19 ms)
09-03 16:47:57.277 E/BatteryStatsService(  601): Invalid uid for waking network packet: -1
09-03 16:47:57.278 E/BatteryStatsService(  601): Invalid uid for waking network packet: -1
09-03 16:47:57.278 E/BatteryStatsService(  601): Invalid uid for waking network packet: -1
09-03 16:47:57.279 E/BatteryStatsService(  601): Invalid uid for waking network packet: -1
09-03 16:47:57.379 D/WatchFallML(17999): Activity=FALL_FORWARD, FallProb=0.5500, AccPeak=9.66, AccMin=9.44, AccRange=0.22, AccStd=0.05, GyroPeak=0.03, JerkPeak=6.8, Impact=false, TemporalScore=0, PostImpact=true, ActiveMotion=false, State=MONITORING, Latency=3ms
09-03 16:47:57.499 D/WifiHAL (  458): GetLinkStatCommand: zero radio case
09-03 16:47:57.640 V/LocationManagerService(  601): passive provider registration 1000/android[SensorNotificationService]/55F1BC4A dropped delivery - too close
09-03 16:47:57.640 V/LocationManagerService(  601): passive provider registration 5010/com.samsung.android.watch.runestone.app/CF6603C7 dropped delivery - too fast (deltaMs=28001).
09-03 16:47:57.677 D/WatchFallML(17999): Activity=FALL_FORWARD, FallProb=0.5500, AccPeak=9.66, AccMin=9.45, AccRange=0.20, AccStd=0.04, GyroPeak=0.03, JerkPeak=6.8, Impact=false, TemporalScore=0, PostImpact=true, ActiveMotion=false, State=MONITORING, Latency=11ms
09-03 16:47:57.829 W/display (  451): Winconfig time (13 ms)
09-03 16:47:58.121 D/WatchFallML(17999): Activity=FALL_FORWARD, FallProb=0.5500, AccPeak=9.58, AccMin=9.41, AccRange=0.17, AccStd=0.03, GyroPeak=0.03, JerkPeak=6.1, Impact=false, TemporalScore=0, PostImpact=true, ActiveMotion=false, State=MONITORING, Latency=8ms
09-03 16:47:58.433 D/WatchFallML(17999): Activity=FALL_FORWARD, FallProb=0.5600, AccPeak=9.58, AccMin=9.41, AccRange=0.17, AccStd=0.04, GyroPeak=0.03, JerkPeak=6.1, Impact=false, TemporalScore=0, PostImpact=true, ActiveMotion=false, State=MONITORING, Latency=2ms
09-03 16:47:58.493 E/BatteryStatsService(  601): Invalid uid for waking network packet: -1
09-03 16:47:58.495 E/BatteryStatsService(  601): Invalid uid for waking network packet: -1
09-03 16:47:58.496 E/BatteryStatsService(  601): Invalid uid for waking network packet: -1
09-03 16:47:58.497 E/BatteryStatsService(  601): Invalid uid for waking network packet: -1
09-03 16:47:58.549 E/SSRM:DHMS_BASEFRAMEWORK(  601): e = /sys/class/sec/sec-cp-thermistor/temperature: open failed: ENOENT (No such file or directory)
09-03 16:47:58.557 I/SSRM:Temperature(  601): SIOP:: AP : 428 CP : -999 BLK : 434 BAT : 400
09-03 16:47:58.620 I/bt_btm_pm( 1193): system/stack/acl/btm_pm.cc:280 BTM_SetPowerMode: Setting power mode for peer:xx:xx:xx:xx:71:14 current_mode:immediate:active[0] new_mode:forced:sniff[2]
09-03 16:47:58.621 I/bt_btm_pm( 1193): system/stack/acl/btm_pm.cc:573 btm_pm_snd_md_req: Switching from immediate:active[0x00] to immediate:sniff[0x02]
09-03 16:47:58.621 I/bt_btm_pm( 1193): system/stack/acl/btm_pm.cc:963 btm_sniff_wakelock: set sniff wakelock
09-03 16:47:58.671 I/bt_btm_pm( 1193): system/stack/acl/btm_pm.cc:958 btm_sniff_wakelock_timeout: btm sniff wakelock timeout
09-03 16:47:58.682 I/bt_btm_pm( 1193): system/stack/acl/btm_pm.cc:720 btm_pm_proc_mode_change: Power mode switched from immediate:pending[5] to immediate:sniff[2]
09-03 16:47:58.722 V/LocationManagerService(  601): passive provider registration 1000/android[SensorNotificationService]/55F1BC4A dropped delivery - too close
09-03 16:47:58.722 V/LocationManagerService(  601): passive provider registration 5010/com.samsung.android.watch.runestone.app/CF6603C7 dropped delivery - too fast (deltaMs=29001).
09-03 16:47:58.731 D/WatchFallML(17999): Activity=FALL_FORWARD, FallProb=0.5800, AccPeak=9.60, AccMin=9.45, AccRange=0.15, AccStd=0.04, GyroPeak=0.03, JerkPeak=5.4, Impact=false, TemporalScore=0, PostImpact=true, ActiveMotion=false, State=MONITORING, Latency=2ms
09-03 16:47:58.830 D/io_stats(  319): !@ 179,0 r 458262 10114612 w 43233 418060 d 8289 623412 f 3241 4351 iot 665336 0 th 0 0 0 pt 0 inp 0 0 11104.113
09-03 16:47:59.002 D/WatchFallML(17999): Activity=FALL_FORWARD, FallProb=0.6100, AccPeak=9.60, AccMin=9.43, AccRange=0.17, AccStd=0.04, GyroPeak=0.03, JerkPeak=8.4, Impact=false, TemporalScore=0, PostImpact=true, ActiveMotion=false, State=MONITORING, Latency=8ms
09-03 16:47:59.074 I/bt_btm_pm( 1193): system/stack/acl/btm_pm.cc:720 btm_pm_proc_mode_change: Power mode switched from immediate:sniff[2] to immediate:active[0]
09-03 16:47:59.437 D/WatchFallML(17999): Activity=FALL_FORWARD, FallProb=0.5600, AccPeak=9.60, AccMin=9.42, AccRange=0.17, AccStd=0.04, GyroPeak=0.03, JerkPeak=8.4, Impact=false, TemporalScore=0, PostImpact=true, ActiveMotion=false, State=MONITORING, Latency=2ms
09-03 16:47:59.463 I/adbd    ( 1489): New TLS connection [fd=25]
09-03 16:47:59.465 I/adbd    ( 1489): host-25: read thread spawning
09-03 16:47:59.465 I/adbd    ( 1489): host-25: read failed: Success
09-03 16:47:59.465 I/adbd    ( 1489): host-25: connection terminated: read failed
09-03 16:47:59.465 I/adbd    ( 1489): BlockingConnectionAdapter(host-25): stopping
09-03 16:47:59.468 I/adbd    ( 1489): host-25: write thread spawning
09-03 16:47:59.469 I/adbd    ( 1489): BlockingConnectionAdapter(host-25): stopped
09-03 16:47:59.469 I/adbd    ( 1489): BlockingConnectionAdapter(host-25): destructing
09-03 16:47:59.469 I/adbd    ( 1489): BlockingConnectionAdapter(host-25): already stopped
09-03 16:47:59.680 E/BatteryStatsService(  601): Invalid uid for waking network packet: -1
09-03 16:47:59.681 E/BatteryStatsService(  601): Invalid uid for waking network packet: -1
09-03 16:47:59.684 V/LocationManagerService(  601): passive provider registration 1000/android[SensorNotificationService]/55F1BC4A dropped delivery - too close
09-03 16:47:59.725 D/WatchFallML(17999): Activity=FALL_FORWARD, FallProb=0.5800, AccPeak=9.64, AccMin=9.42, AccRange=0.22, AccStd=0.05, GyroPeak=0.03, JerkPeak=8.2, Impact=false, TemporalScore=0, PostImpact=true, ActiveMotion=false, State=MONITORING, Latency=2ms
09-03 16:48:00.026 D/WatchFallML(17999): Activity=FALL_FORWARD, FallProb=0.5800, AccPeak=9.64, AccMin=9.40, AccRange=0.24, AccStd=0.04, GyroPeak=0.03, JerkPeak=8.2, Impact=false, TemporalScore=0, PostImpact=true, ActiveMotion=false, State=MONITORING, Latency=3ms
09-03 16:48:00.323 D/WatchFallML(17999): Activity=FALL_FORWARD, FallProb=0.5800, AccPeak=9.57, AccMin=9.40, AccRange=0.17, AccStd=0.04, GyroPeak=0.03, JerkPeak=7.9, Impact=false, TemporalScore=0, PostImpact=true, ActiveMotion=false, State=MONITORING, Latency=2ms
09-03 16:48:00.643 D/WifiHAL (  458): GetLinkStatCommand: zero radio case
09-03 16:48:00.662 I/bt_btm_pm( 1193): system/stack/acl/btm_pm.cc:280 BTM_SetPowerMode: Setting power mode for peer:xx:xx:xx:xx:71:14 current_mode:immediate:active[0] new_mode:forced:sniff[2]
09-03 16:48:00.662 I/bt_btm_pm( 1193): system/stack/acl/btm_pm.cc:573 btm_pm_snd_md_req: Switching from immediate:active[0x00] to immediate:sniff[0x02]
09-03 16:48:00.663 I/bt_btm_pm( 1193): system/stack/acl/btm_pm.cc:963 btm_sniff_wakelock: set sniff wakelock
09-03 16:48:00.702 I/bt_btm_pm( 1193): system/stack/acl/btm_pm.cc:720 btm_pm_proc_mode_change: Power mode switched from immediate:pending[5] to immediate:sniff[2]
09-03 16:48:00.713 I/bt_btm_pm( 1193): system/stack/acl/btm_pm.cc:958 btm_sniff_wakelock_timeout: btm sniff wakelock timeout
09-03 16:48:00.759 D/WatchFallML(17999): Activity=FALL_FORWARD, FallProb=0.5800, AccPeak=9.59, AccMin=9.41, AccRange=0.17, AccStd=0.05, GyroPeak=0.03, JerkPeak=7.9, Impact=false, TemporalScore=0, PostImpact=true, ActiveMotion=false, State=MONITORING, Latency=2ms
09-03 16:48:00.798 E/BatteryStatsService(  601): Invalid uid for waking network packet: -1
09-03 16:48:00.798 E/BatteryStatsService(  601): Invalid uid for waking network packet: -1
09-03 16:48:00.799 E/BatteryStatsService(  601): Invalid uid for waking network packet: -1
09-03 16:48:00.822 V/LocationManagerService(  601): passive provider registration 1000/android[SensorNotificationService]/55F1BC4A dropped delivery - too close
09-03 16:48:00.822 V/LocationManagerService(  601): passive provider registration 5010/com.samsung.android.watch.runestone.app/CF6603C7 dropped delivery - too fast (deltaMs=1005).
09-03 16:48:00.831 D/io_stats(  319): !@ Read_top(KB): kworker/u4:1(18521) 100
09-03 16:48:01.041 D/WatchFallML(17999): Activity=FALL_FORWARD, FallProb=0.5800, AccPeak=9.59, AccMin=9.41, AccRange=0.17, AccStd=0.04, GyroPeak=0.03, JerkPeak=3.7, Impact=false, TemporalScore=0, PostImpact=true, ActiveMotion=false, State=MONITORING, Latency=2ms
09-03 16:48:01.255 I/hwservicemanager(  287): getTransport: Cannot find entry android.hardware.memtrack@1.0::IMemtrack/default in either framework or device VINTF manifest.
09-03 16:48:01.264 I/hwservicemanager(  287): getTransport: Cannot find entry android.hardware.memtrack@1.0::IMemtrack/default in either framework or device VINTF manifest.
09-03 16:48:01.265 E/HidlServiceManagement(18887): Service android.hardware.memtrack@1.0::IMemtrack/default must be in VINTF manifest in order to register/get.
09-03 16:48:01.266 E/LegacySupport(18887): Could not register service android.hardware.memtrack@1.0::IMemtrack/default (-2147483648).
09-03 16:48:01.457 D/WatchFallML(17999): Activity=FALL_FORWARD, FallProb=0.6100, AccPeak=9.58, AccMin=9.44, AccRange=0.14, AccStd=0.03, GyroPeak=0.03, JerkPeak=5.6, Impact=false, TemporalScore=0, PostImpact=true, ActiveMotion=false, State=MONITORING, Latency=2ms
09-03 16:48:01.740 D/WatchFallML(17999): Activity=FALL_FORWARD, FallProb=0.5800, AccPeak=9.60, AccMin=9.42, AccRange=0.18, AccStd=0.05, GyroPeak=0.03, JerkPeak=8.6, Impact=false, TemporalScore=0, PostImpact=true, ActiveMotion=false, State=MONITORING, Latency=2ms
09-03 16:48:02.032 D/WatchFallML(17999): Activity=FALL_FORWARD, FallProb=0.5600, AccPeak=9.60, AccMin=9.42, AccRange=0.18, AccStd=0.05, GyroPeak=0.03, JerkPeak=8.6, Impact=false, TemporalScore=0, PostImpact=true, ActiveMotion=false, State=MONITORING, Latency=18ms
09-03 16:48:02.447 D/WatchFallML(17999): Activity=FALL_FORWARD, FallProb=0.5600, AccPeak=9.60, AccMin=9.46, AccRange=0.15, AccStd=0.04, GyroPeak=0.03, JerkPeak=5.3, Impact=false, TemporalScore=0, PostImpact=true, ActiveMotion=false, State=MONITORING, Latency=8ms
09-03 16:48:02.563 I/bt_btm_pm( 1193): system/stack/acl/btm_pm.cc:720 btm_pm_proc_mode_change: Power mode switched from immediate:sniff[2] to immediate:active[0]
09-03 16:48:02.618 V/LocationManagerService(  601): passive provider registration 1000/android[SensorNotificationService]/55F1BC4A dropped delivery - too close
09-03 16:48:02.619 V/LocationManagerService(  601): passive provider registration 5010/com.samsung.android.watch.runestone.app/CF6603C7 dropped delivery - too fast (deltaMs=2001).
09-03 16:48:02.651 V/LocationManagerService(  601): passive provider registration 1000/android[SensorNotificationService]/55F1BC4A dropped delivery - too close
09-03 16:48:02.651 V/LocationManagerService(  601): passive provider registration 5010/com.samsung.android.watch.runestone.app/CF6603C7 dropped delivery - too fast (deltaMs=3010).
09-03 16:48:02.730 D/WatchFallML(17999): Activity=FALL_FORWARD, FallProb=0.5600, AccPeak=9.59, AccMin=9.42, AccRange=0.18, AccStd=0.04, GyroPeak=0.03, JerkPeak=5.3, Impact=false, TemporalScore=0, PostImpact=true, ActiveMotion=false, State=MONITORING, Latency=2ms
09-03 16:48:03.002 D/WatchFallML(17999): Activity=FALL_FORWARD, FallProb=0.5800, AccPeak=9.60, AccMin=9.42, AccRange=0.18, AccStd=0.04, GyroPeak=0.03, JerkPeak=5.0, Impact=false, TemporalScore=0, PostImpact=true, ActiveMotion=false, State=MONITORING, Latency=3ms
09-03 16:48:03.157 I/wpa_supplicant( 1095): Heartbeat 1089
09-03 16:48:03.283 E/Watchdog(  601): !@Sync: 370 heap: 53 / 60 FD: 776 [2026-09-03 16:48:03.282]
09-03 16:48:03.435 D/WatchFallML(17999): Activity=FALL_FORWARD, FallProb=0.5800, AccPeak=9.62, AccMin=9.42, AccRange=0.20, AccStd=0.04, GyroPeak=0.03, JerkPeak=7.3, Impact=false, TemporalScore=0, PostImpact=true, ActiveMotion=false, State=MONITORING, Latency=3ms
09-03 16:48:03.634 I/bt_btm_pm( 1193): system/stack/acl/btm_pm.cc:280 BTM_SetPowerMode: Setting power mode for peer:xx:xx:xx:xx:71:14 current_mode:immediate:active[0] new_mode:forced:sniff[2]
09-03 16:48:03.635 I/bt_btm_pm( 1193): system/stack/acl/btm_pm.cc:573 btm_pm_snd_md_req: Switching from immediate:active[0x00] to immediate:sniff[0x02]
09-03 16:48:03.635 I/bt_btm_pm( 1193): system/stack/acl/btm_pm.cc:963 btm_sniff_wakelock: set sniff wakelock
09-03 16:48:03.685 I/bt_btm_pm( 1193): system/stack/acl/btm_pm.cc:958 btm_sniff_wakelock_timeout: btm sniff wakelock timeout
09-03 16:48:03.701 I/bt_btm_pm( 1193): system/stack/acl/btm_pm.cc:720 btm_pm_proc_mode_change: Power mode switched from immediate:pending[5] to immediate:sniff[2]
09-03 16:48:03.741 D/WifiHAL (  458): GetLinkStatCommand: zero radio case
09-03 16:48:03.780 D/SYSTEM_UI( 1181): QuickpanelView$$ExternalSyntheticOutline0.m(13): wifi rssi : -64
09-03 16:48:03.785 D/SYSTEM_UI( 1181): WifiConnection$2.onReceive(42): wifi rssi level : 3
09-03 16:48:03.786 D/SYSTEM_UI( 1181): QuickpanelView$$ExternalSyntheticOutline0.m(13): updateMainIcon mMainIconResId= 2131233882
09-03 16:48:03.793 D/WatchFallML(17999): Activity=FALL_FORWARD, FallProb=0.5600, AccPeak=9.62, AccMin=9.45, AccRange=0.17, AccStd=0.04, GyroPeak=0.03, JerkPeak=7.3, Impact=false, TemporalScore=0, PostImpact=true, ActiveMotion=false, State=MONITORING, Latency=2ms
09-03 16:48:03.837 E/BatteryDump(  489): !@new_battery_dump : 4318,69,2000,168,89,403,0,Chg,Normal,Good,INBOX_WRL,90,Normal,0,0,9709,205,0,0x31,0x8a,0x0f,0x5e,0x01,0x34,0x00,0x01,0,0,8686,4238,1,1,4839,4737,173,4306,0x11,0,2,0x130,0x80,0x56,143,0x3,0x0,0x0
09-03 16:48:03.856 D/[SS]BattFunctions(  601): [sendRemainingChargingTimeChangedIntent]remainingChargingTime:1714 ,mLastRemainingChargingTime:1719
09-03 16:48:03.856 D/BatteryService(  601): Sending ACTION_BATTERY_CHANGED: level:89, status:2, health:2, ac:false, usb:false, wireless:true, misc:0x0, charge_type:1, charger_type:0, voltage:4318, temperature:403, online:11, current_avg:108, hvc:false, capacity:280000, current_event:0x0, current_now:69, mcc:0, mcv:0, cc:321480, present:true, scale:100, technology:Li-ion
09-03 16:48:03.868 W/display (  451): Winconfig time (27 ms)
09-03 16:48:03.872 E/BatteryStatsService(  601): Invalid uid for waking network packet: -1
09-03 16:48:03.873 E/BatteryStatsService(  601): Invalid uid for waking network packet: -1
09-03 16:48:03.874 E/BatteryStatsService(  601): Invalid uid for waking network packet: -1
09-03 16:48:03.875 E/BatteryStatsService(  601): Invalid uid for waking network packet: -1
09-03 16:48:03.927 V/LocationManagerService(  601): passive provider registration 1000/android[SensorNotificationService]/55F1BC4A dropped delivery - too close
09-03 16:48:03.927 V/LocationManagerService(  601): passive provider registration 5010/com.samsung.android.watch.runestone.app/CF6603C7 dropped delivery - too fast (deltaMs=3994).
09-03 16:48:03.939 D/PowerUI ( 1181): onReceive() Received Action =  com.samsung.server.BatteryService.action.SEC_BATTERY_REMAINING_CHARGING_TIME_CHANGED
09-03 16:48:03.939 D/PowerUI ( 1181): onReceive() Unsupported Action 
09-03 16:48:03.939 D/PowerUI ( 1181): onReceive() Received Action =  android.intent.action.BATTERY_CHANGED
09-03 16:48:03.939 D/PowerUI ( 1181): plugged=true
09-03 16:48:03.939 I/PowerUI ( 1181): ACTION_BATTERY_CHANGED : mPlugType=4 mBatteryStatus=2
09-03 16:48:03.939 I/PowerUI ( 1181): oldMisalign : false, curMisalign : false
09-03 16:48:03.939 I/PowerUI ( 1181): maybeShowBatteryWarningV2 plugged=true bucket=1
09-03 16:48:03.939 I/PowerUI.NotificationHelper( 1181): cancelNotification  notificationID = 9009
09-03 16:48:03.944 D/SYSTEM_UI( 1181): BatteryIndicatorPresenter$3.onReceive(19): onReceive() Received Action =  android.intent.action.BATTERY_CHANGED
09-03 16:48:03.944 D/SYSTEM_UI( 1181): BatteryIndicatorPresenter$3.onReceive(103): level          89 --> 89
09-03 16:48:03.944 D/SYSTEM_UI( 1181): BatteryIndicatorPresenter$3.onReceive(130): status         2 --> 2
09-03 16:48:04.009 D/AdaptiveBrightnessLongtermModelBuilder(  601): Received android.intent.action.BATTERY_CHANGED
09-03 16:48:04.030 I/NfcWirelessCharge( 1164): chargeMode: 4, isWirelessCharging: true
09-03 16:48:04.110 D/WatchFallML(17999): Activity=FALL_FORWARD, FallProb=0.5600, AccPeak=9.64, AccMin=9.42, AccRange=0.22, AccStd=0.04, GyroPeak=0.03, JerkPeak=10.8, Impact=false, TemporalScore=0, PostImpact=true, ActiveMotion=false, State=MONITORING, Latency=5ms
09-03 16:48:04.287 I/arable.systemui( 1181): Background concurrent mark compact GC freed 4584KB AllocSpace bytes, 28(1456KB) LOS objects, 44% free, 7662KB/13MB, paused 1.497ms,7.109ms total 387.826ms
09-03 16:48:04.287 W/arable.systemui( 1181): Reducing the number of considered missed Gc histogram windows from 114 to 100
09-03 16:48:04.302 I/SurfaceFlinger(  514): id=344 Removed Task=340#344 (95)
09-03 16:48:04.302 I/SurfaceFlinger(  514): id=457 Removed Task=343#457 (95)
09-03 16:48:04.306 I/Layer   (  514): id=344 Destroyed Task=340#344
09-03 16:48:04.306 I/Layer   (  514): id=457 Destroyed Task=343#457
09-03 16:48:04.387 D/WatchFallML(17999): Activity=FALL_FORWARD, FallProb=0.5700, AccPeak=9.64, AccMin=9.41, AccRange=0.23, AccStd=0.05, GyroPeak=0.03, JerkPeak=10.8, Impact=false, TemporalScore=0, PostImpact=true, ActiveMotion=false, State=MONITORING, Latency=3ms
09-03 16:48:04.453 I/Watchface( 1109): [ModelBattery] action:android.intent.action.BATTERY_CHANGED
09-03 16:48:04.453 I/Watchface( 1109): [ModelBattery] scale[100] level[89] status[2] isCharging[true] batteryLow[false]
09-03 16:48:04.453 I/Watchface( 1109): [ModelBattery] putAll to pendingUpdatedValues!! size:2
09-03 16:48:04.796 D/WatchFallML(17999): Activity=FALL_FORWARD, FallProb=0.5600, AccPeak=9.63, AccMin=9.41, AccRange=0.22, AccStd=0.05, GyroPeak=0.03, JerkPeak=8.4, Impact=false, TemporalScore=0, PostImpact=true, ActiveMotion=false, State=MONITORING, Latency=2ms
09-03 16:48:04.833 D/io_stats(  319): !@ 179,0 r 458267 10114768 w 43235 418068 d 8289 623412 f 3241 4351 iot 665360 0 th 0 0 0 pt 0 inp 0 0 11110.117
09-03 16:48:04.834 D/io_stats(  319): !@ Read_top(KB): arable.systemui(1181) 156
09-03 16:48:04.834 D/io_stats(  319): !@ Write_top(KB): vendor.samsung.(489) 8
09-03 16:48:04.958 E/BatteryStatsService(  601): Invalid uid for waking network packet: -1
09-03 16:48:04.959 E/BatteryStatsService(  601): Invalid uid for waking network packet: -1
09-03 16:48:04.960 E/BatteryStatsService(  601): Invalid uid for waking network packet: -1
09-03 16:48:04.963 E/BatteryStatsService(  601): Invalid uid for waking network packet: -1
09-03 16:48:04.965 E/BatteryStatsService(  601): Invalid uid for waking network packet: -1
09-03 16:48:04.966 E/BatteryStatsService(  601): Invalid uid for waking network packet: -1
09-03 16:48:05.083 D/WatchFallML(17999): Activity=FALL_FORWARD, FallProb=0.5600, AccPeak=9.65, AccMin=9.41, AccRange=0.24, AccStd=0.05, GyroPeak=0.03, JerkPeak=7.0, Impact=false, TemporalScore=0, PostImpact=true, ActiveMotion=false, State=MONITORING, Latency=2ms
09-03 16:48:05.346 D/WatchFallML(17999): Activity=FALL_FORWARD, FallProb=0.5500, AccPeak=9.65, AccMin=9.41, AccRange=0.24, AccStd=0.06, GyroPeak=0.03, JerkPeak=6.6, Impact=false, TemporalScore=0, PostImpact=true, ActiveMotion=false, State=MONITORING, Latency=3ms
09-03 16:48:05.554 I/bt_btm_pm( 1193): system/stack/acl/btm_pm.cc:720 btm_pm_proc_mode_change: Power mode switched from immediate:sniff[2] to immediate:active[0]
09-03 16:48:05.715 V/LocationManagerService(  601): passive provider registration 1000/android[SensorNotificationService]/55F1BC4A dropped delivery - too close
09-03 16:48:05.715 V/LocationManagerService(  601): passive provider registration 5010/com.samsung.android.watch.runestone.app/CF6603C7 dropped delivery - too fast (deltaMs=5001).
09-03 16:48:05.718 V/LocationManagerService(  601): passive provider registration 1000/android[SensorNotificationService]/55F1BC4A dropped delivery - too close
09-03 16:48:05.718 V/LocationManagerService(  601): passive provider registration 5010/com.samsung.android.watch.runestone.app/CF6603C7 dropped delivery - too fast (deltaMs=6004).
09-03 16:48:05.736 D/ActivityManager(  601): freezing 1740 com.sec.android.diagmonagent
09-03 16:48:05.742 D/WatchFallML(17999): Activity=FALL_FORWARD, FallProb=0.5600, AccPeak=9.58, AccMin=9.42, AccRange=0.16, AccStd=0.04, GyroPeak=0.03, JerkPeak=6.6, Impact=false, TemporalScore=0, PostImpact=true, ActiveMotion=false, State=MONITORING, Latency=5ms
09-03 16:48:06.028 E/BatteryStatsService(  601): Invalid uid for waking network packet: -1
09-03 16:48:06.031 E/BatteryStatsService(  601): Invalid uid for waking network packet: -1
09-03 16:48:06.031 D/WatchFallML(17999): Activity=FALL_FORWARD, FallProb=0.5700, AccPeak=9.58, AccMin=9.40, AccRange=0.18, AccStd=0.04, GyroPeak=0.03, JerkPeak=8.8, Impact=false, TemporalScore=0, PostImpact=true, ActiveMotion=false, State=MONITORING, Latency=15ms
09-03 16:48:06.032 E/BatteryStatsService(  601): Invalid uid for waking network packet: -1
09-03 16:48:06.042 E/BatteryStatsService(  601): Invalid uid for waking network packet: -1
09-03 16:48:06.043 E/BatteryStatsService(  601): Invalid uid for waking network packet: -1
09-03 16:48:06.262 I/hwservicemanager(  287): getTransport: Cannot find entry android.hardware.memtrack@1.0::IMemtrack/default in either framework or device VINTF manifest.
09-03 16:48:06.286 I/hwservicemanager(  287): getTransport: Cannot find entry android.hardware.memtrack@1.0::IMemtrack/default in either framework or device VINTF manifest.
09-03 16:48:06.287 E/HidlServiceManagement(18888): Service android.hardware.memtrack@1.0::IMemtrack/default must be in VINTF manifest in order to register/get.
09-03 16:48:06.287 E/LegacySupport(18888): Could not register service android.hardware.memtrack@1.0::IMemtrack/default (-2147483648).
09-03 16:48:06.459 D/WatchFallML(17999): Activity=FALL_FORWARD, FallProb=0.5800, AccPeak=9.60, AccMin=9.38, AccRange=0.22, AccStd=0.05, GyroPeak=0.03, JerkPeak=8.8, Impact=false, TemporalScore=0, PostImpact=true, ActiveMotion=false, State=MONITORING, Latency=2ms
09-03 16:48:06.667 V/LocationManagerService(  601): passive provider registration 1000/android[SensorNotificationService]/55F1BC4A dropped delivery - too close
09-03 16:48:06.667 V/LocationManagerService(  601): passive provider registration 5010/com.samsung.android.watch.runestone.app/CF6603C7 dropped delivery - too fast (deltaMs=6991).
09-03 16:48:06.692 D/WatchFallML(17999): Activity=FALL_FORWARD, FallProb=0.5600, AccPeak=9.60, AccMin=9.38, AccRange=0.22, AccStd=0.04, GyroPeak=0.03, JerkPeak=7.1, Impact=false, TemporalScore=0, PostImpact=true, ActiveMotion=false, State=MONITORING, Latency=2ms
09-03 16:48:06.835 D/io_stats(  319): !@ 179,0 r 458269 10114776 w 43235 418068 d 8289 623412 f 3241 4351 iot 665372 0 th 0 0 0 pt 0 inp 0 0 11112.118
09-03 16:48:06.902 D/WifiHAL (  458): GetLinkStatCommand: zero radio case
09-03 16:48:06.985 D/SYSTEM_UI( 1181): QuickpanelView$$ExternalSyntheticOutline0.m(13): wifi rssi : -63
09-03 16:48:06.988 D/SYSTEM_UI( 1181): WifiConnection$2.onReceive(42): wifi rssi level : 4
09-03 16:48:06.989 D/SYSTEM_UI( 1181): QuickpanelView$$ExternalSyntheticOutline0.m(13): updateMainIcon mMainIconResId= 2131233883
09-03 16:48:07.081 D/WatchFallML(17999): Activity=FALL_FORWARD, FallProb=0.5600, AccPeak=9.58, AccMin=9.43, AccRange=0.15, AccStd=0.04, GyroPeak=0.03, JerkPeak=4.6, Impact=false, TemporalScore=0, PostImpact=true, ActiveMotion=false, State=MONITORING, Latency=5ms
09-03 16:48:07.113 E/BatteryStatsService(  601): Invalid uid for waking network packet: -1
09-03 16:48:07.114 E/BatteryStatsService(  601): Invalid uid for waking network packet: -1
09-03 16:48:07.114 E/BatteryStatsService(  601): Invalid uid for waking network packet: -1
09-03 16:48:07.359 D/WatchFallML(17999): Activity=FALL_FORWARD, FallProb=0.5800, AccPeak=9.61, AccMin=9.40, AccRange=0.20, AccStd=0.04, GyroPeak=0.03, JerkPeak=7.8, Impact=false, TemporalScore=0, PostImpact=true, ActiveMotion=false, State=MONITORING, Latency=2ms
09-03 16:48:07.645 I/bt_btm_pm( 1193): system/stack/acl/btm_pm.cc:280 BTM_SetPowerMode: Setting power mode for peer:xx:xx:xx:xx:71:14 current_mode:immediate:active[0] new_mode:forced:sniff[2]
09-03 16:48:07.646 I/bt_btm_pm( 1193): system/stack/acl/btm_pm.cc:573 btm_pm_snd_md_req: Switching from immediate:active[0x00] to immediate:sniff[0x02]
09-03 16:48:07.646 I/bt_btm_pm( 1193): system/stack/acl/btm_pm.cc:963 btm_sniff_wakelock: set sniff wakelock
09-03 16:48:07.663 I/bt_btm_pm( 1193): system/stack/acl/btm_pm.cc:720 btm_pm_proc_mode_change: Power mode switched from immediate:pending[5] to immediate:sniff[2]
09-03 16:48:07.678 V/LocationManagerService(  601): passive provider registration 1000/android[SensorNotificationService]/55F1BC4A dropped delivery - too close
09-03 16:48:07.678 V/LocationManagerService(  601): passive provider registration 5010/com.samsung.android.watch.runestone.app/CF6603C7 dropped delivery - too fast (deltaMs=7995).
09-03 16:48:07.696 I/bt_btm_pm( 1193): system/stack/acl/btm_pm.cc:958 btm_sniff_wakelock_timeout: btm sniff wakelock timeout
09-03 16:48:07.755 D/WatchFallML(17999): Activity=FALL_FORWARD, FallProb=0.5600, AccPeak=9.61, AccMin=9.40, AccRange=0.20, AccStd=0.04, GyroPeak=0.03, JerkPeak=7.8, Impact=false, TemporalScore=0, PostImpact=true, ActiveMotion=false, State=MONITORING, Latency=5ms
09-03 16:48:08.024 D/WatchFallML(17999): Activity=FALL_FORWARD, FallProb=0.5600, AccPeak=9.60, AccMin=9.45, AccRange=0.15, AccStd=0.04, GyroPeak=0.03, JerkPeak=5.7, Impact=false, TemporalScore=0, PostImpact=true, ActiveMotion=false, State=MONITORING, Latency=2ms
09-03 16:48:08.296 E/BatteryStatsService(  601): Invalid uid for waking network packet: -1
09-03 16:48:08.297 E/BatteryStatsService(  601): Invalid uid for waking network packet: -1
09-03 16:48:08.299 E/BatteryStatsService(  601): Invalid uid for waking network packet: -1
09-03 16:48:08.300 E/BatteryStatsService(  601): Invalid uid for waking network packet: -1
09-03 16:48:08.301 E/BatteryStatsService(  601): Invalid uid for waking network packet: -1
09-03 16:48:08.301 E/BatteryStatsService(  601): Invalid uid for waking network packet: -1
09-03 16:48:08.302 E/BatteryStatsService(  601): Invalid uid for waking network packet: -1
09-03 16:48:08.411 D/WatchFallML(17999): Activity=FALL_FORWARD, FallProb=0.5500, AccPeak=9.60, AccMin=9.40, AccRange=0.20, AccStd=0.04, GyroPeak=0.03, JerkPeak=5.7, Impact=false, TemporalScore=0, PostImpact=true, ActiveMotion=false, State=MONITORING, Latency=2ms
09-03 16:48:08.598 E/SSRM:DHMS_BASEFRAMEWORK(  601): e = /sys/class/sec/sec-cp-thermistor/temperature: open failed: ENOENT (No such file or directory)
09-03 16:48:08.601 I/SSRM:Temperature(  601): SIOP:: AP : 430 CP : -999 BLK : 436 BAT : 403
09-03 16:48:08.671 D/WatchFallML(17999): Activity=FALL_FORWARD, FallProb=0.5600, AccPeak=9.57, AccMin=9.39, AccRange=0.17, AccStd=0.04, GyroPeak=0.03, JerkPeak=7.2, Impact=false, TemporalScore=0, PostImpact=true, ActiveMotion=false, State=MONITORING, Latency=3ms
09-03 16:48:08.836 D/io_stats(  319): !@ 179,0 r 458293 10115076 w 43235 418068 d 8289 623412 f 3241 4351 iot 665420 0 th 0 0 0 pt 0 inp 0 0 11114.119
09-03 16:48:08.837 D/io_stats(  319): !@ Read_top(KB): kworker/u4:4(18864) 280 ding:background(17404) 20 ilesensorlogger(17999) 8
09-03 16:48:09.059 D/WatchFallML(17999): Activity=FALL_FORWARD, FallProb=0.5600, AccPeak=9.57, AccMin=9.39, AccRange=0.17, AccStd=0.04, GyroPeak=0.03, JerkPeak=7.2, Impact=false, TemporalScore=0, PostImpact=true, ActiveMotion=false, State=MONITORING, Latency=2ms
09-03 16:48:09.427 D/WatchFallML(17999): Activity=FALL_FORWARD, FallProb=0.5600, AccPeak=9.57, AccMin=9.41, AccRange=0.16, AccStd=0.04, GyroPeak=0.03, JerkPeak=7.6, Impact=false, TemporalScore=0, PostImpact=true, ActiveMotion=false, State=MONITORING, Latency=2ms
09-03 16:48:09.544 I/bt_btm_pm( 1193): system/stack/acl/btm_pm.cc:720 btm_pm_proc_mode_change: Power mode switched from immediate:sniff[2] to immediate:active[0]
09-03 16:48:09.635 I/ilesensorlogger(17999): Background concurrent mark compact GC freed 6164KB AllocSpace bytes, 0(0B) LOS objects, 21% free, 21MB/27MB, paused 1.982ms,11.340ms total 211.564ms
09-03 16:48:09.705 V/LocationManagerService(  601): passive provider registration 1000/android[SensorNotificationService]/55F1BC4A dropped delivery - too close
09-03 16:48:09.705 V/LocationManagerService(  601): passive provider registration 5010/com.samsung.android.watch.runestone.app/CF6603C7 dropped delivery - too fast (deltaMs=9006).
09-03 16:48:09.739 D/WatchFallML(17999): Activity=FALL_FORWARD, FallProb=0.5600, AccPeak=9.63, AccMin=9.39, AccRange=0.24, AccStd=0.05, GyroPeak=0.03, JerkPeak=8.4, Impact=false, TemporalScore=0, PostImpact=true, ActiveMotion=false, State=MONITORING, Latency=2ms
09-03 16:48:09.751 V/LocationManagerService(  601): passive provider registration 1000/android[SensorNotificationService]/55F1BC4A dropped delivery - too close
09-03 16:48:09.751 V/LocationManagerService(  601): passive provider registration 5010/com.samsung.android.watch.runestone.app/CF6603C7 dropped delivery - too fast (deltaMs=9999).
09-03 16:48:09.863 E/BatteryStatsService(  601): Invalid uid for waking network packet: -1
09-03 16:48:09.866 E/BatteryStatsService(  601): Invalid uid for waking network packet: -1
09-03 16:48:09.868 E/BatteryStatsService(  601): Invalid uid for waking network packet: -1
09-03 16:48:10.087 D/WifiHAL (  458): GetLinkStatCommand: zero radio case
09-03 16:48:10.103 E/IPCThreadState(  458): binder thread pool (1 threads) starved for 141 ms
09-03 16:48:10.105 D/WatchFallML(17999): Activity=FALL_FORWARD, FallProb=0.5500, AccPeak=9.63, AccMin=9.39, AccRange=0.24, AccStd=0.06, GyroPeak=0.03, JerkPeak=8.4, Impact=false, TemporalScore=0, PostImpact=true, ActiveMotion=false, State=MONITORING, Latency=7ms
09-03 16:48:10.146 D/SYSTEM_UI( 1181): QuickpanelView$$ExternalSyntheticOutline0.m(13): wifi rssi : -67
09-03 16:48:10.147 D/SYSTEM_UI( 1181): WifiConnection$2.onReceive(42): wifi rssi level : 3
09-03 16:48:10.148 D/SYSTEM_UI( 1181): QuickpanelView$$ExternalSyntheticOutline0.m(13): updateMainIcon mMainIconResId= 2131233882
09-03 16:48:10.428 D/WatchFallML(17999): Activity=FALL_FORWARD, FallProb=0.5700, AccPeak=9.65, AccMin=9.44, AccRange=0.21, AccStd=0.05, GyroPeak=0.03, JerkPeak=8.7, Impact=false, TemporalScore=0, PostImpact=true, ActiveMotion=false, State=MONITORING, Latency=2ms
09-03 16:48:10.638 V/LocationManagerService(  601): passive provider registration 1000/android[SensorNotificationService]/55F1BC4A dropped delivery - too close
09-03 16:48:10.638 V/LocationManagerService(  601): passive provider registration 5010/com.samsung.android.watch.runestone.app/CF6603C7 dropped delivery - too fast (deltaMs=10993).
09-03 16:48:10.706 D/WatchFallML(17999): Activity=FALL_FORWARD, FallProb=0.5600, AccPeak=9.65, AccMin=9.42, AccRange=0.22, AccStd=0.05, GyroPeak=0.03, JerkPeak=8.7, Impact=false, TemporalScore=0, PostImpact=true, ActiveMotion=false, State=MONITORING, Latency=2ms
09-03 16:48:10.838 D/io_stats(  319): !@ 179,0 r 458295 10115096 w 43239 418092 d 8289 623412 f 3241 4351 iot 665428 0 th 0 0 0 pt 0 inp 0 0 11116.121
09-03 16:48:11.073 D/WatchFallML(17999): Activity=STANDING, FallProb=0.5600, AccPeak=9.63, AccMin=9.42, AccRange=0.21, AccStd=0.06, GyroPeak=0.03, JerkPeak=7.5, Impact=false, TemporalScore=0, PostImpact=true, ActiveMotion=false, State=MONITORING, Latency=2ms
09-03 16:48:11.285 I/hwservicemanager(  287): getTransport: Cannot find entry android.hardware.memtrack@1.0::IMemtrack/default in either framework or device VINTF manifest.
09-03 16:48:11.298 I/hwservicemanager(  287): getTransport: Cannot find entry android.hardware.memtrack@1.0::IMemtrack/default in either framework or device VINTF manifest.
09-03 16:48:11.299 E/HidlServiceManagement(18891): Service android.hardware.memtrack@1.0::IMemtrack/default must be in VINTF manifest in order to register/get.
09-03 16:48:11.299 E/LegacySupport(18891): Could not register service android.hardware.memtrack@1.0::IMemtrack/default (-2147483648).
09-03 16:48:11.467 D/WatchFallML(17999): Activity=STANDING, FallProb=0.5600, AccPeak=9.63, AccMin=9.38, AccRange=0.25, AccStd=0.06, GyroPeak=0.03, JerkPeak=7.2, Impact=false, TemporalScore=0, PostImpact=true, ActiveMotion=false, State=MONITORING, Latency=3ms
09-03 16:48:11.615 I/bt_btm_pm( 1193): system/stack/acl/btm_pm.cc:280 BTM_SetPowerMode: Setting power mode for peer:xx:xx:xx:xx:71:14 current_mode:immediate:active[0] new_mode:forced:sniff[2]
09-03 16:48:11.616 I/bt_btm_pm( 1193): system/stack/acl/btm_pm.cc:573 btm_pm_snd_md_req: Switching from immediate:active[0x00] to immediate:sniff[0x02]
09-03 16:48:11.616 I/bt_btm_pm( 1193): system/stack/acl/btm_pm.cc:963 btm_sniff_wakelock: set sniff wakelock
09-03 16:48:11.666 I/bt_btm_pm( 1193): system/stack/acl/btm_pm.cc:958 btm_sniff_wakelock_timeout: btm sniff wakelock timeout
09-03 16:48:11.691 I/bt_btm_pm( 1193): system/stack/acl/btm_pm.cc:720 btm_pm_proc_mode_change: Power mode switched from immediate:pending[5] to immediate:sniff[2]
09-03 16:48:11.714 V/LocationManagerService(  601): passive provider registration 1000/android[SensorNotificationService]/55F1BC4A dropped delivery - too close
09-03 16:48:11.714 V/LocationManagerService(  601): passive provider registration 5010/com.samsung.android.watch.runestone.app/CF6603C7 dropped delivery - too fast (deltaMs=11996).
09-03 16:48:11.754 D/WatchFallML(17999): Activity=FALL_FORWARD, FallProb=0.5600, AccPeak=9.59, AccMin=9.38, AccRange=0.21, AccStd=0.04, GyroPeak=0.03, JerkPeak=6.6, Impact=false, TemporalScore=0, PostImpact=true, ActiveMotion=false, State=MONITORING, Latency=18ms
09-03 16:48:11.966 E/BatteryStatsService(  601): Invalid uid for waking network packet: -1
09-03 16:48:11.967 E/BatteryStatsService(  601): Invalid uid for waking network packet: -1
09-03 16:48:12.137 D/WatchFallML(17999): Activity=FALL_FORWARD, FallProb=0.5800, AccPeak=9.59, AccMin=9.46, AccRange=0.14, AccStd=0.04, GyroPeak=0.03, JerkPeak=6.0, Impact=false, TemporalScore=0, PostImpact=true, ActiveMotion=false, State=MONITORING, Latency=2ms
09-03 16:48:12.414 D/WatchFallML(17999): Activity=FALL_FORWARD, FallProb=0.6000, AccPeak=9.61, AccMin=9.43, AccRange=0.18, AccStd=0.05, GyroPeak=0.03, JerkPeak=6.9, Impact=false, TemporalScore=0, PostImpact=true, ActiveMotion=false, State=MONITORING, Latency=3ms
09-03 16:48:12.767 D/WatchFallML(17999): Activity=FALL_FORWARD, FallProb=0.5600, AccPeak=9.61, AccMin=9.43, AccRange=0.18, AccStd=0.04, GyroPeak=0.03, JerkPeak=7.2, Impact=false, TemporalScore=0, PostImpact=true, ActiveMotion=false, State=MONITORING, Latency=3ms
09-03 16:48:12.839 D/io_stats(  319): !@ Read_top(KB): kworker/u4:1(18521) 20
09-03 16:48:12.839 D/io_stats(  319): !@ Write_top(KB): kworker/u4:4(18864) 24
09-03 16:48:13.041 I/bt_btm_pm( 1193): system/stack/acl/btm_pm.cc:720 btm_pm_proc_mode_change: Power mode switched from immediate:sniff[2] to immediate:active[0]
09-03 16:48:13.116 D/WatchFallML(17999): Activity=FALL_FORWARD, FallProb=0.5600, AccPeak=9.60, AccMin=9.43, AccRange=0.17, AccStd=0.04, GyroPeak=0.03, JerkPeak=7.2, Impact=false, TemporalScore=0, PostImpact=true, ActiveMotion=false, State=MONITORING, Latency=8ms
09-03 16:48:13.160 I/wpa_supplicant( 1095): Heartbeat 1090
09-03 16:48:13.173 V/LocationManagerService(  601): passive provider registration 1000/android[SensorNotificationService]/55F1BC4A dropped delivery - too close
09-03 16:48:13.174 V/LocationManagerService(  601): passive provider registration 5010/com.samsung.android.watch.runestone.app/CF6603C7 dropped delivery - too fast (deltaMs=12974).
09-03 16:48:13.282 D/WifiHAL (  458): GetLinkStatCommand: zero radio case
09-03 16:48:13.350 D/WatchFallML(17999): Activity=FALL_FORWARD, FallProb=0.5800, AccPeak=9.60, AccMin=9.43, AccRange=0.17, AccStd=0.04, GyroPeak=0.03, JerkPeak=6.0, Impact=false, TemporalScore=0, PostImpact=true, ActiveMotion=false, State=MONITORING, Latency=2ms
09-03 16:48:13.660 V/LocationManagerService(  601): passive provider registration 1000/android[SensorNotificationService]/55F1BC4A dropped delivery - too close
09-03 16:48:13.660 V/LocationManagerService(  601): passive provider registration 5010/com.samsung.android.watch.runestone.app/CF6603C7 dropped delivery - too fast (deltaMs=14000).
09-03 16:48:13.725 D/WatchFallML(17999): Activity=FALL_FORWARD, FallProb=0.5900, AccPeak=9.57, AccMin=9.44, AccRange=0.13, AccStd=0.04, GyroPeak=0.03, JerkPeak=6.0, Impact=false, TemporalScore=0, PostImpact=true, ActiveMotion=false, State=MONITORING, Latency=3ms
09-03 16:48:13.846 D/[SS]BattFunctions(  601): [sendRemainingChargingTimeChangedIntent]remainingChargingTime:1708 ,mLastRemainingChargingTime:1714
09-03 16:48:13.847 D/BatteryService(  601): Sending ACTION_BATTERY_CHANGED: level:89, status:2, health:2, ac:false, usb:false, wireless:true, misc:0x0, charge_type:1, charger_type:0, voltage:4355, temperature:405, online:11, current_avg:100, hvc:false, capacity:280000, current_event:0x0, current_now:109, mcc:0, mcv:0, cc:321840, present:true, scale:100, technology:Li-ion
09-03 16:48:13.865 D/PowerUI ( 1181): onReceive() Received Action =  android.intent.action.BATTERY_CHANGED
09-03 16:48:13.865 D/PowerUI ( 1181): plugged=true
09-03 16:48:13.865 I/PowerUI ( 1181): ACTION_BATTERY_CHANGED : mPlugType=4 mBatteryStatus=2
09-03 16:48:13.865 I/PowerUI ( 1181): oldMisalign : false, curMisalign : false
09-03 16:48:13.866 I/PowerUI ( 1181): maybeShowBatteryWarningV2 plugged=true bucket=1
09-03 16:48:13.866 I/PowerUI.NotificationHelper( 1181): cancelNotification  notificationID = 9009
09-03 16:48:13.891 D/AdaptiveBrightnessLongtermModelBuilder(  601): Received android.intent.action.BATTERY_CHANGED
09-03 16:48:13.899 I/NfcWirelessCharge( 1164): chargeMode: 4, isWirelessCharging: true
09-03 16:48:13.913 D/SYSTEM_UI( 1181): BatteryIndicatorPresenter$3.onReceive(19): onReceive() Received Action =  android.intent.action.BATTERY_CHANGED
09-03 16:48:13.913 D/SYSTEM_UI( 1181): BatteryIndicatorPresenter$3.onReceive(103): level          89 --> 89
09-03 16:48:13.913 D/SYSTEM_UI( 1181): BatteryIndicatorPresenter$3.onReceive(130): status         2 --> 2
09-03 16:48:13.914 E/BatteryDump(  489): !@new_battery_dump : 4355,109,2000,168,89,405,0,Chg,Normal,Good,INBOX_WRL,90,Normal,0,0,9709,205,0,0x60,0x8b,0x0f,0x5e,0x01,0x34,0x00,0x01,0,0,8696,4239,1,1,4839,4737,173,4306,0x11,0,2,0x130,0x80,0x56,143,0x3,0x0,0x0
09-03 16:48:13.915 D/PowerUI ( 1181): onReceive() Received Action =  com.samsung.server.BatteryService.action.SEC_BATTERY_REMAINING_CHARGING_TIME_CHANGED
09-03 16:48:13.915 D/PowerUI ( 1181): onReceive() Unsupported Action 
09-03 16:48:14.079 D/WatchFallML(17999): Activity=STANDING, FallProb=0.5400, AccPeak=9.56, AccMin=9.39, AccRange=0.18, AccStd=0.04, GyroPeak=0.03, JerkPeak=5.9, Impact=false, TemporalScore=0, PostImpact=true, ActiveMotion=false, State=MONITORING, Latency=2ms
09-03 16:48:14.378 I/Watchface( 1109): [ModelBattery] action:android.intent.action.BATTERY_CHANGED
09-03 16:48:14.378 I/Watchface( 1109): [ModelBattery] scale[100] level[89] status[2] isCharging[true] batteryLow[false]
09-03 16:48:14.378 I/Watchface( 1109): [ModelBattery] putAll to pendingUpdatedValues!! size:2
09-03 16:48:14.438 D/WatchFallML(17999): Activity=STANDING, FallProb=0.5400, AccPeak=9.59, AccMin=9.39, AccRange=0.20, AccStd=0.05, GyroPeak=0.03, JerkPeak=7.8, Impact=false, TemporalScore=0, PostImpact=true, ActiveMotion=false, State=MONITORING, Latency=14ms
09-03 16:48:14.525 E/BatteryStatsService(  601): Invalid uid for waking network packet: -1
09-03 16:48:14.527 E/BatteryStatsService(  601): Invalid uid for waking network packet: -1
09-03 16:48:14.643 I/bt_btm_pm( 1193): system/stack/acl/btm_pm.cc:280 BTM_SetPowerMode: Setting power mode for peer:xx:xx:xx:xx:71:14 current_mode:immediate:active[0] new_mode:forced:sniff[2]
09-03 16:48:14.644 I/bt_btm_pm( 1193): system/stack/acl/btm_pm.cc:573 btm_pm_snd_md_req: Switching from immediate:active[0x00] to immediate:sniff[0x02]
09-03 16:48:14.644 I/bt_btm_pm( 1193): system/stack/acl/btm_pm.cc:963 btm_sniff_wakelock: set sniff wakelock
09-03 16:48:14.668 I/bt_btm_pm( 1193): system/stack/acl/btm_pm.cc:720 btm_pm_proc_mode_change: Power mode switched from immediate:pending[5] to immediate:sniff[2]
09-03 16:48:14.693 V/LocationManagerService(  601): passive provider registration 1000/android[SensorNotificationService]/55F1BC4A dropped delivery - too close
09-03 16:48:14.693 V/LocationManagerService(  601): passive provider registration 5010/com.samsung.android.watch.runestone.app/CF6603C7 dropped delivery - too fast (deltaMs=15001).
09-03 16:48:14.694 I/bt_btm_pm( 1193): system/stack/acl/btm_pm.cc:958 btm_sniff_wakelock_timeout: btm sniff wakelock timeout
09-03 16:48:14.793 D/WatchFallML(17999): Activity=STANDING, FallProb=0.5400, AccPeak=9.59, AccMin=9.40, AccRange=0.19, AccStd=0.04, GyroPeak=0.03, JerkPeak=7.8, Impact=false, TemporalScore=0, PostImpact=true, ActiveMotion=false, State=MONITORING, Latency=3ms
09-03 16:48:14.843 D/io_stats(  319): !@ 179,0 r 458295 10115096 w 43241 418100 d 8289 623412 f 3241 4351 iot 665452 0 th 0 0 0 pt 0 inp 0 0 11120.126
09-03 16:48:15.134 D/WatchFallML(17999): Activity=STANDING, FallProb=0.5400, AccPeak=9.57, AccMin=9.44, AccRange=0.13, AccStd=0.03, GyroPeak=0.03, JerkPeak=5.6, Impact=false, TemporalScore=0, PostImpact=true, ActiveMotion=false, State=MONITORING, Latency=2ms
09-03 16:48:15.301 E/BatteryStatsService(  601): Invalid uid for waking network packet: -1
09-03 16:48:15.302 E/BatteryStatsService(  601): Invalid uid for waking network packet: -1
09-03 16:48:15.304 E/BatteryStatsService(  601): Invalid uid for waking network packet: -1
09-03 16:48:15.305 E/BatteryStatsService(  601): Invalid uid for waking network packet: -1
09-03 16:48:15.320 E/BatteryStatsService(  601): Invalid uid for waking network packet: -1
09-03 16:48:15.320 E/BatteryStatsService(  601): Invalid uid for waking network packet: -1
09-03 16:48:15.321 E/BatteryStatsService(  601): Invalid uid for waking network packet: -1
09-03 16:48:15.330 I/adbd    ( 1489): New TLS connection [fd=25]
09-03 16:48:15.332 I/adbd    ( 1489): host-25: write thread spawning
09-03 16:48:15.332 I/adbd    ( 1489): host-25: read thread spawning
09-03 16:48:15.333 I/adbd    ( 1489): host-25: read failed: Success
09-03 16:48:15.333 I/adbd    ( 1489): host-25: connection terminated: read failed
09-03 16:48:15.333 I/adbd    ( 1489): BlockingConnectionAdapter(host-25): stopping
09-03 16:48:15.335 I/adbd    ( 1489): BlockingConnectionAdapter(host-25): stopped
09-03 16:48:15.335 I/adbd    ( 1489): BlockingConnectionAdapter(host-25): destructing
09-03 16:48:15.335 I/adbd    ( 1489): BlockingConnectionAdapter(host-25): already stopped
09-03 16:48:15.381 D/WatchFallML(17999): Activity=STANDING, FallProb=0.5300, AccPeak=9.58, AccMin=9.44, AccRange=0.14, AccStd=0.04, GyroPeak=0.03, JerkPeak=4.3, Impact=false, TemporalScore=0, PostImpact=true, ActiveMotion=false, State=MONITORING, Latency=11ms
09-03 16:48:15.750 D/WatchFallML(17999): Activity=STANDING, FallProb=0.5500, AccPeak=9.59, AccMin=9.43, AccRange=0.16, AccStd=0.04, GyroPeak=0.03, JerkPeak=6.6, Impact=false, TemporalScore=0, PostImpact=true, ActiveMotion=false, State=MONITORING, Latency=10ms
09-03 16:48:16.114 D/WatchFallML(17999): Activity=STANDING, FallProb=0.5500, AccPeak=9.59, AccMin=9.39, AccRange=0.21, AccStd=0.05, GyroPeak=0.03, JerkPeak=6.9, Impact=false, TemporalScore=0, PostImpact=true, ActiveMotion=false, State=MONITORING, Latency=11ms
09-03 16:48:16.295 I/hwservicemanager(  287): getTransport: Cannot find entry android.hardware.memtrack@1.0::IMemtrack/default in either framework or device VINTF manifest.
09-03 16:48:16.305 I/hwservicemanager(  287): getTransport: Cannot find entry android.hardware.memtrack@1.0::IMemtrack/default in either framework or device VINTF manifest.
09-03 16:48:16.306 E/HidlServiceManagement(18894): Service android.hardware.memtrack@1.0::IMemtrack/default must be in VINTF manifest in order to register/get.
09-03 16:48:16.306 E/LegacySupport(18894): Could not register service android.hardware.memtrack@1.0::IMemtrack/default (-2147483648).
09-03 16:48:16.351 E/BatteryStatsService(  601): Invalid uid for waking network packet: -1
09-03 16:48:16.357 E/BatteryStatsService(  601): Invalid uid for waking network packet: -1
09-03 16:48:16.371 D/WifiHAL (  458): GetLinkStatCommand: zero radio case
09-03 16:48:16.405 D/SYSTEM_UI( 1181): QuickpanelView$$ExternalSyntheticOutline0.m(13): wifi rssi : -58
09-03 16:48:16.406 D/SYSTEM_UI( 1181): WifiConnection$2.onReceive(42): wifi rssi level : 4
09-03 16:48:16.407 D/SYSTEM_UI( 1181): QuickpanelView$$ExternalSyntheticOutline0.m(13): updateMainIcon mMainIconResId= 2131233883
09-03 16:48:16.466 D/WatchFallML(17999): Activity=STANDING, FallProb=0.5300, AccPeak=9.61, AccMin=9.39, AccRange=0.23, AccStd=0.05, GyroPeak=0.03, JerkPeak=8.3, Impact=false, TemporalScore=0, PostImpact=true, ActiveMotion=false, State=MONITORING, Latency=9ms
09-03 16:48:16.527 I/bt_btm_pm( 1193): system/stack/acl/btm_pm.cc:720 btm_pm_proc_mode_change: Power mode switched from immediate:sniff[2] to immediate:active[0]
09-03 16:48:16.670 V/LocationManagerService(  601): passive provider registration 1000/android[SensorNotificationService]/55F1BC4A dropped delivery - too close
09-03 16:48:16.685 V/LocationManagerService(  601): passive provider registration 5010/com.samsung.android.watch.runestone.app/CF6603C7 dropped delivery - too fast (deltaMs=15977).
09-03 16:48:16.698 V/LocationManagerService(  601): passive provider registration 1000/android[SensorNotificationService]/55F1BC4A dropped delivery - too close
09-03 16:48:16.698 V/LocationManagerService(  601): passive provider registration 5010/com.samsung.android.watch.runestone.app/CF6603C7 dropped delivery - too fast (deltaMs=16977).
09-03 16:48:16.813 D/WatchFallML(17999): Activity=FALL_FORWARD, FallProb=0.5500, AccPeak=9.61, AccMin=9.44, AccRange=0.17, AccStd=0.04, GyroPeak=0.03, JerkPeak=8.3, Impact=false, TemporalScore=0, PostImpact=true, ActiveMotion=false, State=MONITORING, Latency=13ms
09-03 16:48:16.844 D/io_stats(  319): !@ Write_top(KB): vendor.samsung.(489) 8
09-03 16:48:17.031 D/WatchFallML(17999): Activity=FALL_FORWARD, FallProb=0.5300, AccPeak=9.58, AccMin=9.45, AccRange=0.13, AccStd=0.04, GyroPeak=0.03, JerkPeak=6.1, Impact=false, TemporalScore=0, PostImpact=true, ActiveMotion=false, State=MONITORING, Latency=2ms
09-03 16:48:17.266 E/BatteryStatsService(  601): Invalid uid for waking network packet: -1
09-03 16:48:17.267 E/BatteryStatsService(  601): Invalid uid for waking network packet: -1
09-03 16:48:17.268 E/BatteryStatsService(  601): Invalid uid for waking network packet: -1
09-03 16:48:17.270 E/BatteryStatsService(  601): Invalid uid for waking network packet: -1
09-03 16:48:17.271 E/BatteryStatsService(  601): Invalid uid for waking network packet: -1
09-03 16:48:17.272 E/BatteryStatsService(  601): Invalid uid for waking network packet: -1
09-03 16:48:17.273 E/BatteryStatsService(  601): Invalid uid for waking network packet: -1
09-03 16:48:17.274 E/BatteryStatsService(  601): Invalid uid for waking network packet: -1
09-03 16:48:17.376 D/WatchFallML(17999): Activity=FALL_FORWARD, FallProb=0.5300, AccPeak=9.60, AccMin=9.44, AccRange=0.16, AccStd=0.04, GyroPeak=0.03, JerkPeak=6.2, Impact=false, TemporalScore=0, PostImpact=true, ActiveMotion=false, State=MONITORING, Latency=3ms
09-03 16:48:17.633 I/bt_btm_pm( 1193): system/stack/acl/btm_pm.cc:280 BTM_SetPowerMode: Setting power mode for peer:xx:xx:xx:xx:71:14 current_mode:immediate:active[0] new_mode:forced:sniff[2]
09-03 16:48:17.633 I/bt_btm_pm( 1193): system/stack/acl/btm_pm.cc:573 btm_pm_snd_md_req: Switching from immediate:active[0x00] to immediate:sniff[0x02]
09-03 16:48:17.633 I/bt_btm_pm( 1193): system/stack/acl/btm_pm.cc:963 btm_sniff_wakelock: set sniff wakelock
09-03 16:48:17.653 I/bt_btm_pm( 1193): system/stack/acl/btm_pm.cc:720 btm_pm_proc_mode_change: Power mode switched from immediate:pending[5] to immediate:sniff[2]
09-03 16:48:17.665 V/LocationManagerService(  601): passive provider registration 1000/android[SensorNotificationService]/55F1BC4A dropped delivery - too close
09-03 16:48:17.665 V/LocationManagerService(  601): passive provider registration 5010/com.samsung.android.watch.runestone.app/CF6603C7 dropped delivery - too fast (deltaMs=17979).
09-03 16:48:17.684 I/bt_btm_pm( 1193): system/stack/acl/btm_pm.cc:958 btm_sniff_wakelock_timeout: btm sniff wakelock timeout
09-03 16:48:17.734 D/WatchFallML(17999): Activity=FALL_FORWARD, FallProb=0.5300, AccPeak=9.64, AccMin=9.44, AccRange=0.19, AccStd=0.04, GyroPeak=0.03, JerkPeak=6.2, Impact=false, TemporalScore=0, PostImpact=true, ActiveMotion=false, State=MONITORING, Latency=4ms
09-03 16:48:18.103 I/SurfaceFlinger(  514): SFWD update time=11123387220351
09-03 16:48:18.122 D/WatchFallML(17999): Activity=FALL_FORWARD, FallProb=0.5300, AccPeak=9.64, AccMin=9.48, AccRange=0.16, AccStd=0.04, GyroPeak=0.03, JerkPeak=4.5, Impact=false, TemporalScore=0, PostImpact=true, ActiveMotion=false, State=MONITORING, Latency=10ms
09-03 16:48:18.369 E/BatteryStatsService(  601): Invalid uid for waking network packet: -1
09-03 16:48:18.373 E/BatteryStatsService(  601): Invalid uid for waking network packet: -1
09-03 16:48:18.445 D/WatchFallML(17999): Activity=FALL_FORWARD, FallProb=0.5200, AccPeak=9.61, AccMin=9.47, AccRange=0.14, AccStd=0.03, GyroPeak=0.03, JerkPeak=4.5, Impact=false, TemporalScore=0, PostImpact=true, ActiveMotion=false, State=MONITORING, Latency=2ms
09-03 16:48:18.652 E/SSRM:DHMS_BASEFRAMEWORK(  601): e = /sys/class/sec/sec-cp-thermistor/temperature: open failed: ENOENT (No such file or directory)
09-03 16:48:18.657 I/SSRM:Temperature(  601): SIOP:: AP : 432 CP : -999 BLK : 438 BAT : 405
09-03 16:48:18.693 D/WatchFallML(17999): Activity=FALL_FORWARD, FallProb=0.5000, AccPeak=9.60, AccMin=9.43, AccRange=0.17, AccStd=0.04, GyroPeak=0.03, JerkPeak=7.1, Impact=false, TemporalScore=0, PostImpact=true, ActiveMotion=false, State=MONITORING, Latency=8ms
09-03 16:48:19.046 D/WatchFallML(17999): Activity=FALL_FORWARD, FallProb=0.4700, AccPeak=9.60, AccMin=9.43, AccRange=0.17, AccStd=0.04, GyroPeak=0.03, JerkPeak=7.1, Impact=false, TemporalScore=0, PostImpact=true, ActiveMotion=false, State=MONITORING, Latency=3ms
09-03 16:48:19.174 E/BatteryStatsService(  601): Invalid uid for waking network packet: -1
09-03 16:48:19.175 E/BatteryStatsService(  601): Invalid uid for waking network packet: -1
09-03 16:48:19.177 E/BatteryStatsService(  601): Invalid uid for waking network packet: -1
09-03 16:48:19.178 E/BatteryStatsService(  601): Invalid uid for waking network packet: -1
09-03 16:48:19.179 E/BatteryStatsService(  601): Invalid uid for waking network packet: -1
09-03 16:48:19.180 E/BatteryStatsService(  601): Invalid uid for waking network packet: -1
09-03 16:48:19.382 D/WatchFallML(17999): Activity=STANDING, FallProb=0.3600, AccPeak=9.60, AccMin=9.43, AccRange=0.16, AccStd=0.04, GyroPeak=0.03, JerkPeak=6.6, Impact=false, TemporalScore=0, PostImpact=true, ActiveMotion=false, State=MONITORING, Latency=6ms
09-03 16:48:19.519 I/bt_btm_pm( 1193): system/stack/acl/btm_pm.cc:720 btm_pm_proc_mode_change: Power mode switched from immediate:sniff[2] to immediate:active[0]
09-03 16:48:19.725 D/WifiHAL (  458): GetLinkStatCommand: zero radio case
09-03 16:48:19.728 E/IPCThreadState(  458): binder thread pool (1 threads) starved for 276 ms
09-03 16:48:19.807 D/WatchFallML(17999): Activity=STANDING, FallProb=0.3600, AccPeak=9.61, AccMin=9.43, AccRange=0.18, AccStd=0.04, GyroPeak=0.03, JerkPeak=6.6, Impact=false, TemporalScore=0, PostImpact=true, ActiveMotion=false, State=MONITORING, Latency=73ms
09-03 16:48:19.886 I/adbd    ( 1489): New TLS connection [fd=25]
09-03 16:48:19.899 I/adbd    ( 1489): host-25: read thread spawning
09-03 16:48:19.899 I/adbd    ( 1489): host-25: read failed: Success
09-03 16:48:19.899 I/adbd    ( 1489): host-25: connection terminated: read failed
09-03 16:48:19.900 I/adbd    ( 1489): host-25: write thread spawning
09-03 16:48:19.930 V/LocationManagerService(  601): passive provider registration 1000/android[SensorNotificationService]/55F1BC4A dropped delivery - too close
09-03 16:48:19.930 V/LocationManagerService(  601): passive provider registration 5010/com.samsung.android.watch.runestone.app/CF6603C7 dropped delivery - too fast (deltaMs=18986).
09-03 16:48:19.931 I/adbd    ( 1489): BlockingConnectionAdapter(host-25): stopping
09-03 16:48:19.936 I/adbd    ( 1489): BlockingConnectionAdapter(host-25): stopped
09-03 16:48:19.936 I/adbd    ( 1489): BlockingConnectionAdapter(host-25): destructing
09-03 16:48:19.936 I/adbd    ( 1489): BlockingConnectionAdapter(host-25): already stopped
09-03 16:48:20.057 V/LocationManagerService(  601): passive provider registration 1000/android[SensorNotificationService]/55F1BC4A dropped delivery - too close
09-03 16:48:20.057 V/LocationManagerService(  601): passive provider registration 5010/com.samsung.android.watch.runestone.app/CF6603C7 dropped delivery - too fast (deltaMs=19997).
09-03 16:48:20.093 D/WatchFallML(17999): Activity=STANDING, FallProb=0.3400, AccPeak=9.66, AccMin=9.46, AccRange=0.20, AccStd=0.04, GyroPeak=0.03, JerkPeak=7.3, Impact=false, TemporalScore=0, PostImpact=true, ActiveMotion=false, State=MONITORING, Latency=3ms
09-03 16:48:20.426 D/WatchFallML(17999): Activity=STANDING, FallProb=0.3600, AccPeak=9.66, AccMin=9.43, AccRange=0.23, AccStd=0.04, GyroPeak=0.03, JerkPeak=7.3, Impact=false, TemporalScore=0, PostImpact=true, ActiveMotion=false, State=MONITORING, Latency=2ms
09-03 16:48:20.630 I/bt_btm_pm( 1193): system/stack/acl/btm_pm.cc:280 BTM_SetPowerMode: Setting power mode for peer:xx:xx:xx:xx:71:14 current_mode:immediate:active[0] new_mode:forced:sniff[2]
09-03 16:48:20.630 I/bt_btm_pm( 1193): system/stack/acl/btm_pm.cc:573 btm_pm_snd_md_req: Switching from immediate:active[0x00] to immediate:sniff[0x02]
09-03 16:48:20.630 I/bt_btm_pm( 1193): system/stack/acl/btm_pm.cc:963 btm_sniff_wakelock: set sniff wakelock
09-03 16:48:20.660 I/bt_btm_pm( 1193): system/stack/acl/btm_pm.cc:720 btm_pm_proc_mode_change: Power mode switched from immediate:pending[5] to immediate:sniff[2]
09-03 16:48:20.680 I/bt_btm_pm( 1193): system/stack/acl/btm_pm.cc:958 btm_sniff_wakelock_timeout: btm sniff wakelock timeout
09-03 16:48:20.686 V/LocationManagerService(  601): passive provider registration 1000/android[SensorNotificationService]/55F1BC4A dropped delivery - too close
09-03 16:48:20.686 V/LocationManagerService(  601): passive provider registration 5010/com.samsung.android.watch.runestone.app/CF6603C7 dropped delivery - too fast (deltaMs=21000).
09-03 16:48:20.765 D/WatchFallML(17999): Activity=STANDING, FallProb=0.3600, AccPeak=9.59, AccMin=9.43, AccRange=0.16, AccStd=0.04, GyroPeak=0.03, JerkPeak=6.8, Impact=false, TemporalScore=0, PostImpact=true, ActiveMotion=false, State=MONITORING, Latency=2ms
09-03 16:48:20.846 D/io_stats(  319): !@ 179,0 r 458307 10115284 w 43241 418100 d 8289 623412 f 3241 4351 iot 665500 0 th 0 0 0 pt 0 inp 0 0 11126.130
09-03 16:48:20.847 D/io_stats(  319): !@ Read_top(KB): kworker/u4:2(18678) 116 .gms.persistent(1288) 40 sh(18895) 32
09-03 16:48:20.995 E/BatteryStatsService(  601): Invalid uid for waking network packet: -1
09-03 16:48:20.995 E/BatteryStatsService(  601): Invalid uid for waking network packet: -1
09-03 16:48:21.007 E/BatteryStatsService(  601): Invalid uid for waking network packet: -1
09-03 16:48:21.098 D/WatchFallML(17999): Activity=STANDING, FallProb=0.3400, AccPeak=9.60, AccMin=9.44, AccRange=0.15, AccStd=0.04, GyroPeak=0.03, JerkPeak=6.7, Impact=false, TemporalScore=0, PostImpact=true, ActiveMotion=false, State=MONITORING, Latency=3ms
09-03 16:48:21.467 D/WatchFallML(17999): Activity=STANDING, FallProb=0.3300, AccPeak=9.62, AccMin=9.39, AccRange=0.23, AccStd=0.05, GyroPeak=0.03, JerkPeak=9.9, Impact=false, TemporalScore=0, PostImpact=true, ActiveMotion=false, State=MONITORING, Latency=5ms
09-03 16:48:21.588 E/BatteryStatsService(  601): Invalid uid for waking network packet: -1
09-03 16:48:21.593 E/BatteryStatsService(  601): Invalid uid for waking network packet: -1
09-03 16:48:21.651 I/ilesensorlogger(17999): Background concurrent mark compact GC freed 6144KB AllocSpace bytes, 0(0B) LOS objects, 21% free, 21MB/27MB, paused 3.438ms,23.551ms total 338.089ms
09-03 16:48:21.677 I/hwservicemanager(  287): getTransport: Cannot find entry android.hardware.memtrack@1.0::IMemtrack/default in either framework or device VINTF manifest.
09-03 16:48:21.756 D/WatchFallML(17999): Activity=STANDING, FallProb=0.2600, AccPeak=9.62, AccMin=9.39, AccRange=0.23, AccStd=0.05, GyroPeak=0.03, JerkPeak=9.9, Impact=false, TemporalScore=0, PostImpact=true, ActiveMotion=false, State=MONITORING, Latency=14ms
09-03 16:48:21.767 I/hwservicemanager(  287): getTransport: Cannot find entry android.hardware.memtrack@1.0::IMemtrack/default in either framework or device VINTF manifest.
09-03 16:48:21.786 E/HidlServiceManagement(18900): Service android.hardware.memtrack@1.0::IMemtrack/default must be in VINTF manifest in order to register/get.
09-03 16:48:21.786 E/LegacySupport(18900): Could not register service android.hardware.memtrack@1.0::IMemtrack/default (-2147483648).
09-03 16:48:22.062 D/WatchFallML(17999): Activity=STANDING, FallProb=0.2500, AccPeak=9.61, AccMin=9.40, AccRange=0.20, AccStd=0.05, GyroPeak=0.03, JerkPeak=6.5, Impact=false, TemporalScore=0, PostImpact=true, ActiveMotion=false, State=MONITORING, Latency=7ms
09-03 16:48:22.108 E/BatteryStatsService(  601): Invalid uid for waking network packet: -1
09-03 16:48:22.109 E/BatteryStatsService(  601): Invalid uid for waking network packet: -1
09-03 16:48:22.110 E/BatteryStatsService(  601): Invalid uid for waking network packet: -1
09-03 16:48:22.112 E/BatteryStatsService(  601): Invalid uid for waking network packet: -1
09-03 16:48:22.115 E/BatteryStatsService(  601): Invalid uid for waking network packet: -1
09-03 16:48:22.389 D/WatchFallML(17999): Activity=STANDING, FallProb=0.2800, AccPeak=9.60, AccMin=9.40, AccRange=0.20, AccStd=0.04, GyroPeak=0.03, JerkPeak=7.5, Impact=false, TemporalScore=0, PostImpact=true, ActiveMotion=false, State=MONITORING, Latency=8ms
09-03 16:48:22.511 I/bt_btm_pm( 1193): system/stack/acl/btm_pm.cc:720 btm_pm_proc_mode_change: Power mode switched from immediate:sniff[2] to immediate:active[0]
09-03 16:48:22.724 D/WatchFallML(17999): Activity=STANDING, FallProb=0.2900, AccPeak=9.60, AccMin=9.42, AccRange=0.18, AccStd=0.04, GyroPeak=0.03, JerkPeak=7.5, Impact=false, TemporalScore=0, PostImpact=true, ActiveMotion=false, State=MONITORING, Latency=15ms
09-03 16:48:22.768 V/LocationManagerService(  601): passive provider registration 1000/android[SensorNotificationService]/55F1BC4A dropped delivery - too close
09-03 16:48:22.768 V/LocationManagerService(  601): passive provider registration 5010/com.samsung.android.watch.runestone.app/CF6603C7 dropped delivery - too fast (deltaMs=22001).
09-03 16:48:22.848 D/io_stats(  319): !@ 179,0 r 458420 10117036 w 43241 418100 d 8289 623412 f 3241 4351 iot 665876 0 th 0 0 0 pt 0 inp 0 0 11128.131
09-03 16:48:22.889 V/LocationManagerService(  601): passive provider registration 1000/android[SensorNotificationService]/55F1BC4A dropped delivery - too close
09-03 16:48:22.889 V/LocationManagerService(  601): passive provider registration 5010/com.samsung.android.watch.runestone.app/CF6603C7 dropped delivery - too fast (deltaMs=23009).
09-03 16:48:22.904 E/BatteryStatsService(  601): Invalid uid for waking network packet: -1
09-03 16:48:22.911 E/BatteryStatsService(  601): Invalid uid for waking network packet: -1
09-03 16:48:22.912 E/BatteryStatsService(  601): Invalid uid for waking network packet: -1
09-03 16:48:22.914 E/BatteryStatsService(  601): Invalid uid for waking network packet: -1
09-03 16:48:22.915 E/BatteryStatsService(  601): Invalid uid for waking network packet: -1
09-03 16:48:22.962 D/WifiHAL (  458): GetLinkStatCommand: zero radio case
09-03 16:48:22.970 E/IPCThreadState(  458): binder thread pool (1 threads) starved for 100 ms
09-03 16:48:23.058 D/WatchFallML(17999): Activity=STANDING, FallProb=0.2900, AccPeak=9.62, AccMin=9.41, AccRange=0.22, AccStd=0.04, GyroPeak=0.03, JerkPeak=7.8, Impact=false, TemporalScore=0, PostImpact=true, ActiveMotion=false, State=MONITORING, Latency=2ms
09-03 16:48:23.161 I/wpa_supplicant( 1095): Heartbeat 1091
09-03 16:48:23.458 D/WatchFallML(17999): Activity=STANDING, FallProb=0.3300, AccPeak=9.62, AccMin=9.41, AccRange=0.22, AccStd=0.04, GyroPeak=0.03, JerkPeak=7.8, Impact=false, TemporalScore=0, PostImpact=true, ActiveMotion=false, State=MONITORING, Latency=2ms
09-03 16:48:23.682 V/LocationManagerService(  601): passive provider registration 1000/android[SensorNotificationService]/55F1BC4A dropped delivery - too close
09-03 16:48:23.682 V/LocationManagerService(  601): passive provider registration 5010/com.samsung.android.watch.runestone.app/CF6603C7 dropped delivery - too fast (deltaMs=23989).
09-03 16:48:23.770 D/WatchFallML(17999): Activity=STANDING, FallProb=0.3300, AccPeak=9.62, AccMin=9.39, AccRange=0.22, AccStd=0.04, GyroPeak=0.03, JerkPeak=9.3, Impact=false, TemporalScore=0, PostImpact=true, ActiveMotion=false, State=MONITORING, Latency=13ms
09-03 16:48:23.922 E/BatteryDump(  489): !@new_battery_dump : 4339,91,2000,168,89,405,0,Chg,Normal,Good,INBOX_WRL,90,Normal,0,0,9709,205,0,0xdd,0x8a,0x0f,0x5e,0x01,0x34,0x00,0x01,0,0,8701,4239,1,1,4834,4732,173,4341,0x11,0,2,0x130,0x80,0x56,143,0x3,0x0,0x0
09-03 16:48:23.938 D/[SS]BattFunctions(  601): [sendRemainingChargingTimeChangedIntent]remainingChargingTime:1702 ,mLastRemainingChargingTime:1708
09-03 16:48:23.938 D/BatteryService(  601): Sending ACTION_BATTERY_CHANGED: level:89, status:2, health:2, ac:false, usb:false, wireless:true, misc:0x0, charge_type:1, charger_type:0, voltage:4339, temperature:405, online:11, current_avg:98, hvc:false, capacity:280000, current_event:0x0, current_now:91, mcc:0, mcv:0, cc:322200, present:true, scale:100, technology:Li-ion
09-03 16:48:23.948 E/BatteryStatsService(  601): Invalid uid for waking network packet: -1
09-03 16:48:23.950 E/BatteryStatsService(  601): Invalid uid for waking network packet: -1
09-03 16:48:23.951 E/BatteryStatsService(  601): Invalid uid for waking network packet: -1
09-03 16:48:23.951 E/BatteryStatsService(  601): Invalid uid for waking network packet: -1
09-03 16:48:23.952 E/BatteryStatsService(  601): Invalid uid for waking network packet: -1
09-03 16:48:23.957 E/BatteryStatsService(  601): Invalid uid for waking network packet: -1
09-03 16:48:23.966 D/SYSTEM_UI( 1181): BatteryIndicatorPresenter$3.onReceive(19): onReceive() Received Action =  android.intent.action.BATTERY_CHANGED
09-03 16:48:23.966 D/SYSTEM_UI( 1181): BatteryIndicatorPresenter$3.onReceive(103): level          89 --> 89
09-03 16:48:23.966 D/SYSTEM_UI( 1181): BatteryIndicatorPresenter$3.onReceive(130): status         2 --> 2
09-03 16:48:23.970 D/PowerUI ( 1181): onReceive() Received Action =  android.intent.action.BATTERY_CHANGED
09-03 16:48:23.970 D/PowerUI ( 1181): plugged=true
09-03 16:48:23.970 I/PowerUI ( 1181): ACTION_BATTERY_CHANGED : mPlugType=4 mBatteryStatus=2
09-03 16:48:23.970 I/PowerUI ( 1181): oldMisalign : false, curMisalign : false
09-03 16:48:23.972 I/PowerUI ( 1181): maybeShowBatteryWarningV2 plugged=true bucket=1
09-03 16:48:23.972 I/PowerUI.NotificationHelper( 1181): cancelNotification  notificationID = 9009
09-03 16:48:24.001 D/PowerUI ( 1181): onReceive() Received Action =  com.samsung.server.BatteryService.action.SEC_BATTERY_REMAINING_CHARGING_TIME_CHANGED
09-03 16:48:24.001 D/PowerUI ( 1181): onReceive() Unsupported Action 
09-03 16:48:24.003 D/AdaptiveBrightnessLongtermModelBuilder(  601): Received android.intent.action.BATTERY_CHANGED
09-03 16:48:24.027 I/NfcWirelessCharge( 1164): chargeMode: 4, isWirelessCharging: true
09-03 16:48:24.085 D/WatchFallML(17999): Activity=STANDING, FallProb=0.3700, AccPeak=9.59, AccMin=9.39, AccRange=0.20, AccStd=0.04, GyroPeak=0.03, JerkPeak=9.3, Impact=false, TemporalScore=0, PostImpact=true, ActiveMotion=false, State=MONITORING, Latency=8ms
09-03 16:48:24.392 D/WatchFallML(17999): Activity=STANDING, FallProb=0.3400, AccPeak=9.62, AccMin=9.45, AccRange=0.17, AccStd=0.04, GyroPeak=0.03, JerkPeak=7.3, Impact=false, TemporalScore=0, PostImpact=true, ActiveMotion=false, State=MONITORING, Latency=3ms
09-03 16:48:24.449 I/Watchface( 1109): [ModelBattery] action:android.intent.action.BATTERY_CHANGED
09-03 16:48:24.450 I/Watchface( 1109): [ModelBattery] scale[100] level[89] status[2] isCharging[true] batteryLow[false]
09-03 16:48:24.450 I/Watchface( 1109): [ModelBattery] putAll to pendingUpdatedValues!! size:2
09-03 16:48:24.647 I/bt_btm_pm( 1193): system/stack/acl/btm_pm.cc:280 BTM_SetPowerMode: Setting power mode for peer:xx:xx:xx:xx:71:14 current_mode:immediate:active[0] new_mode:forced:sniff[2]
09-03 16:48:24.647 I/bt_btm_pm( 1193): system/stack/acl/btm_pm.cc:573 btm_pm_snd_md_req: Switching from immediate:active[0x00] to immediate:sniff[0x02]
09-03 16:48:24.647 I/bt_btm_pm( 1193): system/stack/acl/btm_pm.cc:963 btm_sniff_wakelock: set sniff wakelock
09-03 16:48:24.700 I/bt_btm_pm( 1193): system/stack/acl/btm_pm.cc:958 btm_sniff_wakelock_timeout: btm sniff wakelock timeout
09-03 16:48:24.700 I/bt_btm_pm( 1193): system/stack/acl/btm_pm.cc:720 btm_pm_proc_mode_change: Power mode switched from immediate:pending[5] to immediate:sniff[2]
09-03 16:48:24.724 V/LocationManagerService(  601): passive provider registration 1000/android[SensorNotificationService]/55F1BC4A dropped delivery - too close
09-03 16:48:24.724 V/LocationManagerService(  601): passive provider registration 5010/com.samsung.android.watch.runestone.app/CF6603C7 dropped delivery - too fast (deltaMs=25004).
09-03 16:48:24.787 D/WatchFallML(17999): Activity=STANDING, FallProb=0.2900, AccPeak=9.62, AccMin=9.39, AccRange=0.23, AccStd=0.05, GyroPeak=0.03, JerkPeak=8.1, Impact=false, TemporalScore=0, PostImpact=true, ActiveMotion=false, State=MONITORING, Latency=7ms
09-03 16:48:24.850 D/io_stats(  319): !@ 179,0 r 458420 10117036 w 43243 418108 d 8289 623412 f 3241 4351 iot 665880 0 th 0 0 0 pt 0 inp 0 0 11130.133
09-03 16:48:24.850 D/io_stats(  319): !@ Read_top(KB): init(18900) 1336 kworker/u4:1(18521) 224 kworker/u4:2(18678) 192
09-03 16:48:24.851 D/io_stats(  319): !@ Write_top(KB): vendor.samsung.(489) 8
09-03 16:48:25.124 D/WatchFallML(17999): Activity=STANDING, FallProb=0.3300, AccPeak=9.62, AccMin=9.39, AccRange=0.23, AccStd=0.05, GyroPeak=0.03, JerkPeak=8.1, Impact=false, TemporalScore=0, PostImpact=true, ActiveMotion=false, State=MONITORING, Latency=3ms
09-03 16:48:25.341 E/BatteryStatsService(  601): Invalid uid for waking network packet: -1
09-03 16:48:25.358 E/BatteryStatsService(  601): Invalid uid for waking network packet: -1
09-03 16:48:25.359 E/BatteryStatsService(  601): Invalid uid for waking network packet: -1
09-03 16:48:25.375 D/libnfc_nci( 1164): ART-GC black_dense_end:0xc96c3000 mid_gen_end:0xc9668000 post_compact_end:0xc979e000 black_allocations_begin:0xc9968000 young:0 performed_compaction:1
09-03 16:48:25.376 I/libnfc_nci( 1164): Background concurrent mark compact GC freed 1841KB AllocSpace bytes, 0(0B) LOS objects, 49% free, 2796KB/5593KB, paused 989us,3.848ms total 233.197ms
09-03 16:48:25.376 W/libnfc_nci( 1164): Reducing the number of considered missed Gc histogram windows from 216 to 100
09-03 16:48:25.462 D/WatchFallML(17999): Activity=STANDING, FallProb=0.3500, AccPeak=9.65, AccMin=9.43, AccRange=0.22, AccStd=0.05, GyroPeak=0.03, JerkPeak=6.4, Impact=false, TemporalScore=0, PostImpact=true, ActiveMotion=false, State=MONITORING, Latency=2ms
09-03 16:48:25.750 D/WatchFallML(17999): Activity=STANDING, FallProb=0.3600, AccPeak=9.65, AccMin=9.43, AccRange=0.22, AccStd=0.05, GyroPeak=0.03, JerkPeak=6.4, Impact=false, TemporalScore=0, PostImpact=true, ActiveMotion=false, State=MONITORING, Latency=3ms
09-03 16:48:26.069 D/WatchFallML(17999): Activity=STANDING, FallProb=0.3600, AccPeak=9.60, AccMin=9.45, AccRange=0.15, AccStd=0.04, GyroPeak=0.03, JerkPeak=5.3, Impact=false, TemporalScore=0, PostImpact=true, ActiveMotion=false, State=MONITORING, Latency=3ms
09-03 16:48:26.076 D/WifiHAL (  458): GetLinkStatCommand: zero radio case
09-03 16:48:26.327 I/hwservicemanager(  287): getTransport: Cannot find entry android.hardware.memtrack@1.0::IMemtrack/default in either framework or device VINTF manifest.
09-03 16:48:26.340 I/hwservicemanager(  287): getTransport: Cannot find entry android.hardware.memtrack@1.0::IMemtrack/default in either framework or device VINTF manifest.
09-03 16:48:26.341 E/HidlServiceManagement(18902): Service android.hardware.memtrack@1.0::IMemtrack/default must be in VINTF manifest in order to register/get.
09-03 16:48:26.342 E/LegacySupport(18902): Could not register service android.hardware.memtrack@1.0::IMemtrack/default (-2147483648).
09-03 16:48:26.491 D/WatchFallML(17999): Activity=STANDING, FallProb=0.3300, AccPeak=9.60, AccMin=9.43, AccRange=0.16, AccStd=0.04, GyroPeak=0.03, JerkPeak=6.9, Impact=false, TemporalScore=0, PostImpact=true, ActiveMotion=false, State=MONITORING, Latency=2ms
09-03 16:48:26.504 I/bt_btm_pm( 1193): system/stack/acl/btm_pm.cc:720 btm_pm_proc_mode_change: Power mode switched from immediate:sniff[2] to immediate:active[0]
09-03 16:48:26.609 V/LocationManagerService(  601): passive provider registration 1000/android[SensorNotificationService]/55F1BC4A dropped delivery - too close
09-03 16:48:26.609 V/LocationManagerService(  601): passive provider registration 5010/com.samsung.android.watch.runestone.app/CF6603C7 dropped delivery - too fast (deltaMs=25991).
09-03 16:48:26.688 V/LocationManagerService(  601): passive provider registration 1000/android[SensorNotificationService]/55F1BC4A dropped delivery - too close
09-03 16:48:26.689 V/LocationManagerService(  601): passive provider registration 5010/com.samsung.android.watch.runestone.app/CF6603C7 dropped delivery - too fast (deltaMs=26992).
09-03 16:48:26.773 D/WatchFallML(17999): Activity=STANDING, FallProb=0.3600, AccPeak=9.61, AccMin=9.42, AccRange=0.19, AccStd=0.05, GyroPeak=0.03, JerkPeak=9.5, Impact=false, TemporalScore=0, PostImpact=true, ActiveMotion=false, State=MONITORING, Latency=6ms
09-03 16:48:26.852 D/io_stats(  319): !@ 179,0 r 458423 10117128 w 43243 418108 d 8289 623412 f 3241 4351 iot 665924 0 th 0 0 0 pt 0 inp 0 0 11132.135
09-03 16:48:26.977 E/BatteryStatsService(  601): Invalid uid for waking network packet: -1
09-03 16:48:27.103 D/WatchFallML(17999): Activity=STANDING, FallProb=0.3600, AccPeak=9.63, AccMin=9.42, AccRange=0.21, AccStd=0.05, GyroPeak=0.03, JerkPeak=9.5, Impact=false, TemporalScore=0, PostImpact=true, ActiveMotion=false, State=MONITORING, Latency=2ms
09-03 16:48:27.415 D/WatchFallML(17999): Activity=STANDING, FallProb=0.3700, AccPeak=9.63, AccMin=9.45, AccRange=0.19, AccStd=0.04, GyroPeak=0.03, JerkPeak=7.5, Impact=false, TemporalScore=0, PostImpact=true, ActiveMotion=false, State=MONITORING, Latency=2ms
09-03 16:48:27.645 I/bt_btm_pm( 1193): system/stack/acl/btm_pm.cc:280 BTM_SetPowerMode: Setting power mode for peer:xx:xx:xx:xx:71:14 current_mode:immediate:active[0] new_mode:forced:sniff[2]
09-03 16:48:27.645 I/bt_btm_pm( 1193): system/stack/acl/btm_pm.cc:573 btm_pm_snd_md_req: Switching from immediate:active[0x00] to immediate:sniff[0x02]
09-03 16:48:27.645 I/bt_btm_pm( 1193): system/stack/acl/btm_pm.cc:963 btm_sniff_wakelock: set sniff wakelock
09-03 16:48:27.663 I/bt_btm_pm( 1193): system/stack/acl/btm_pm.cc:720 btm_pm_proc_mode_change: Power mode switched from immediate:pending[5] to immediate:sniff[2]
09-03 16:48:27.684 V/LocationManagerService(  601): passive provider registration 1000/android[SensorNotificationService]/55F1BC4A dropped delivery - too close
09-03 16:48:27.685 V/LocationManagerService(  601): passive provider registration 5010/com.samsung.android.watch.runestone.app/CF6603C7 dropped delivery - too fast (deltaMs=28006).
09-03 16:48:27.696 I/bt_btm_pm( 1193): system/stack/acl/btm_pm.cc:958 btm_sniff_wakelock_timeout: btm sniff wakelock timeout
09-03 16:48:27.728 D/WatchFallML(17999): Activity=STANDING, FallProb=0.3300, AccPeak=9.58, AccMin=9.44, AccRange=0.14, AccStd=0.03, GyroPeak=0.03, JerkPeak=4.9, Impact=false, TemporalScore=0, PostImpact=true, ActiveMotion=false, State=MONITORING, Latency=7ms
09-03 16:48:28.061 I/adbd    ( 1489): New TLS connection [fd=25]
09-03 16:48:28.062 I/adbd    ( 1489): host-25: read thread spawning
09-03 16:48:28.062 I/adbd    ( 1489): host-25: read failed: Success
09-03 16:48:28.062 I/adbd    ( 1489): host-25: connection terminated: read failed
09-03 16:48:28.063 I/adbd    ( 1489): BlockingConnectionAdapter(host-25): stopping
09-03 16:48:28.064 I/adbd    ( 1489): host-25: write thread spawning
09-03 16:48:28.064 I/adbd    ( 1489): BlockingConnectionAdapter(host-25): stopped
09-03 16:48:28.065 I/adbd    ( 1489): BlockingConnectionAdapter(host-25): destructing
09-03 16:48:28.065 I/adbd    ( 1489): BlockingConnectionAdapter(host-25): already stopped
09-03 16:48:28.151 D/WatchFallML(17999): Activity=STANDING, FallProb=0.3100, AccPeak=9.60, AccMin=9.41, AccRange=0.20, AccStd=0.04, GyroPeak=0.03, JerkPeak=6.5, Impact=false, TemporalScore=0, PostImpact=true, ActiveMotion=false, State=MONITORING, Latency=2ms
09-03 16:48:28.189 E/BatteryStatsService(  601): Invalid uid for waking network packet: -1
09-03 16:48:28.191 E/BatteryStatsService(  601): Invalid uid for waking network packet: -1
09-03 16:48:28.192 E/BatteryStatsService(  601): Invalid uid for waking network packet: -1
09-03 16:48:28.194 E/BatteryStatsService(  601): Invalid uid for waking network packet: -1
09-03 16:48:28.195 E/BatteryStatsService(  601): Invalid uid for waking network packet: -1
09-03 16:48:28.451 D/WatchFallML(17999): Activity=STANDING, FallProb=0.3100, AccPeak=9.60, AccMin=9.41, AccRange=0.20, AccStd=0.05, GyroPeak=0.03, JerkPeak=6.5, Impact=false, TemporalScore=0, PostImpact=true, ActiveMotion=false, State=MONITORING, Latency=3ms
09-03 16:48:28.703 E/SSRM:DHMS_BASEFRAMEWORK(  601): e = /sys/class/sec/sec-cp-thermistor/temperature: open failed: ENOENT (No such file or directory)
09-03 16:48:28.706 I/SSRM:Temperature(  601): SIOP:: AP : 434 CP : -999 BLK : 439 BAT : 405
09-03 16:48:28.767 D/WatchFallML(17999): Activity=STANDING, FallProb=0.3000, AccPeak=9.61, AccMin=9.42, AccRange=0.20, AccStd=0.05, GyroPeak=0.03, JerkPeak=8.8, Impact=false, TemporalScore=0, PostImpact=true, ActiveMotion=false, State=MONITORING, Latency=2ms
09-03 16:48:28.853 D/io_stats(  319): !@ Read_top(KB): com.android.nfc(1164) 92
09-03 16:48:29.079 D/WatchFallML(17999): Activity=STANDING, FallProb=0.2600, AccPeak=9.61, AccMin=9.42, AccRange=0.20, AccStd=0.05, GyroPeak=0.03, JerkPeak=8.8, Impact=false, TemporalScore=0, PostImpact=true, ActiveMotion=false, State=MONITORING, Latency=9ms
09-03 16:48:29.148 D/WifiHAL (  458): GetLinkStatCommand: zero radio case
09-03 16:48:29.293 E/BatteryStatsService(  601): Invalid uid for waking network packet: -1
09-03 16:48:29.483 D/WatchFallML(17999): Activity=STANDING, FallProb=0.2600, AccPeak=9.59, AccMin=9.41, AccRange=0.18, AccStd=0.05, GyroPeak=0.03, JerkPeak=8.6, Impact=false, TemporalScore=0, PostImpact=true, ActiveMotion=false, State=MONITORING, Latency=2ms
09-03 16:48:29.495 I/bt_btm_pm( 1193): system/stack/acl/btm_pm.cc:720 btm_pm_proc_mode_change: Power mode switched from immediate:sniff[2] to immediate:active[0]
09-03 16:48:29.639 V/LocationManagerService(  601): passive provider registration 1000/android[SensorNotificationService]/55F1BC4A dropped delivery - too close
09-03 16:48:29.639 V/LocationManagerService(  601): passive provider registration 5010/com.samsung.android.watch.runestone.app/CF6603C7 dropped delivery - too fast (deltaMs=28993).
09-03 16:48:29.727 D/WatchFallML(17999): Activity=STANDING, FallProb=0.2500, AccPeak=9.59, AccMin=9.41, AccRange=0.18, AccStd=0.05, GyroPeak=0.03, JerkPeak=8.6, Impact=false, TemporalScore=0, PostImpact=true, ActiveMotion=false, State=MONITORING, Latency=2ms
09-03 16:48:29.741 V/LocationManagerService(  601): passive provider registration 1000/android[SensorNotificationService]/55F1BC4A dropped delivery - too close
09-03 16:48:30.115 D/WatchFallML(17999): Activity=STANDING, FallProb=0.2500, AccPeak=9.61, AccMin=9.43, AccRange=0.18, AccStd=0.05, GyroPeak=0.03, JerkPeak=8.6, Impact=false, TemporalScore=0, PostImpact=true, ActiveMotion=false, State=MONITORING, Latency=2ms
09-03 16:48:30.422 D/WatchFallML(17999): Activity=STANDING, FallProb=0.2500, AccPeak=9.61, AccMin=9.39, AccRange=0.22, AccStd=0.05, GyroPeak=0.03, JerkPeak=6.3, Impact=false, TemporalScore=0, PostImpact=true, ActiveMotion=false, State=MONITORING, Latency=2ms
09-03 16:48:30.669 V/LocationManagerService(  601): passive provider registration 1000/android[SensorNotificationService]/55F1BC4A dropped delivery - too close
09-03 16:48:30.669 V/LocationManagerService(  601): passive provider registration 5010/com.samsung.android.watch.runestone.app/CF6603C7 dropped delivery - too fast (deltaMs=983).
09-03 16:48:30.819 D/WatchFallML(17999): Activity=STANDING, FallProb=0.2400, AccPeak=9.59, AccMin=9.39, AccRange=0.20, AccStd=0.04, GyroPeak=0.03, JerkPeak=6.3, Impact=false, TemporalScore=0, PostImpact=true, ActiveMotion=false, State=MONITORING, Latency=2ms
09-03 16:48:30.854 D/io_stats(  319): !@ 179,0 r 458425 10117136 w 43243 418108 d 8289 623412 f 3241 4351 iot 665932 0 th 0 0 0 pt 0 inp 0 0 11136.138
09-03 16:48:31.114 D/WatchFallML(17999): Activity=STANDING, FallProb=0.2300, AccPeak=9.62, AccMin=9.45, AccRange=0.16, AccStd=0.04, GyroPeak=0.03, JerkPeak=7.2, Impact=false, TemporalScore=0, PostImpact=true, ActiveMotion=false, State=MONITORING, Latency=2ms
09-03 16:48:31.242 E/BatteryStatsService(  601): Invalid uid for waking network packet: -1
09-03 16:48:31.243 E/BatteryStatsService(  601): Invalid uid for waking network packet: -1
09-03 16:48:31.243 E/BatteryStatsService(  601): Invalid uid for waking network packet: -1
09-03 16:48:31.244 E/BatteryStatsService(  601): Invalid uid for waking network packet: -1
09-03 16:48:31.245 E/BatteryStatsService(  601): Invalid uid for waking network packet: -1
09-03 16:48:31.340 I/hwservicemanager(  287): getTransport: Cannot find entry android.hardware.memtrack@1.0::IMemtrack/default in either framework or device VINTF manifest.
09-03 16:48:31.353 I/hwservicemanager(  287): getTransport: Cannot find entry android.hardware.memtrack@1.0::IMemtrack/default in either framework or device VINTF manifest.
09-03 16:48:31.355 E/HidlServiceManagement(18905): Service android.hardware.memtrack@1.0::IMemtrack/default must be in VINTF manifest in order to register/get.
09-03 16:48:31.356 E/LegacySupport(18905): Could not register service android.hardware.memtrack@1.0::IMemtrack/default (-2147483648).
09-03 16:48:31.498 D/WatchFallML(17999): Activity=STANDING, FallProb=0.2200, AccPeak=9.62, AccMin=9.44, AccRange=0.18, AccStd=0.05, GyroPeak=0.03, JerkPeak=8.8, Impact=false, TemporalScore=0, PostImpact=true, ActiveMotion=false, State=MONITORING, Latency=2ms
09-03 16:48:31.648 I/bt_btm_pm( 1193): system/stack/acl/btm_pm.cc:280 BTM_SetPowerMode: Setting power mode for peer:xx:xx:xx:xx:71:14 current_mode:immediate:active[0] new_mode:forced:sniff[2]
09-03 16:48:31.649 I/bt_btm_pm( 1193): system/stack/acl/btm_pm.cc:573 btm_pm_snd_md_req: Switching from immediate:active[0x00] to immediate:sniff[0x02]
09-03 16:48:31.649 I/bt_btm_pm( 1193): system/stack/acl/btm_pm.cc:963 btm_sniff_wakelock: set sniff wakelock
09-03 16:48:31.665 I/bt_btm_pm( 1193): system/stack/acl/btm_pm.cc:720 btm_pm_proc_mode_change: Power mode switched from immediate:pending[5] to immediate:sniff[2]
09-03 16:48:31.699 I/bt_btm_pm( 1193): system/stack/acl/btm_pm.cc:958 btm_sniff_wakelock_timeout: btm sniff wakelock timeout
09-03 16:48:31.705 V/LocationManagerService(  601): passive provider registration 1000/android[SensorNotificationService]/55F1BC4A dropped delivery - too close
09-03 16:48:31.705 V/LocationManagerService(  601): passive provider registration 5010/com.samsung.android.watch.runestone.app/CF6603C7 dropped delivery - too fast (deltaMs=1986).
09-03 16:48:31.784 D/WatchFallML(17999): Activity=STANDING, FallProb=0.2200, AccPeak=9.61, AccMin=9.43, AccRange=0.19, AccStd=0.05, GyroPeak=0.03, JerkPeak=8.8, Impact=false, TemporalScore=0, PostImpact=true, ActiveMotion=false, State=MONITORING, Latency=3ms
09-03 16:48:32.210 D/WatchFallML(17999): Activity=STANDING, FallProb=0.2100, AccPeak=9.64, AccMin=9.37, AccRange=0.27, AccStd=0.05, GyroPeak=0.03, JerkPeak=10.0, Impact=false, TemporalScore=0, PostImpact=true, ActiveMotion=false, State=MONITORING, Latency=11ms
09-03 16:48:32.246 D/WifiHAL (  458): GetLinkStatCommand: zero radio case
09-03 16:48:32.288 D/SYSTEM_UI( 1181): QuickpanelView$$ExternalSyntheticOutline0.m(13): wifi rssi : -66
09-03 16:48:32.296 D/SYSTEM_UI( 1181): WifiConnection$2.onReceive(42): wifi rssi level : 3
09-03 16:48:32.301 D/SYSTEM_UI( 1181): QuickpanelView$$ExternalSyntheticOutline0.m(13): updateMainIcon mMainIconResId= 2131233882
09-03 16:48:32.352 E/BatteryStatsService(  601): Invalid uid for waking network packet: -1
09-03 16:48:32.353 E/BatteryStatsService(  601): Invalid uid for waking network packet: -1
09-03 16:48:32.353 E/BatteryStatsService(  601): Invalid uid for waking network packet: -1
09-03 16:48:32.354 E/BatteryStatsService(  601): Invalid uid for waking network packet: -1
09-03 16:48:32.443 I/ilesensorlogger(17999): Background concurrent mark compact GC freed 6188KB AllocSpace bytes, 0(0B) LOS objects, 21% free, 21MB/27MB, paused 4.701ms,11.391ms total 372.919ms
09-03 16:48:32.479 D/WatchFallML(17999): Activity=STANDING, FallProb=0.2000, AccPeak=9.64, AccMin=9.37, AccRange=0.27, AccStd=0.05, GyroPeak=0.03, JerkPeak=10.0, Impact=false, TemporalScore=0, PostImpact=true, ActiveMotion=false, State=MONITORING, Latency=3ms
09-03 16:48:32.487 W/display (  451): Winconfig time (15 ms)
09-03 16:48:32.763 D/WatchFallML(17999): Activity=STANDING, FallProb=0.2000, AccPeak=9.60, AccMin=9.43, AccRange=0.17, AccStd=0.04, GyroPeak=0.03, JerkPeak=7.0, Impact=false, TemporalScore=0, PostImpact=true, ActiveMotion=false, State=MONITORING, Latency=11ms
09-03 16:48:32.775 E/BatteryStatsService(  601): Invalid uid for waking network packet: -1
09-03 16:48:32.782 E/BatteryStatsService(  601): Invalid uid for waking network packet: -1
09-03 16:48:32.783 E/BatteryStatsService(  601): Invalid uid for waking network packet: -1
09-03 16:48:32.784 E/BatteryStatsService(  601): Invalid uid for waking network packet: -1
09-03 16:48:32.858 D/io_stats(  319): !@ Read_top(KB): system_server(601) 8
09-03 16:48:33.161 D/WatchFallML(17999): Activity=STANDING, FallProb=0.1900, AccPeak=9.61, AccMin=9.43, AccRange=0.19, AccStd=0.04, GyroPeak=0.03, JerkPeak=5.2, Impact=false, TemporalScore=0, PostImpact=true, ActiveMotion=false, State=MONITORING, Latency=10ms
09-03 16:48:33.163 I/wpa_supplicant( 1095): Heartbeat 1092
09-03 16:48:33.295 E/Watchdog(  601): !@Sync: 371 heap: 56 / 60 FD: 776 [2026-09-03 16:48:33.294]
09-03 16:48:33.443 D/WatchFallML(17999): Activity=STANDING, FallProb=0.1800, AccPeak=9.61, AccMin=9.43, AccRange=0.18, AccStd=0.04, GyroPeak=0.03, JerkPeak=5.6, Impact=false, TemporalScore=0, PostImpact=true, ActiveMotion=false, State=MONITORING, Latency=8ms
09-03 16:48:33.484 I/bt_btm_pm( 1193): system/stack/acl/btm_pm.cc:720 btm_pm_proc_mode_change: Power mode switched from immediate:sniff[2] to immediate:active[0]
09-03 16:48:33.648 V/LocationManagerService(  601): passive provider registration 1000/android[SensorNotificationService]/55F1BC4A dropped delivery - too close
09-03 16:48:33.648 V/LocationManagerService(  601): passive provider registration 5010/com.samsung.android.watch.runestone.app/CF6603C7 dropped delivery - too fast (deltaMs=2996).
09-03 16:48:33.661 V/LocationManagerService(  601): passive provider registration 1000/android[SensorNotificationService]/55F1BC4A dropped delivery - too close
09-03 16:48:33.662 V/LocationManagerService(  601): passive provider registration 5010/com.samsung.android.watch.runestone.app/CF6603C7 dropped delivery - too fast (deltaMs=3985).
09-03 16:48:33.727 D/WatchFallML(17999): Activity=STANDING, FallProb=0.1700, AccPeak=9.57, AccMin=9.39, AccRange=0.18, AccStd=0.05, GyroPeak=0.03, JerkPeak=9.2, Impact=false, TemporalScore=0, PostImpact=true, ActiveMotion=false, State=MONITORING, Latency=2ms
09-03 16:48:33.825 E/BatteryStatsService(  601): Invalid uid for waking network packet: -1
09-03 16:48:33.828 E/BatteryStatsService(  601): Invalid uid for waking network packet: -1
09-03 16:48:33.950 E/BatteryDump(  489): !@new_battery_dump : 4338,89,2000,168,89,409,0,Chg,Normal,Good,INBOX_WRL,90,Normal,0,0,9689,205,0,0xd7,0x8a,0x0f,0x5e,0x01,0x34,0x00,0x01,0,0,8708,4240,1,1,4834,4737,173,4350,0x11,0,2,0x130,0x80,0x56,143,0x3,0x0,0x0
09-03 16:48:33.960 D/BatteryService(  601): Sending ACTION_BATTERY_CHANGED: level:89, status:2, health:2, ac:false, usb:false, wireless:true, misc:0x0, charge_type:1, charger_type:0, voltage:4338, temperature:409, online:11, current_avg:93, hvc:false, capacity:280000, current_event:0x0, current_now:89, mcc:0, mcv:0, cc:322560, present:true, scale:100, technology:Li-ion
09-03 16:48:33.974 D/PowerUI ( 1181): onReceive() Received Action =  android.intent.action.BATTERY_CHANGED
09-03 16:48:33.974 D/PowerUI ( 1181): plugged=true
09-03 16:48:33.975 I/PowerUI ( 1181): ACTION_BATTERY_CHANGED : mPlugType=4 mBatteryStatus=2
09-03 16:48:33.975 I/PowerUI ( 1181): oldMisalign : false, curMisalign : false
09-03 16:48:33.976 I/PowerUI ( 1181): maybeShowBatteryWarningV2 plugged=true bucket=1
09-03 16:48:33.977 I/PowerUI.NotificationHelper( 1181): cancelNotification  notificationID = 9009
09-03 16:48:33.979 D/SYSTEM_UI( 1181): BatteryIndicatorPresenter$3.onReceive(19): onReceive() Received Action =  android.intent.action.BATTERY_CHANGED
09-03 16:48:33.980 D/SYSTEM_UI( 1181): BatteryIndicatorPresenter$3.onReceive(103): level          89 --> 89
09-03 16:48:33.980 D/SYSTEM_UI( 1181): BatteryIndicatorPresenter$3.onReceive(130): status         2 --> 2
09-03 16:48:34.006 I/NfcWirelessCharge( 1164): chargeMode: 4, isWirelessCharging: true
09-03 16:48:34.009 D/AdaptiveBrightnessLongtermModelBuilder(  601): Received android.intent.action.BATTERY_CHANGED
09-03 16:48:34.116 D/WatchFallML(17999): Activity=STANDING, FallProb=0.1600, AccPeak=9.60, AccMin=9.39, AccRange=0.21, AccStd=0.05, GyroPeak=0.03, JerkPeak=9.2, Impact=false, TemporalScore=0, PostImpact=true, ActiveMotion=false, State=MONITORING, Latency=2ms
09-03 16:48:34.423 D/WatchFallML(17999): Activity=STANDING, FallProb=0.1500, AccPeak=9.60, AccMin=9.43, AccRange=0.17, AccStd=0.04, GyroPeak=0.03, JerkPeak=3.7, Impact=false, TemporalScore=0, PostImpact=true, ActiveMotion=false, State=MONITORING, Latency=2ms
09-03 16:48:34.468 I/Watchface( 1109): [ModelBattery] action:android.intent.action.BATTERY_CHANGED
09-03 16:48:34.468 I/Watchface( 1109): [ModelBattery] scale[100] level[89] status[2] isCharging[true] batteryLow[false]
09-03 16:48:34.468 I/Watchface( 1109): [ModelBattery] putAll to pendingUpdatedValues!! size:2
09-03 16:48:34.614 I/bt_btm_pm( 1193): system/stack/acl/btm_pm.cc:280 BTM_SetPowerMode: Setting power mode for peer:xx:xx:xx:xx:71:14 current_mode:immediate:active[0] new_mode:forced:sniff[2]
09-03 16:48:34.614 I/bt_btm_pm( 1193): system/stack/acl/btm_pm.cc:573 btm_pm_snd_md_req: Switching from immediate:active[0x00] to immediate:sniff[0x02]
09-03 16:48:34.614 I/bt_btm_pm( 1193): system/stack/acl/btm_pm.cc:963 btm_sniff_wakelock: set sniff wakelock
09-03 16:48:34.639 I/bt_btm_pm( 1193): system/stack/acl/btm_pm.cc:720 btm_pm_proc_mode_change: Power mode switched from immediate:pending[5] to immediate:sniff[2]
09-03 16:48:34.660 V/LocationManagerService(  601): passive provider registration 1000/android[SensorNotificationService]/55F1BC4A dropped delivery - too close
09-03 16:48:34.660 V/LocationManagerService(  601): passive provider registration 5010/com.samsung.android.watch.runestone.app/CF6603C7 dropped delivery - too fast (deltaMs=4995).
09-03 16:48:34.665 I/bt_btm_pm( 1193): system/stack/acl/btm_pm.cc:958 btm_sniff_wakelock_timeout: btm sniff wakelock timeout
09-03 16:48:34.742 D/WatchFallML(17999): Activity=STANDING, FallProb=0.1400, AccPeak=9.59, AccMin=9.36, AccRange=0.23, AccStd=0.05, GyroPeak=0.03, JerkPeak=9.6, Impact=false, TemporalScore=0, PostImpact=true, ActiveMotion=false, State=MONITORING, Latency=2ms
09-03 16:48:34.860 D/io_stats(  319): !@ 179,0 r 458425 10117136 w 43245 418116 d 8289 623412 f 3241 4351 iot 665936 0 th 0 0 0 pt 0 inp 0 0 11140.143
09-03 16:48:34.936 I/adbd    ( 1489): New TLS connection [fd=25]
09-03 16:48:34.938 I/adbd    ( 1489): host-25: write thread spawning
09-03 16:48:34.943 I/adbd    ( 1489): host-25: read thread spawning
09-03 16:48:34.944 I/adbd    ( 1489): host-25: read failed: Success
09-03 16:48:34.944 I/adbd    ( 1489): host-25: connection terminated: read failed
09-03 16:48:34.945 I/adbd    ( 1489): BlockingConnectionAdapter(host-25): stopping
09-03 16:48:34.947 I/adbd    ( 1489): BlockingConnectionAdapter(host-25): stopped
09-03 16:48:34.947 I/adbd    ( 1489): BlockingConnectionAdapter(host-25): destructing
09-03 16:48:34.947 I/adbd    ( 1489): BlockingConnectionAdapter(host-25): already stopped
09-03 16:48:34.949 E/BatteryStatsService(  601): Invalid uid for waking network packet: -1
09-03 16:48:34.952 E/BatteryStatsService(  601): Invalid uid for waking network packet: -1
09-03 16:48:34.953 E/BatteryStatsService(  601): Invalid uid for waking network packet: -1
09-03 16:48:34.955 E/BatteryStatsService(  601): Invalid uid for waking network packet: -1
09-03 16:48:35.131 D/WatchFallML(17999): Activity=STANDING, FallProb=0.1600, AccPeak=9.63, AccMin=9.36, AccRange=0.27, AccStd=0.06, GyroPeak=0.03, JerkPeak=9.6, Impact=false, TemporalScore=0, PostImpact=true, ActiveMotion=false, State=MONITORING, Latency=14ms
09-03 16:48:35.399 D/WifiHAL (  458): GetLinkStatCommand: zero radio case
09-03 16:48:35.451 D/SYSTEM_UI( 1181): QuickpanelView$$ExternalSyntheticOutline0.m(13): wifi rssi : -62
09-03 16:48:35.453 D/SYSTEM_UI( 1181): WifiConnection$2.onReceive(42): wifi rssi level : 4
09-03 16:48:35.454 D/SYSTEM_UI( 1181): QuickpanelView$$ExternalSyntheticOutline0.m(13): updateMainIcon mMainIconResId= 2131233883
09-03 16:48:35.476 D/WatchFallML(17999): Activity=STANDING, FallProb=0.1500, AccPeak=9.63, AccMin=9.37, AccRange=0.26, AccStd=0.05, GyroPeak=0.03, JerkPeak=9.4, Impact=false, TemporalScore=0, PostImpact=true, ActiveMotion=false, State=MONITORING, Latency=3ms
09-03 16:48:35.758 D/WatchFallML(17999): Activity=STANDING, FallProb=0.1700, AccPeak=9.60, AccMin=9.42, AccRange=0.18, AccStd=0.04, GyroPeak=0.03, JerkPeak=5.7, Impact=false, TemporalScore=0, PostImpact=true, ActiveMotion=false, State=MONITORING, Latency=8ms
09-03 16:48:36.145 D/WatchFallML(17999): Activity=STANDING, FallProb=0.1700, AccPeak=9.57, AccMin=9.42, AccRange=0.15, AccStd=0.04, GyroPeak=0.03, JerkPeak=5.1, Impact=false, TemporalScore=0, PostImpact=true, ActiveMotion=false, State=MONITORING, Latency=6ms
09-03 16:48:36.354 I/hwservicemanager(  287): getTransport: Cannot find entry android.hardware.memtrack@1.0::IMemtrack/default in either framework or device VINTF manifest.
09-03 16:48:36.368 I/hwservicemanager(  287): getTransport: Cannot find entry android.hardware.memtrack@1.0::IMemtrack/default in either framework or device VINTF manifest.
09-03 16:48:36.369 E/HidlServiceManagement(18910): Service android.hardware.memtrack@1.0::IMemtrack/default must be in VINTF manifest in order to register/get.
09-03 16:48:36.370 E/LegacySupport(18910): Could not register service android.hardware.memtrack@1.0::IMemtrack/default (-2147483648).
09-03 16:48:36.435 D/WatchFallML(17999): Activity=STANDING, FallProb=0.1700, AccPeak=9.60, AccMin=9.44, AccRange=0.16, AccStd=0.04, GyroPeak=0.03, JerkPeak=5.0, Impact=false, TemporalScore=0, PostImpact=true, ActiveMotion=false, State=MONITORING, Latency=2ms
09-03 16:48:36.478 I/bt_btm_pm( 1193): system/stack/acl/btm_pm.cc:720 btm_pm_proc_mode_change: Power mode switched from immediate:sniff[2] to immediate:active[0]
09-03 16:48:36.641 V/LocationManagerService(  601): passive provider registration 1000/android[SensorNotificationService]/55F1BC4A dropped delivery - too close
09-03 16:48:36.646 V/LocationManagerService(  601): passive provider registration 5010/com.samsung.android.watch.runestone.app/CF6603C7 dropped delivery - too fast (deltaMs=6004).
09-03 16:48:36.738 D/WatchFallML(17999): Activity=STANDING, FallProb=0.1700, AccPeak=9.65, AccMin=9.42, AccRange=0.23, AccStd=0.05, GyroPeak=0.03, JerkPeak=7.6, Impact=false, TemporalScore=0, PostImpact=true, ActiveMotion=false, State=MONITORING, Latency=2ms
09-03 16:48:36.746 V/LocationManagerService(  601): passive provider registration 1000/android[SensorNotificationService]/55F1BC4A dropped delivery - too close
09-03 16:48:36.746 V/LocationManagerService(  601): passive provider registration 5010/com.samsung.android.watch.runestone.app/CF6603C7 dropped delivery - too fast (deltaMs=7001).
09-03 16:48:36.861 D/io_stats(  319): !@ Write_top(KB): vendor.samsung.(489) 8
09-03 16:48:36.993 E/BatteryStatsService(  601): Invalid uid for waking network packet: -1
09-03 16:48:36.995 E/BatteryStatsService(  601): Invalid uid for waking network packet: -1
09-03 16:48:36.996 E/BatteryStatsService(  601): Invalid uid for waking network packet: -1
09-03 16:48:36.997 E/BatteryStatsService(  601): Invalid uid for waking network packet: -1
09-03 16:48:36.997 E/BatteryStatsService(  601): Invalid uid for waking network packet: -1
09-03 16:48:37.121 D/WatchFallML(17999): Activity=STANDING, FallProb=0.1800, AccPeak=9.65, AccMin=9.41, AccRange=0.24, AccStd=0.06, GyroPeak=0.03, JerkPeak=7.6, Impact=false, TemporalScore=0, PostImpact=true, ActiveMotion=false, State=MONITORING, Latency=2ms
09-03 16:48:37.436 D/WatchFallML(17999): Activity=STANDING, FallProb=0.1600, AccPeak=9.59, AccMin=9.41, AccRange=0.18, AccStd=0.04, GyroPeak=0.03, JerkPeak=6.4, Impact=false, TemporalScore=0, PostImpact=true, ActiveMotion=false, State=MONITORING, Latency=8ms
09-03 16:48:37.669 V/LocationManagerService(  601): passive provider registration 1000/android[SensorNotificationService]/55F1BC4A dropped delivery - too close
09-03 16:48:37.669 V/LocationManagerService(  601): passive provider registration 5010/com.samsung.android.watch.runestone.app/CF6603C7 dropped delivery - too fast (deltaMs=7999).
09-03 16:48:37.810 D/WatchFallML(17999): Activity=STANDING, FallProb=0.1700, AccPeak=9.60, AccMin=9.46, AccRange=0.14, AccStd=0.04, GyroPeak=0.03, JerkPeak=6.4, Impact=false, TemporalScore=0, PostImpact=true, ActiveMotion=false, State=MONITORING, Latency=2ms
09-03 16:48:38.095 D/WatchFallML(17999): Activity=STANDING, FallProb=0.1900, AccPeak=9.64, AccMin=9.45, AccRange=0.18, AccStd=0.05, GyroPeak=0.03, JerkPeak=7.2, Impact=false, TemporalScore=0, PostImpact=true, ActiveMotion=false, State=MONITORING, Latency=2ms
09-03 16:48:38.420 D/WatchFallML(17999): Activity=STANDING, FallProb=0.1500, AccPeak=9.64, AccMin=9.44, AccRange=0.20, AccStd=0.05, GyroPeak=0.03, JerkPeak=7.9, Impact=false, TemporalScore=0, PostImpact=true, ActiveMotion=false, State=MONITORING, Latency=9ms
09-03 16:48:38.541 D/WifiHAL (  458): GetLinkStatCommand: zero radio case
09-03 16:48:38.651 I/bt_btm_pm( 1193): system/stack/acl/btm_pm.cc:280 BTM_SetPowerMode: Setting power mode for peer:xx:xx:xx:xx:71:14 current_mode:immediate:active[0] new_mode:forced:sniff[2]
09-03 16:48:38.651 I/bt_btm_pm( 1193): system/stack/acl/btm_pm.cc:573 btm_pm_snd_md_req: Switching from immediate:active[0x00] to immediate:sniff[0x02]
09-03 16:48:38.651 I/bt_btm_pm( 1193): system/stack/acl/btm_pm.cc:963 btm_sniff_wakelock: set sniff wakelock
09-03 16:48:38.702 I/bt_btm_pm( 1193): system/stack/acl/btm_pm.cc:958 btm_sniff_wakelock_timeout: btm sniff wakelock timeout
09-03 16:48:38.721 V/LocationManagerService(  601): passive provider registration 1000/android[SensorNotificationService]/55F1BC4A dropped delivery - too close
09-03 16:48:38.721 V/LocationManagerService(  601): passive provider registration 5010/com.samsung.android.watch.runestone.app/CF6603C7 dropped delivery - too fast (deltaMs=9011).
09-03 16:48:38.730 I/bt_btm_pm( 1193): system/stack/acl/btm_pm.cc:720 btm_pm_proc_mode_change: Power mode switched from immediate:pending[5] to immediate:sniff[2]
09-03 16:48:38.759 E/SSRM:DHMS_BASEFRAMEWORK(  601): e = /sys/class/sec/sec-cp-thermistor/temperature: open failed: ENOENT (No such file or directory)
09-03 16:48:38.762 I/SSRM:Temperature(  601): SIOP:: AP : 436 CP : -999 BLK : 440 BAT : 409
09-03 16:48:38.785 D/WatchFallML(17999): Activity=STANDING, FallProb=0.1700, AccPeak=9.61, AccMin=9.43, AccRange=0.17, AccStd=0.05, GyroPeak=0.03, JerkPeak=7.9, Impact=false, TemporalScore=0, PostImpact=true, ActiveMotion=false, State=MONITORING, Latency=2ms
09-03 16:48:38.975 E/BatteryStatsService(  601): Invalid uid for waking network packet: -1
09-03 16:48:39.103 D/WatchFallML(17999): Activity=STANDING, FallProb=0.1600, AccPeak=9.61, AccMin=9.38, AccRange=0.23, AccStd=0.05, GyroPeak=0.03, JerkPeak=9.2, Impact=false, TemporalScore=0, PostImpact=true, ActiveMotion=false, State=MONITORING, Latency=17ms
09-03 16:48:39.458 D/WatchFallML(17999): Activity=STANDING, FallProb=0.1600, AccPeak=9.60, AccMin=9.38, AccRange=0.23, AccStd=0.05, GyroPeak=0.03, JerkPeak=9.2, Impact=false, TemporalScore=0, PostImpact=true, ActiveMotion=false, State=MONITORING, Latency=2ms
09-03 16:48:39.769 D/WatchFallML(17999): Activity=STANDING, FallProb=0.1600, AccPeak=9.60, AccMin=9.38, AccRange=0.23, AccStd=0.04, GyroPeak=0.03, JerkPeak=6.3, Impact=false, TemporalScore=0, PostImpact=true, ActiveMotion=false, State=MONITORING, Latency=17ms
09-03 16:48:40.136 D/WatchFallML(17999): Activity=STANDING, FallProb=0.1600, AccPeak=9.56, AccMin=9.38, AccRange=0.18, AccStd=0.04, GyroPeak=0.03, JerkPeak=6.4, Impact=false, TemporalScore=0, PostImpact=true, ActiveMotion=false, State=MONITORING, Latency=3ms
09-03 16:48:40.221 E/BatteryStatsService(  601): Invalid uid for waking network packet: -1
09-03 16:48:40.467 I/bt_btm_pm( 1193): system/stack/acl/btm_pm.cc:720 btm_pm_proc_mode_change: Power mode switched from immediate:sniff[2] to immediate:active[0]
09-03 16:48:40.516 V/LocationManagerService(  601): passive provider registration 1000/android[SensorNotificationService]/55F1BC4A dropped delivery - too close
09-03 16:48:40.516 V/LocationManagerService(  601): passive provider registration 5010/com.samsung.android.watch.runestone.app/CF6603C7 dropped delivery - too fast (deltaMs=9993).
09-03 16:48:40.530 D/WatchFallML(17999): Activity=STANDING, FallProb=0.1600, AccPeak=9.57, AccMin=9.38, AccRange=0.19, AccStd=0.04, GyroPeak=0.03, JerkPeak=6.4, Impact=false, TemporalScore=0, PostImpact=true, ActiveMotion=false, State=MONITORING, Latency=24ms
09-03 16:48:40.669 V/LocationManagerService(  601): passive provider registration 1000/android[SensorNotificationService]/55F1BC4A dropped delivery - too close
09-03 16:48:40.669 V/LocationManagerService(  601): passive provider registration 5010/com.samsung.android.watch.runestone.app/CF6603C7 dropped delivery - too fast (deltaMs=11000).
09-03 16:48:40.802 D/WatchFallML(17999): Activity=STANDING, FallProb=0.1600, AccPeak=9.57, AccMin=9.43, AccRange=0.14, AccStd=0.04, GyroPeak=0.03, JerkPeak=4.8, Impact=false, TemporalScore=0, PostImpact=true, ActiveMotion=false, State=MONITORING, Latency=10ms
09-03 16:48:41.149 D/WatchFallML(17999): Activity=STANDING, FallProb=0.1500, AccPeak=9.56, AccMin=9.43, AccRange=0.14, AccStd=0.04, GyroPeak=0.03, JerkPeak=4.8, Impact=false, TemporalScore=0, PostImpact=true, ActiveMotion=false, State=MONITORING, Latency=11ms
09-03 16:48:41.506 I/hwservicemanager(  287): getTransport: Cannot find entry android.hardware.memtrack@1.0::IMemtrack/default in either framework or device VINTF manifest.
09-03 16:48:41.506 D/WatchFallML(17999): Activity=STANDING, FallProb=0.1400, AccPeak=9.58, AccMin=9.44, AccRange=0.14, AccStd=0.04, GyroPeak=0.03, JerkPeak=4.6, Impact=false, TemporalScore=0, PostImpact=true, ActiveMotion=false, State=MONITORING, Latency=3ms
09-03 16:48:41.521 I/hwservicemanager(  287): getTransport: Cannot find entry android.hardware.memtrack@1.0::IMemtrack/default in either framework or device VINTF manifest.
09-03 16:48:41.522 E/HidlServiceManagement(18911): Service android.hardware.memtrack@1.0::IMemtrack/default must be in VINTF manifest in order to register/get.
09-03 16:48:41.523 E/LegacySupport(18911): Could not register service android.hardware.memtrack@1.0::IMemtrack/default (-2147483648).
09-03 16:48:41.632 I/bt_btm_pm( 1193): system/stack/acl/btm_pm.cc:280 BTM_SetPowerMode: Setting power mode for peer:xx:xx:xx:xx:71:14 current_mode:immediate:active[0] new_mode:forced:sniff[2]
09-03 16:48:41.632 I/bt_btm_pm( 1193): system/stack/acl/btm_pm.cc:573 btm_pm_snd_md_req: Switching from immediate:active[0x00] to immediate:sniff[0x02]
09-03 16:48:41.632 I/bt_btm_pm( 1193): system/stack/acl/btm_pm.cc:963 btm_sniff_wakelock: set sniff wakelock
09-03 16:48:41.654 D/WifiHAL (  458): GetLinkStatCommand: zero radio case
09-03 16:48:41.684 I/bt_btm_pm( 1193): system/stack/acl/btm_pm.cc:958 btm_sniff_wakelock_timeout: btm sniff wakelock timeout
09-03 16:48:41.685 I/bt_btm_pm( 1193): system/stack/acl/btm_pm.cc:720 btm_pm_proc_mode_change: Power mode switched from immediate:pending[5] to immediate:sniff[2]
09-03 16:48:41.734 V/LocationManagerService(  601): passive provider registration 1000/android[SensorNotificationService]/55F1BC4A dropped delivery - too close
09-03 16:48:41.734 V/LocationManagerService(  601): passive provider registration 5010/com.samsung.android.watch.runestone.app/CF6603C7 dropped delivery - too fast (deltaMs=12001).
09-03 16:48:41.768 D/WatchFallML(17999): Activity=STANDING, FallProb=0.1400, AccPeak=9.59, AccMin=9.44, AccRange=0.15, AccStd=0.04, GyroPeak=0.03, JerkPeak=4.6, Impact=false, TemporalScore=0, PostImpact=true, ActiveMotion=false, State=MONITORING, Latency=2ms
09-03 16:48:42.081 E/BatteryStatsService(  601): Invalid uid for waking network packet: -1
09-03 16:48:42.083 E/BatteryStatsService(  601): Invalid uid for waking network packet: -1
09-03 16:48:42.083 E/BatteryStatsService(  601): Invalid uid for waking network packet: -1
09-03 16:48:42.151 D/WatchFallML(17999): Activity=STANDING, FallProb=0.1600, AccPeak=9.59, AccMin=9.40, AccRange=0.19, AccStd=0.04, GyroPeak=0.03, JerkPeak=6.7, Impact=false, TemporalScore=0, PostImpact=true, ActiveMotion=false, State=MONITORING, Latency=2ms
09-03 16:48:42.212 I/ilesensorlogger(17999): Background concurrent mark compact GC freed 6064KB AllocSpace bytes, 0(0B) LOS objects, 21% free, 21MB/27MB, paused 2.909ms,11.890ms total 214.963ms
09-03 16:48:42.447 D/WatchFallML(17999): Activity=STANDING, FallProb=0.1700, AccPeak=9.60, AccMin=9.40, AccRange=0.19, AccStd=0.03, GyroPeak=0.03, JerkPeak=6.7, Impact=false, TemporalScore=0, PostImpact=true, ActiveMotion=false, State=MONITORING, Latency=2ms
09-03 16:48:42.765 D/WatchFallML(17999): Activity=STANDING, FallProb=0.1700, AccPeak=9.61, AccMin=9.49, AccRange=0.12, AccStd=0.03, GyroPeak=0.03, JerkPeak=5.1, Impact=false, TemporalScore=0, PostImpact=true, ActiveMotion=false, State=MONITORING, Latency=10ms
09-03 16:48:43.097 D/WatchFallML(17999): Activity=STANDING, FallProb=0.1700, AccPeak=9.63, AccMin=9.45, AccRange=0.18, AccStd=0.04, GyroPeak=0.03, JerkPeak=9.0, Impact=false, TemporalScore=0, PostImpact=true, ActiveMotion=false, State=MONITORING, Latency=8ms
09-03 16:48:43.165 I/wpa_supplicant( 1095): Heartbeat 1093
09-03 16:48:43.294 E/BatteryStatsService(  601): Invalid uid for waking network packet: -1
09-03 16:48:43.295 E/BatteryStatsService(  601): Invalid uid for waking network packet: -1
09-03 16:48:43.297 E/BatteryStatsService(  601): Invalid uid for waking network packet: -1
09-03 16:48:43.298 E/BatteryStatsService(  601): Invalid uid for waking network packet: -1
09-03 16:48:43.301 E/BatteryStatsService(  601): Invalid uid for waking network packet: -1
09-03 16:48:43.302 E/BatteryStatsService(  601): Invalid uid for waking network packet: -1
09-03 16:48:43.302 E/BatteryStatsService(  601): Invalid uid for waking network packet: -1
09-03 16:48:43.459 I/bt_btm_pm( 1193): system/stack/acl/btm_pm.cc:720 btm_pm_proc_mode_change: Power mode switched from immediate:sniff[2] to immediate:active[0]
09-03 16:48:43.479 D/WatchFallML(17999): Activity=STANDING, FallProb=0.1800, AccPeak=9.63, AccMin=9.44, AccRange=0.20, AccStd=0.04, GyroPeak=0.03, JerkPeak=9.0, Impact=false, TemporalScore=0, PostImpact=true, ActiveMotion=false, State=MONITORING, Latency=6ms
09-03 16:48:43.544 V/LocationManagerService(  601): passive provider registration 1000/android[SensorNotificationService]/55F1BC4A dropped delivery - too close
09-03 16:48:43.544 V/LocationManagerService(  601): passive provider registration 5010/com.samsung.android.watch.runestone.app/CF6603C7 dropped delivery - too fast (deltaMs=13011).
09-03 16:48:43.677 V/LocationManagerService(  601): passive provider registration 1000/android[SensorNotificationService]/55F1BC4A dropped delivery - too close
09-03 16:48:43.677 V/LocationManagerService(  601): passive provider registration 5010/com.samsung.android.watch.runestone.app/CF6603C7 dropped delivery - too fast (deltaMs=14005).
09-03 16:48:43.833 D/WatchFallML(17999): Activity=STANDING, FallProb=0.1900, AccPeak=9.63, AccMin=9.43, AccRange=0.20, AccStd=0.04, GyroPeak=0.03, JerkPeak=10.0, Impact=false, TemporalScore=0, PostImpact=true, ActiveMotion=false, State=MONITORING, Latency=19ms
09-03 16:48:44.034 E/BatteryDump(  489): !@new_battery_dump : 4336,86,2000,168,89,411,0,Chg,Normal,Good,INBOX_WRL,90,Normal,0,0,9689,205,0,0xc3,0x8a,0x0f,0x5e,0x01,0x34,0x00,0x01,0,0,8715,4241,1,1,4834,4737,173,4359,0x11,0,2,0x130,0x80,0x56,143,0x3,0x0,0x0
09-03 16:48:44.047 D/[SS]BattFunctions(  601): [sendRemainingChargingTimeChangedIntent]remainingChargingTime:1697 ,mLastRemainingChargingTime:1702
09-03 16:48:44.047 D/BatteryService(  601): Sending ACTION_BATTERY_CHANGED: level:89, status:2, health:2, ac:false, usb:false, wireless:true, misc:0x0, charge_type:1, charger_type:0, voltage:4336, temperature:411, online:11, current_avg:88, hvc:false, capacity:280000, current_event:0x0, current_now:86, mcc:0, mcv:0, cc:322560, present:true, scale:100, technology:Li-ion
09-03 16:48:44.077 D/SYSTEM_UI( 1181): BatteryIndicatorPresenter$3.onReceive(19): onReceive() Received Action =  android.intent.action.BATTERY_CHANGED
09-03 16:48:44.078 D/SYSTEM_UI( 1181): BatteryIndicatorPresenter$3.onReceive(103): level          89 --> 89
09-03 16:48:44.078 D/SYSTEM_UI( 1181): BatteryIndicatorPresenter$3.onReceive(130): status         2 --> 2
09-03 16:48:44.114 D/AdaptiveBrightnessLongtermModelBuilder(  601): Received android.intent.action.BATTERY_CHANGED
09-03 16:48:44.119 D/PowerUI ( 1181): onReceive() Received Action =  android.intent.action.BATTERY_CHANGED
09-03 16:48:44.119 D/PowerUI ( 1181): plugged=true
09-03 16:48:44.119 I/PowerUI ( 1181): ACTION_BATTERY_CHANGED : mPlugType=4 mBatteryStatus=2
09-03 16:48:44.119 I/PowerUI ( 1181): oldMisalign : false, curMisalign : false
09-03 16:48:44.123 I/NfcWirelessCharge( 1164): chargeMode: 4, isWirelessCharging: true
09-03 16:48:44.124 D/PowerUI ( 1181): onReceive() Received Action =  com.samsung.server.BatteryService.action.SEC_BATTERY_REMAINING_CHARGING_TIME_CHANGED
09-03 16:48:44.124 D/PowerUI ( 1181): onReceive() Unsupported Action 
09-03 16:48:44.125 I/PowerUI ( 1181): maybeShowBatteryWarningV2 plugged=true bucket=1
09-03 16:48:44.125 I/PowerUI.NotificationHelper( 1181): cancelNotification  notificationID = 9009
09-03 16:48:44.169 D/WatchFallML(17999): Activity=STANDING, FallProb=0.1600, AccPeak=9.64, AccMin=9.43, AccRange=0.21, AccStd=0.05, GyroPeak=0.03, JerkPeak=10.0, Impact=false, TemporalScore=0, PostImpact=true, ActiveMotion=false, State=MONITORING, Latency=2ms
09-03 16:48:44.478 D/WatchFallML(17999): Activity=STANDING, FallProb=0.1600, AccPeak=9.64, AccMin=9.45, AccRange=0.19, AccStd=0.04, GyroPeak=0.03, JerkPeak=6.2, Impact=false, TemporalScore=0, PostImpact=true, ActiveMotion=false, State=MONITORING, Latency=20ms
09-03 16:48:44.566 I/Watchface( 1109): [ModelBattery] action:android.intent.action.BATTERY_CHANGED
09-03 16:48:44.566 I/Watchface( 1109): [ModelBattery] scale[100] level[89] status[2] isCharging[true] batteryLow[false]
09-03 16:48:44.566 I/Watchface( 1109): [ModelBattery] putAll to pendingUpdatedValues!! size:2
09-03 16:48:44.641 I/bt_btm_pm( 1193): system/stack/acl/btm_pm.cc:280 BTM_SetPowerMode: Setting power mode for peer:xx:xx:xx:xx:71:14 current_mode:immediate:active[0] new_mode:forced:sniff[2]
09-03 16:48:44.642 I/bt_btm_pm( 1193): system/stack/acl/btm_pm.cc:573 btm_pm_snd_md_req: Switching from immediate:active[0x00] to immediate:sniff[0x02]
09-03 16:48:44.642 I/bt_btm_pm( 1193): system/stack/acl/btm_pm.cc:963 btm_sniff_wakelock: set sniff wakelock
09-03 16:48:44.667 I/bt_btm_pm( 1193): system/stack/acl/btm_pm.cc:720 btm_pm_proc_mode_change: Power mode switched from immediate:pending[5] to immediate:sniff[2]
09-03 16:48:44.683 V/LocationManagerService(  601): passive provider registration 1000/android[SensorNotificationService]/55F1BC4A dropped delivery - too close
09-03 16:48:44.684 V/LocationManagerService(  601): passive provider registration 5010/com.samsung.android.watch.runestone.app/CF6603C7 dropped delivery - too fast (deltaMs=15001).
09-03 16:48:44.692 I/bt_btm_pm( 1193): system/stack/acl/btm_pm.cc:958 btm_sniff_wakelock_timeout: btm sniff wakelock timeout
09-03 16:48:44.788 D/WifiHAL (  458): GetLinkStatCommand: zero radio case
09-03 16:48:44.830 D/WatchFallML(17999): Activity=STANDING, FallProb=0.1600, AccPeak=9.62, AccMin=9.45, AccRange=0.17, AccStd=0.04, GyroPeak=0.03, JerkPeak=5.5, Impact=false, TemporalScore=0, PostImpact=true, ActiveMotion=false, State=MONITORING, Latency=2ms
09-03 16:48:44.866 D/io_stats(  319): !@ 179,0 r 458425 10117136 w 43247 418124 d 8289 623412 f 3241 4351 iot 665940 0 th 0 0 0 pt 0 inp 0 0 11150.149
09-03 16:48:44.866 D/io_stats(  319): !@ Write_top(KB): vendor.samsung.(489) 8
09-03 16:48:45.128 D/WatchFallML(17999): Activity=STANDING, FallProb=0.1800, AccPeak=9.61, AccMin=9.28, AccRange=0.33, AccStd=0.06, GyroPeak=0.03, JerkPeak=16.7, Impact=false, TemporalScore=0, PostImpact=true, ActiveMotion=false, State=MONITORING, Latency=3ms
09-03 16:48:45.213 E/BatteryStatsService(  601): Invalid uid for waking network packet: -1
09-03 16:48:45.215 E/BatteryStatsService(  601): Invalid uid for waking network packet: -1
09-03 16:48:45.216 E/BatteryStatsService(  601): Invalid uid for waking network packet: -1
09-03 16:48:45.483 D/WatchFallML(17999): Activity=STANDING, FallProb=0.1700, AccPeak=9.65, AccMin=9.28, AccRange=0.37, AccStd=0.06, GyroPeak=0.03, JerkPeak=16.7, Impact=false, TemporalScore=0, PostImpact=true, ActiveMotion=false, State=MONITORING, Latency=4ms
09-03 16:48:45.732 W/dumpsys (18916): Thread Pool max thread count is 0. Cannot cache binder as linkToDeath cannot be implemented. serviceName: window
09-03 16:48:45.762 W/ModifierShortcutManager(  601): No launch intent for role android.app.role.BROWSER
09-03 16:48:45.882 D/WatchFallML(17999): Activity=SITTING, FallProb=0.1700, AccPeak=9.65, AccMin=9.43, AccRange=0.22, AccStd=0.05, GyroPeak=0.03, JerkPeak=8.4, Impact=false, TemporalScore=0, PostImpact=true, ActiveMotion=false, State=MONITORING, Latency=3ms
09-03 16:48:45.958 I/bt_btm_pm( 1193): system/stack/acl/btm_pm.cc:720 btm_pm_proc_mode_change: Power mode switched from immediate:sniff[2] to immediate:active[0]
09-03 16:48:46.104 V/LocationManagerService(  601): passive provider registration 1000/android[SensorNotificationService]/55F1BC4A dropped delivery - too close
09-03 16:48:46.104 V/LocationManagerService(  601): passive provider registration 5010/com.samsung.android.watch.runestone.app/CF6603C7 dropped delivery - too fast (deltaMs=16004).
09-03 16:48:46.155 D/WatchFallML(17999): Activity=SITTING, FallProb=0.1700, AccPeak=9.62, AccMin=9.42, AccRange=0.19, AccStd=0.05, GyroPeak=0.03, JerkPeak=8.3, Impact=false, TemporalScore=0, PostImpact=true, ActiveMotion=false, State=MONITORING, Latency=3ms
09-03 16:48:46.389 I/hwservicemanager(  287): getTransport: Cannot find entry android.hardware.memtrack@1.0::IMemtrack/default in either framework or device VINTF manifest.
09-03 16:48:46.400 I/hwservicemanager(  287): getTransport: Cannot find entry android.hardware.memtrack@1.0::IMemtrack/default in either framework or device VINTF manifest.
09-03 16:48:46.401 E/HidlServiceManagement(18919): Service android.hardware.memtrack@1.0::IMemtrack/default must be in VINTF manifest in order to register/get.
09-03 16:48:46.402 E/LegacySupport(18919): Could not register service android.hardware.memtrack@1.0::IMemtrack/default (-2147483648).
09-03 16:48:46.540 E/BatteryStatsService(  601): Invalid uid for waking network packet: -1
09-03 16:48:46.545 D/WatchFallML(17999): Activity=STANDING, FallProb=0.1700, AccPeak=9.60, AccMin=9.40, AccRange=0.20, AccStd=0.05, GyroPeak=0.03, JerkPeak=9.1, Impact=false, TemporalScore=0, PostImpact=true, ActiveMotion=false, State=MONITORING, Latency=22ms
09-03 16:48:46.700 V/LocationManagerService(  601): passive provider registration 1000/android[SensorNotificationService]/55F1BC4A dropped delivery - too close
09-03 16:48:46.701 V/LocationManagerService(  601): passive provider registration 5010/com.samsung.android.watch.runestone.app/CF6603C7 dropped delivery - too fast (deltaMs=17005).
09-03 16:48:46.831 D/WatchFallML(17999): Activity=SITTING, FallProb=0.1500, AccPeak=9.60, AccMin=9.36, AccRange=0.23, AccStd=0.05, GyroPeak=0.03, JerkPeak=9.1, Impact=false, TemporalScore=0, PostImpact=true, ActiveMotion=false, State=MONITORING, Latency=2ms
09-03 16:48:46.867 D/io_stats(  319): !@ 179,0 r 458428 10117164 w 43249 418140 d 8289 623412 f 3241 4351 iot 665956 0 th 0 0 0 pt 0 inp 0 0 11152.151
09-03 16:48:47.159 D/WatchFallML(17999): Activity=SITTING, FallProb=0.1500, AccPeak=9.59, AccMin=9.36, AccRange=0.23, AccStd=0.05, GyroPeak=0.03, JerkPeak=9.5, Impact=false, TemporalScore=0, PostImpact=true, ActiveMotion=false, State=MONITORING, Latency=13ms
09-03 16:48:47.525 D/WatchFallML(17999): Activity=SITTING, FallProb=0.1500, AccPeak=9.59, AccMin=9.36, AccRange=0.23, AccStd=0.06, GyroPeak=0.03, JerkPeak=9.5, Impact=false, TemporalScore=0, PostImpact=true, ActiveMotion=false, State=MONITORING, Latency=12ms
09-03 16:48:47.696 V/LocationManagerService(  601): passive provider registration 1000/android[SensorNotificationService]/55F1BC4A dropped delivery - too close
09-03 16:48:47.696 V/LocationManagerService(  601): passive provider registration 5010/com.samsung.android.watch.runestone.app/CF6603C7 dropped delivery - too fast (deltaMs=17992).
09-03 16:48:47.794 D/WatchFallML(17999): Activity=SITTING, FallProb=0.1700, AccPeak=9.63, AccMin=9.36, AccRange=0.27, AccStd=0.06, GyroPeak=0.03, JerkPeak=9.1, Impact=false, TemporalScore=0, PostImpact=true, ActiveMotion=false, State=MONITORING, Latency=3ms
09-03 16:48:47.892 D/WifiHAL (  458): GetLinkStatCommand: zero radio case
09-03 16:48:48.121 D/WatchFallML(17999): Activity=SITTING, FallProb=0.1700, AccPeak=9.63, AccMin=9.39, AccRange=0.24, AccStd=0.06, GyroPeak=0.03, JerkPeak=8.9, Impact=false, TemporalScore=0, PostImpact=true, ActiveMotion=false, State=MONITORING, Latency=6ms
09-03 16:48:48.133 I/SurfaceFlinger(  514): SFWD update time=11153416560791
09-03 16:48:48.254 E/BatteryStatsService(  601): Invalid uid for waking network packet: -1
09-03 16:48:48.255 E/BatteryStatsService(  601): Invalid uid for waking network packet: -1
09-03 16:48:48.256 E/BatteryStatsService(  601): Invalid uid for waking network packet: -1
09-03 16:48:48.495 D/WatchFallML(17999): Activity=STANDING, FallProb=0.1600, AccPeak=9.65, AccMin=9.39, AccRange=0.26, AccStd=0.06, GyroPeak=0.03, JerkPeak=10.0, Impact=false, TemporalScore=0, PostImpact=true, ActiveMotion=false, State=MONITORING, Latency=16ms
09-03 16:48:48.675 I/bt_btm_pm( 1193): system/stack/acl/btm_pm.cc:280 BTM_SetPowerMode: Setting power mode for peer:xx:xx:xx:xx:71:14 current_mode:immediate:active[0] new_mode:forced:sniff[2]
09-03 16:48:48.675 I/bt_btm_pm( 1193): system/stack/acl/btm_pm.cc:573 btm_pm_snd_md_req: Switching from immediate:active[0x00] to immediate:sniff[0x02]
09-03 16:48:48.675 I/bt_btm_pm( 1193): system/stack/acl/btm_pm.cc:963 btm_sniff_wakelock: set sniff wakelock
09-03 16:48:48.706 I/bt_btm_pm( 1193): system/stack/acl/btm_pm.cc:720 btm_pm_proc_mode_change: Power mode switched from immediate:pending[5] to immediate:sniff[2]
09-03 16:48:48.711 V/LocationManagerService(  601): passive provider registration 1000/android[SensorNotificationService]/55F1BC4A dropped delivery - too close
09-03 16:48:48.711 V/LocationManagerService(  601): passive provider registration 5010/com.samsung.android.watch.runestone.app/CF6603C7 dropped delivery - too fast (deltaMs=19000).
09-03 16:48:48.726 I/bt_btm_pm( 1193): system/stack/acl/btm_pm.cc:958 btm_sniff_wakelock_timeout: btm sniff wakelock timeout
09-03 16:48:48.826 D/WatchFallML(17999): Activity=STANDING, FallProb=0.1600, AccPeak=9.65, AccMin=9.39, AccRange=0.26, AccStd=0.05, GyroPeak=0.03, JerkPeak=10.0, Impact=false, TemporalScore=0, PostImpact=true, ActiveMotion=false, State=MONITORING, Latency=3ms
09-03 16:48:48.829 E/SSRM:DHMS_BASEFRAMEWORK(  601): e = /sys/class/sec/sec-cp-thermistor/temperature: open failed: ENOENT (No such file or directory)
09-03 16:48:48.839 I/SSRM:Temperature(  601): SIOP:: AP : 437 CP : -999 BLK : 441 BAT : 411
09-03 16:48:48.869 D/io_stats(  319): !@ Read_top(KB): dumpsys(18916) 28
09-03 16:48:48.869 D/io_stats(  319): !@ Write_top(KB): kworker/u4:1(18521) 16
09-03 16:48:49.180 D/WatchFallML(17999): Activity=SITTING, FallProb=0.1800, AccPeak=9.63, AccMin=9.42, AccRange=0.21, AccStd=0.05, GyroPeak=0.03, JerkPeak=8.7, Impact=false, TemporalScore=0, PostImpact=true, ActiveMotion=false, State=MONITORING, Latency=3ms
09-03 16:48:49.470 D/WatchFallML(17999): Activity=SITTING, FallProb=0.1700, AccPeak=9.63, AccMin=9.39, AccRange=0.24, AccStd=0.06, GyroPeak=0.03, JerkPeak=8.7, Impact=false, TemporalScore=0, PostImpact=true, ActiveMotion=false, State=MONITORING, Latency=9ms
09-03 16:48:49.838 D/WatchFallML(17999): Activity=SITTING, FallProb=0.1200, AccPeak=9.63, AccMin=9.39, AccRange=0.24, AccStd=0.05, GyroPeak=0.03, JerkPeak=8.3, Impact=false, TemporalScore=0, PostImpact=true, ActiveMotion=false, State=MONITORING, Latency=2ms
09-03 16:48:50.117 E/BatteryStatsService(  601): Invalid uid for waking network packet: -1
09-03 16:48:50.119 E/BatteryStatsService(  601): Invalid uid for waking network packet: -1
09-03 16:48:50.126 D/WatchFallML(17999): Activity=SITTING, FallProb=0.1300, AccPeak=9.63, AccMin=9.45, AccRange=0.18, AccStd=0.04, GyroPeak=0.03, JerkPeak=8.3, Impact=false, TemporalScore=0, PostImpact=true, ActiveMotion=false, State=MONITORING, Latency=2ms
09-03 16:48:50.441 I/bt_btm_pm( 1193): system/stack/acl/btm_pm.cc:720 btm_pm_proc_mode_change: Power mode switched from immediate:sniff[2] to immediate:active[0]
09-03 16:48:50.487 D/WatchFallML(17999): Activity=SITTING, FallProb=0.1700, AccPeak=9.61, AccMin=9.43, AccRange=0.18, AccStd=0.03, GyroPeak=0.03, JerkPeak=7.1, Impact=false, TemporalScore=0, PostImpact=true, ActiveMotion=false, State=MONITORING, Latency=2ms
09-03 16:48:50.745 V/LocationManagerService(  601): passive provider registration 1000/android[SensorNotificationService]/55F1BC4A dropped delivery - too close
09-03 16:48:50.745 V/LocationManagerService(  601): passive provider registration 5010/com.samsung.android.watch.runestone.app/CF6603C7 dropped delivery - too fast (deltaMs=19997).
09-03 16:48:50.782 V/LocationManagerService(  601): passive provider registration 1000/android[SensorNotificationService]/55F1BC4A dropped delivery - too close
09-03 16:48:50.783 V/LocationManagerService(  601): passive provider registration 5010/com.samsung.android.watch.runestone.app/CF6603C7 dropped delivery - too fast (deltaMs=21006).
09-03 16:48:50.795 D/WatchFallML(17999): Activity=SITTING, FallProb=0.1600, AccPeak=9.62, AccMin=9.36, AccRange=0.26, AccStd=0.05, GyroPeak=0.03, JerkPeak=8.6, Impact=false, TemporalScore=0, PostImpact=true, ActiveMotion=false, State=MONITORING, Latency=2ms
09-03 16:48:50.870 D/io_stats(  319): !@ 179,0 r 458429 10117196 w 43249 418140 d 8289 623412 f 3241 4351 iot 665960 0 th 0 0 0 pt 0 inp 0 0 11156.153
09-03 16:48:50.986 D/WifiHAL (  458): GetLinkStatCommand: zero radio case
09-03 16:48:51.307 D/WatchFallML(17999): Activity=SITTING, FallProb=0.1400, AccPeak=9.62, AccMin=9.36, AccRange=0.26, AccStd=0.05, GyroPeak=0.03, JerkPeak=8.6, Impact=false, TemporalScore=0, PostImpact=true, ActiveMotion=false, State=MONITORING, Latency=88ms
09-03 16:48:51.453 E/BatteryStatsService(  601): Invalid uid for waking network packet: -1
09-03 16:48:51.454 E/BatteryStatsService(  601): Invalid uid for waking network packet: -1
09-03 16:48:51.577 D/WatchFallML(17999): Activity=SITTING, FallProb=0.1600, AccPeak=9.64, AccMin=9.41, AccRange=0.23, AccStd=0.05, GyroPeak=0.03, JerkPeak=7.4, Impact=false, TemporalScore=0, PostImpact=true, ActiveMotion=false, State=MONITORING, Latency=2ms
09-03 16:48:51.616 I/hwservicemanager(  287): getTransport: Cannot find entry android.hardware.memtrack@1.0::IMemtrack/default in either framework or device VINTF manifest.
09-03 16:48:51.627 I/hwservicemanager(  287): getTransport: Cannot find entry android.hardware.memtrack@1.0::IMemtrack/default in either framework or device VINTF manifest.
09-03 16:48:51.629 E/HidlServiceManagement(18921): Service android.hardware.memtrack@1.0::IMemtrack/default must be in VINTF manifest in order to register/get.
09-03 16:48:51.629 E/LegacySupport(18921): Could not register service android.hardware.memtrack@1.0::IMemtrack/default (-2147483648).
09-03 16:48:51.660 I/bt_btm_pm( 1193): system/stack/acl/btm_pm.cc:280 BTM_SetPowerMode: Setting power mode for peer:xx:xx:xx:xx:71:14 current_mode:immediate:active[0] new_mode:forced:sniff[2]
09-03 16:48:51.661 I/bt_btm_pm( 1193): system/stack/acl/btm_pm.cc:573 btm_pm_snd_md_req: Switching from immediate:active[0x00] to immediate:sniff[0x02]
09-03 16:48:51.662 I/bt_btm_pm( 1193): system/stack/acl/btm_pm.cc:963 btm_sniff_wakelock: set sniff wakelock
09-03 16:48:51.673 I/bt_btm_pm( 1193): system/stack/acl/btm_pm.cc:720 btm_pm_proc_mode_change: Power mode switched from immediate:pending[5] to immediate:sniff[2]
09-03 16:48:51.713 I/bt_btm_pm( 1193): system/stack/acl/btm_pm.cc:958 btm_sniff_wakelock_timeout: btm sniff wakelock timeout
09-03 16:48:51.763 V/LocationManagerService(  601): passive provider registration 1000/android[SensorNotificationService]/55F1BC4A dropped delivery - too close
09-03 16:48:51.763 V/LocationManagerService(  601): passive provider registration 5010/com.samsung.android.watch.runestone.app/CF6603C7 dropped delivery - too fast (deltaMs=22018).
09-03 16:48:51.813 D/WatchFallML(17999): Activity=SITTING, FallProb=0.1600, AccPeak=9.64, AccMin=9.41, AccRange=0.23, AccStd=0.05, GyroPeak=0.03, JerkPeak=7.3, Impact=false, TemporalScore=0, PostImpact=true, ActiveMotion=false, State=MONITORING, Latency=2ms
09-03 16:48:51.817 I/ilesensorlogger(17999): Background concurrent mark compact GC freed 6272KB AllocSpace bytes, 0(0B) LOS objects, 21% free, 21MB/27MB, paused 6.164ms,12.163ms total 476.153ms
09-03 16:48:52.179 D/WatchFallML(17999): Activity=SITTING, FallProb=0.1700, AccPeak=9.59, AccMin=9.44, AccRange=0.15, AccStd=0.04, GyroPeak=0.03, JerkPeak=6.9, Impact=false, TemporalScore=0, PostImpact=true, ActiveMotion=false, State=MONITORING, Latency=3ms
09-03 16:48:52.476 D/WatchFallML(17999): Activity=SITTING, FallProb=0.1700, AccPeak=9.57, AccMin=9.41, AccRange=0.16, AccStd=0.04, GyroPeak=0.03, JerkPeak=7.2, Impact=false, TemporalScore=0, PostImpact=true, ActiveMotion=false, State=MONITORING, Latency=1ms
09-03 16:48:52.499 E/BatteryStatsService(  601): Invalid uid for waking network packet: -1
09-03 16:48:52.500 E/BatteryStatsService(  601): Invalid uid for waking network packet: -1
09-03 16:48:52.501 E/BatteryStatsService(  601): Invalid uid for waking network packet: -1
09-03 16:48:52.502 E/BatteryStatsService(  601): Invalid uid for waking network packet: -1
09-03 16:48:52.681 I/.gms.persistent( 1288): Background concurrent mark compact GC freed 6204KB AllocSpace bytes, 3(108KB) LOS objects, 34% free, 11MB/17MB, paused 3.730ms,18.987ms total 2.103s
09-03 16:48:52.691 W/System  ( 1288): A resource failed to call AbstractCursor.close. 
09-03 16:48:52.691 W/System  ( 1288): A resource failed to call AbstractCursor.close. 
09-03 16:48:52.691 W/System  ( 1288): A resource failed to call AbstractCursor.close. 
09-03 16:48:52.798 D/WatchFallML(17999): Activity=SITTING, FallProb=0.1700, AccPeak=9.56, AccMin=9.36, AccRange=0.20, AccStd=0.04, GyroPeak=0.03, JerkPeak=8.5, Impact=false, TemporalScore=0, PostImpact=true, ActiveMotion=false, State=MONITORING, Latency=2ms
09-03 16:48:52.875 D/io_stats(  319): !@ Read_top(KB): .gms.persistent(1288) 32
09-03 16:48:53.151 D/WatchFallML(17999): Activity=SITTING, FallProb=0.1700, AccPeak=9.56, AccMin=9.36, AccRange=0.20, AccStd=0.04, GyroPeak=0.03, JerkPeak=8.5, Impact=false, TemporalScore=0, PostImpact=true, ActiveMotion=false, State=MONITORING, Latency=9ms
09-03 16:48:53.167 I/wpa_supplicant( 1095): Heartbeat 1094
09-03 16:48:53.350 E/BatteryStatsService(  601): Invalid uid for waking network packet: -1
09-03 16:48:53.351 E/BatteryStatsService(  601): Invalid uid for waking network packet: -1
09-03 16:48:53.354 E/BatteryStatsService(  601): Invalid uid for waking network packet: -1
09-03 16:48:53.355 E/BatteryStatsService(  601): Invalid uid for waking network packet: -1
09-03 16:48:53.356 E/BatteryStatsService(  601): Invalid uid for waking network packet: -1
09-03 16:48:53.357 E/BatteryStatsService(  601): Invalid uid for waking network packet: -1
09-03 16:48:53.358 E/BatteryStatsService(  601): Invalid uid for waking network packet: -1
09-03 16:48:53.434 I/bt_btm_pm( 1193): system/stack/acl/btm_pm.cc:720 btm_pm_proc_mode_change: Power mode switched from immediate:sniff[2] to immediate:active[0]
09-03 16:48:53.484 D/WatchFallML(17999): Activity=SITTING, FallProb=0.1700, AccPeak=9.58, AccMin=9.44, AccRange=0.15, AccStd=0.03, GyroPeak=0.03, JerkPeak=5.4, Impact=false, TemporalScore=0, PostImpact=true, ActiveMotion=false, State=MONITORING, Latency=2ms
09-03 16:48:53.566 V/LocationManagerService(  601): passive provider registration 1000/android[SensorNotificationService]/55F1BC4A dropped delivery - too close
09-03 16:48:53.567 V/LocationManagerService(  601): passive provider registration 5010/com.samsung.android.watch.runestone.app/CF6603C7 dropped delivery - too fast (deltaMs=23015).
09-03 16:48:53.729 V/LocationManagerService(  601): passive provider registration 1000/android[SensorNotificationService]/55F1BC4A dropped delivery - too close
09-03 16:48:53.729 V/LocationManagerService(  601): passive provider registration 5010/com.samsung.android.watch.runestone.app/CF6603C7 dropped delivery - too fast (deltaMs=24016).
09-03 16:48:53.806 D/WatchFallML(17999): Activity=SITTING, FallProb=0.1700, AccPeak=9.59, AccMin=9.42, AccRange=0.17, AccStd=0.04, GyroPeak=0.03, JerkPeak=6.7, Impact=false, TemporalScore=0, PostImpact=true, ActiveMotion=false, State=MONITORING, Latency=3ms
09-03 16:48:54.074 I/adbd    ( 1489): New TLS connection [fd=25]
09-03 16:48:54.083 I/adbd    ( 1489): host-25: read thread spawning
09-03 16:48:54.083 I/adbd    ( 1489): host-25: read failed: Success
09-03 16:48:54.083 I/adbd    ( 1489): host-25: connection terminated: read failed
09-03 16:48:54.084 I/adbd    ( 1489): BlockingConnectionAdapter(host-25): stopping
09-03 16:48:54.089 I/adbd    ( 1489): host-25: write thread spawning
09-03 16:48:54.091 I/adbd    ( 1489): BlockingConnectionAdapter(host-25): stopped
09-03 16:48:54.092 I/adbd    ( 1489): BlockingConnectionAdapter(host-25): destructing
09-03 16:48:54.092 I/adbd    ( 1489): BlockingConnectionAdapter(host-25): already stopped
09-03 16:48:54.093 D/WifiHAL (  458): GetLinkStatCommand: zero radio case
09-03 16:48:54.140 D/[SS]BattFunctions(  601): [sendRemainingChargingTimeChangedIntent]remainingChargingTime:1691 ,mLastRemainingChargingTime:1697
09-03 16:48:54.166 D/WatchFallML(17999): Activity=SITTING, FallProb=0.1600, AccPeak=9.59, AccMin=9.41, AccRange=0.18, AccStd=0.04, GyroPeak=0.03, JerkPeak=6.7, Impact=false, TemporalScore=0, PostImpact=true, ActiveMotion=false, State=MONITORING, Latency=2ms
09-03 16:48:54.176 D/BatteryService(  601): Sending ACTION_BATTERY_CHANGED: level:89, status:2, health:2, ac:false, usb:false, wireless:true, misc:0x0, charge_type:1, charger_type:0, voltage:4340, temperature:413, online:11, current_avg:93, hvc:false, capacity:280000, current_event:0x0, current_now:90, mcc:0, mcv:0, cc:322920, present:true, scale:100, technology:Li-ion
09-03 16:48:54.189 D/PowerUI ( 1181): onReceive() Received Action =  com.samsung.server.BatteryService.action.SEC_BATTERY_REMAINING_CHARGING_TIME_CHANGED
09-03 16:48:54.189 D/PowerUI ( 1181): onReceive() Unsupported Action 
09-03 16:48:54.189 D/PowerUI ( 1181): onReceive() Received Action =  android.intent.action.BATTERY_CHANGED
09-03 16:48:54.190 D/PowerUI ( 1181): plugged=true
09-03 16:48:54.190 I/PowerUI ( 1181): ACTION_BATTERY_CHANGED : mPlugType=4 mBatteryStatus=2
09-03 16:48:54.190 I/PowerUI ( 1181): oldMisalign : false, curMisalign : false
09-03 16:48:54.191 E/BatteryDump(  489): !@new_battery_dump : 4340,90,2000,168,89,413,0,Chg,Normal,Good,INBOX_WRL,90,Normal,0,0,9689,205,0,0xe5,0x8a,0x0f,0x5e,0x01,0x34,0x00,0x01,0,0,8723,4242,1,1,4829,4732,173,4336,0x11,0,2,0x130,0x80,0x56,143,0x3,0x0,0x0
09-03 16:48:54.205 D/AdaptiveBrightnessLongtermModelBuilder(  601): Received android.intent.action.BATTERY_CHANGED
09-03 16:48:54.207 I/PowerUI ( 1181): maybeShowBatteryWarningV2 plugged=true bucket=1
09-03 16:48:54.208 I/PowerUI.NotificationHelper( 1181): cancelNotification  notificationID = 9009
09-03 16:48:54.247 D/SYSTEM_UI( 1181): BatteryIndicatorPresenter$3.onReceive(19): onReceive() Received Action =  android.intent.action.BATTERY_CHANGED
09-03 16:48:54.249 D/SYSTEM_UI( 1181): BatteryIndicatorPresenter$3.onReceive(103): level          89 --> 89
09-03 16:48:54.249 D/SYSTEM_UI( 1181): BatteryIndicatorPresenter$3.onReceive(130): status         2 --> 2
09-03 16:48:54.273 I/NfcWirelessCharge( 1164): chargeMode: 4, isWirelessCharging: true
09-03 16:48:54.535 D/WatchFallML(17999): Activity=SITTING, FallProb=0.1600, AccPeak=9.57, AccMin=9.39, AccRange=0.18, AccStd=0.04, GyroPeak=0.03, JerkPeak=5.5, Impact=false, TemporalScore=0, PostImpact=true, ActiveMotion=false, State=MONITORING, Latency=3ms
09-03 16:48:54.622 E/BatteryStatsService(  601): Invalid uid for waking network packet: -1
09-03 16:48:54.623 E/BatteryStatsService(  601): Invalid uid for waking network packet: -1
09-03 16:48:54.625 E/BatteryStatsService(  601): Invalid uid for waking network packet: -1
09-03 16:48:54.625 E/BatteryStatsService(  601): Invalid uid for waking network packet: -1
09-03 16:48:54.687 V/LocationManagerService(  601): passive provider registration 1000/android[SensorNotificationService]/55F1BC4A dropped delivery - too close
09-03 16:48:54.687 V/LocationManagerService(  601): passive provider registration 5010/com.samsung.android.watch.runestone.app/CF6603C7 dropped delivery - too fast (deltaMs=25013).
09-03 16:48:54.699 I/Watchface( 1109): [ModelBattery] action:android.intent.action.BATTERY_CHANGED
09-03 16:48:54.699 I/Watchface( 1109): [ModelBattery] scale[100] level[89] status[2] isCharging[true] batteryLow[false]
09-03 16:48:54.699 I/Watchface( 1109): [ModelBattery] putAll to pendingUpdatedValues!! size:2
09-03 16:48:54.846 D/WatchFallML(17999): Activity=SITTING, FallProb=0.1600, AccPeak=9.59, AccMin=9.39, AccRange=0.20, AccStd=0.04, GyroPeak=0.03, JerkPeak=5.5, Impact=false, TemporalScore=0, PostImpact=true, ActiveMotion=false, State=MONITORING, Latency=3ms
09-03 16:48:54.877 D/io_stats(  319): !@ 179,0 r 458429 10117196 w 43252 418156 d 8289 623412 f 3241 4351 iot 665972 0 th 0 0 0 pt 0 inp 0 0 11160.160
09-03 16:48:55.185 D/WatchFallML(17999): Activity=SITTING, FallProb=0.1600, AccPeak=9.64, AccMin=9.40, AccRange=0.24, AccStd=0.05, GyroPeak=0.03, JerkPeak=9.4, Impact=false, TemporalScore=0, PostImpact=true, ActiveMotion=false, State=MONITORING, Latency=2ms
09-03 16:48:55.546 D/WatchFallML(17999): Activity=SITTING, FallProb=0.1600, AccPeak=9.64, AccMin=9.40, AccRange=0.24, AccStd=0.05, GyroPeak=0.03, JerkPeak=9.4, Impact=false, TemporalScore=0, PostImpact=true, ActiveMotion=false, State=MONITORING, Latency=4ms
09-03 16:48:55.656 I/bt_btm_pm( 1193): system/stack/acl/btm_pm.cc:280 BTM_SetPowerMode: Setting power mode for peer:xx:xx:xx:xx:71:14 current_mode:immediate:active[0] new_mode:forced:sniff[2]
09-03 16:48:55.657 I/bt_btm_pm( 1193): system/stack/acl/btm_pm.cc:573 btm_pm_snd_md_req: Switching from immediate:active[0x00] to immediate:sniff[0x02]
09-03 16:48:55.657 I/bt_btm_pm( 1193): system/stack/acl/btm_pm.cc:963 btm_sniff_wakelock: set sniff wakelock
09-03 16:48:55.710 I/bt_btm_pm( 1193): system/stack/acl/btm_pm.cc:958 btm_sniff_wakelock_timeout: btm sniff wakelock timeout
09-03 16:48:55.719 I/bt_btm_pm( 1193): system/stack/acl/btm_pm.cc:720 btm_pm_proc_mode_change: Power mode switched from immediate:pending[5] to immediate:sniff[2]
09-03 16:48:55.747 V/LocationManagerService(  601): passive provider registration 1000/android[SensorNotificationService]/55F1BC4A dropped delivery - too close
09-03 16:48:55.748 V/LocationManagerService(  601): passive provider registration 5010/com.samsung.android.watch.runestone.app/CF6603C7 dropped delivery - too fast (deltaMs=26003).
09-03 16:48:55.798 D/WatchFallML(17999): Activity=SITTING, FallProb=0.1500, AccPeak=9.59, AccMin=9.44, AccRange=0.15, AccStd=0.04, GyroPeak=0.03, JerkPeak=6.7, Impact=false, TemporalScore=0, PostImpact=true, ActiveMotion=false, State=MONITORING, Latency=2ms
09-03 16:48:55.837 E/BatteryStatsService(  601): Invalid uid for waking network packet: -1
09-03 16:48:55.839 E/BatteryStatsService(  601): Invalid uid for waking network packet: -1
09-03 16:48:55.840 E/BatteryStatsService(  601): Invalid uid for waking network packet: -1
09-03 16:48:55.840 E/BatteryStatsService(  601): Invalid uid for waking network packet: -1
09-03 16:48:55.841 E/BatteryStatsService(  601): Invalid uid for waking network packet: -1
09-03 16:48:55.841 E/BatteryStatsService(  601): Invalid uid for waking network packet: -1
09-03 16:48:56.127 D/WatchFallML(17999): Activity=SITTING, FallProb=0.1400, AccPeak=9.73, AccMin=9.46, AccRange=0.26, AccStd=0.05, GyroPeak=0.04, JerkPeak=10.6, Impact=false, TemporalScore=0, PostImpact=true, ActiveMotion=false, State=MONITORING, Latency=7ms
09-03 16:48:56.418 I/hwservicemanager(  287): getTransport: Cannot find entry android.hardware.memtrack@1.0::IMemtrack/default in either framework or device VINTF manifest.
09-03 16:48:56.431 I/hwservicemanager(  287): getTransport: Cannot find entry android.hardware.memtrack@1.0::IMemtrack/default in either framework or device VINTF manifest.
09-03 16:48:56.445 E/HidlServiceManagement(18929): Service android.hardware.memtrack@1.0::IMemtrack/default must be in VINTF manifest in order to register/get.
09-03 16:48:56.446 E/LegacySupport(18929): Could not register service android.hardware.memtrack@1.0::IMemtrack/default (-2147483648).
09-03 16:48:56.531 D/WatchFallML(17999): Activity=SITTING, FallProb=0.1500, AccPeak=9.73, AccMin=9.39, AccRange=0.34, AccStd=0.06, GyroPeak=0.04, JerkPeak=13.3, Impact=false, TemporalScore=0, PostImpact=true, ActiveMotion=false, State=MONITORING, Latency=2ms
09-03 16:48:56.810 D/WatchFallML(17999): Activity=SITTING, FallProb=0.1400, AccPeak=9.65, AccMin=9.39, AccRange=0.27, AccStd=0.05, GyroPeak=0.04, JerkPeak=13.3, Impact=false, TemporalScore=0, PostImpact=true, ActiveMotion=false, State=MONITORING, Latency=2ms
09-03 16:48:56.878 D/io_stats(  319): !@ Write_top(KB): vendor.samsung.(489) 16
09-03 16:48:57.117 E/BatteryStatsService(  601): Invalid uid for waking network packet: -1
09-03 16:48:57.118 E/BatteryStatsService(  601): Invalid uid for waking network packet: -1
09-03 16:48:57.118 E/BatteryStatsService(  601): Invalid uid for waking network packet: -1
09-03 16:48:57.119 E/BatteryStatsService(  601): Invalid uid for waking network packet: -1
09-03 16:48:57.119 E/BatteryStatsService(  601): Invalid uid for waking network packet: -1
09-03 16:48:57.120 E/BatteryStatsService(  601): Invalid uid for waking network packet: -1
09-03 16:48:57.124 E/BatteryStatsService(  601): Invalid uid for waking network packet: -1
09-03 16:48:57.167 D/WatchFallML(17999): Activity=SITTING, FallProb=0.1600, AccPeak=9.61, AccMin=9.45, AccRange=0.15, AccStd=0.04, GyroPeak=0.03, JerkPeak=6.4, Impact=false, TemporalScore=0, PostImpact=true, ActiveMotion=false, State=MONITORING, Latency=7ms
09-03 16:48:57.187 D/WifiHAL (  458): GetLinkStatCommand: zero radio case
09-03 16:48:57.424 I/bt_btm_pm( 1193): system/stack/acl/btm_pm.cc:720 btm_pm_proc_mode_change: Power mode switched from immediate:sniff[2] to immediate:active[0]
09-03 16:48:57.560 D/WatchFallML(17999): Activity=SITTING, FallProb=0.1600, AccPeak=9.63, AccMin=9.45, AccRange=0.18, AccStd=0.04, GyroPeak=0.03, JerkPeak=5.3, Impact=false, TemporalScore=0, PostImpact=true, ActiveMotion=false, State=MONITORING, Latency=2ms
09-03 16:48:57.579 V/LocationManagerService(  601): passive provider registration 1000/android[SensorNotificationService]/55F1BC4A dropped delivery - too close
09-03 16:48:57.579 V/LocationManagerService(  601): passive provider registration 5010/com.samsung.android.watch.runestone.app/CF6603C7 dropped delivery - too fast (deltaMs=26993).
09-03 16:48:57.797 D/WatchFallML(17999): Activity=SITTING, FallProb=0.1600, AccPeak=9.63, AccMin=9.43, AccRange=0.20, AccStd=0.05, GyroPeak=0.03, JerkPeak=5.9, Impact=false, TemporalScore=0, PostImpact=true, ActiveMotion=false, State=MONITORING, Latency=2ms
09-03 16:48:57.807 V/LocationManagerService(  601): passive provider registration 1000/android[SensorNotificationService]/55F1BC4A dropped delivery - too close
09-03 16:48:57.807 V/LocationManagerService(  601): passive provider registration 5010/com.samsung.android.watch.runestone.app/CF6603C7 dropped delivery - too fast (deltaMs=28037).
09-03 16:48:58.129 D/WatchFallML(17999): Activity=SITTING, FallProb=0.1600, AccPeak=9.62, AccMin=9.43, AccRange=0.19, AccStd=0.05, GyroPeak=0.03, JerkPeak=5.9, Impact=false, TemporalScore=0, PostImpact=true, ActiveMotion=false, State=MONITORING, Latency=2ms
09-03 16:48:58.141 E/BatteryStatsService(  601): Invalid uid for waking network packet: -1
09-03 16:48:58.142 E/BatteryStatsService(  601): Invalid uid for waking network packet: -1
09-03 16:48:58.142 E/BatteryStatsService(  601): Invalid uid for waking network packet: -1
09-03 16:48:58.476 D/WatchFallML(17999): Activity=SITTING, FallProb=0.1600, AccPeak=9.62, AccMin=9.43, AccRange=0.19, AccStd=0.04, GyroPeak=0.03, JerkPeak=6.6, Impact=false, TemporalScore=0, PostImpact=true, ActiveMotion=false, State=MONITORING, Latency=8ms
09-03 16:48:58.870 D/WatchFallML(17999): Activity=SITTING, FallProb=0.1600, AccPeak=9.62, AccMin=9.38, AccRange=0.24, AccStd=0.05, GyroPeak=0.03, JerkPeak=7.1, Impact=false, TemporalScore=0, PostImpact=true, ActiveMotion=false, State=MONITORING, Latency=19ms
09-03 16:48:58.878 V/LocationManagerService(  601): passive provider registration 1000/android[SensorNotificationService]/55F1BC4A dropped delivery - too close
09-03 16:48:58.879 V/LocationManagerService(  601): passive provider registration 5010/com.samsung.android.watch.runestone.app/CF6603C7 dropped delivery - too fast (deltaMs=29013).
09-03 16:48:58.922 E/SSRM:DHMS_BASEFRAMEWORK(  601): e = /sys/class/sec/sec-cp-thermistor/temperature: open failed: ENOENT (No such file or directory)
09-03 16:48:58.952 I/SSRM:Temperature(  601): SIOP:: AP : 438 CP : -999 BLK : 442 BAT : 413
09-03 16:48:59.155 D/WatchFallML(17999): Activity=SITTING, FallProb=0.1000, AccPeak=9.61, AccMin=9.38, AccRange=0.23, AccStd=0.05, GyroPeak=0.03, JerkPeak=8.1, Impact=false, TemporalScore=0, PostImpact=true, ActiveMotion=false, State=MONITORING, Latency=10ms
09-03 16:48:59.230 E/BatteryStatsService(  601): Invalid uid for waking network packet: -1
09-03 16:48:59.231 E/BatteryStatsService(  601): Invalid uid for waking network packet: -1
09-03 16:48:59.238 E/BatteryStatsService(  601): Invalid uid for waking network packet: -1
09-03 16:48:59.240 E/BatteryStatsService(  601): Invalid uid for waking network packet: -1
09-03 16:48:59.244 E/BatteryStatsService(  601): Invalid uid for waking network packet: -1
09-03 16:48:59.476 D/WatchFallML(17999): Activity=SITTING, FallProb=0.1300, AccPeak=9.61, AccMin=9.41, AccRange=0.20, AccStd=0.04, GyroPeak=0.03, JerkPeak=8.1, Impact=false, TemporalScore=0, PostImpact=true, ActiveMotion=false, State=MONITORING, Latency=2ms
09-03 16:48:59.752 V/LocationManagerService(  601): passive provider registration 1000/android[SensorNotificationService]/55F1BC4A dropped delivery - too close
09-03 16:48:59.858 D/WatchFallML(17999): Activity=SITTING, FallProb=0.1700, AccPeak=9.57, AccMin=9.41, AccRange=0.16, AccStd=0.04, GyroPeak=0.03, JerkPeak=4.6, Impact=false, TemporalScore=0, PostImpact=true, ActiveMotion=false, State=MONITORING, Latency=9ms
09-03 16:49:00.156 D/WatchFallML(17999): Activity=SITTING, FallProb=0.1500, AccPeak=9.62, AccMin=9.44, AccRange=0.19, AccStd=0.04, GyroPeak=0.03, JerkPeak=7.6, Impact=false, TemporalScore=0, PostImpact=true, ActiveMotion=false, State=MONITORING, Latency=2ms
09-03 16:49:00.287 D/WifiHAL (  458): GetLinkStatCommand: zero radio case
09-03 16:49:00.487 E/BatteryStatsService(  601): Invalid uid for waking network packet: -1
09-03 16:49:00.488 E/BatteryStatsService(  601): Invalid uid for waking network packet: -1
09-03 16:49:00.534 I/ilesensorlogger(17999): Background concurrent mark compact GC freed 6068KB AllocSpace bytes, 0(0B) LOS objects, 21% free, 21MB/27MB, paused 4.560ms,11.821ms total 320.809ms
09-03 16:49:00.576 D/WatchFallML(17999): Activity=SITTING, FallProb=0.1500, AccPeak=9.62, AccMin=9.39, AccRange=0.23, AccStd=0.05, GyroPeak=0.03, JerkPeak=9.1, Impact=false, TemporalScore=0, PostImpact=true, ActiveMotion=false, State=MONITORING, Latency=12ms
09-03 16:49:00.736 I/bt_btm_pm( 1193): system/stack/acl/btm_pm.cc:280 BTM_SetPowerMode: Setting power mode for peer:xx:xx:xx:xx:71:14 current_mode:immediate:active[0] new_mode:forced:sniff[2]
09-03 16:49:00.736 I/bt_btm_pm( 1193): system/stack/acl/btm_pm.cc:573 btm_pm_snd_md_req: Switching from immediate:active[0x00] to immediate:sniff[0x02]
09-03 16:49:00.736 I/bt_btm_pm( 1193): system/stack/acl/btm_pm.cc:963 btm_sniff_wakelock: set sniff wakelock
09-03 16:49:00.746 I/bt_btm_pm( 1193): system/stack/acl/btm_pm.cc:720 btm_pm_proc_mode_change: Power mode switched from immediate:pending[5] to immediate:sniff[2]
09-03 16:49:00.771 V/LocationManagerService(  601): passive provider registration 1000/android[SensorNotificationService]/55F1BC4A dropped delivery - too close
09-03 16:49:00.771 V/LocationManagerService(  601): passive provider registration 5010/com.samsung.android.watch.runestone.app/CF6603C7 dropped delivery - too fast (deltaMs=954).
09-03 16:49:00.787 I/bt_btm_pm( 1193): system/stack/acl/btm_pm.cc:958 btm_sniff_wakelock_timeout: btm sniff wakelock timeout
09-03 16:49:00.824 D/WatchFallML(17999): Activity=SITTING, FallProb=0.1600, AccPeak=9.65, AccMin=9.39, AccRange=0.26, AccStd=0.06, GyroPeak=0.03, JerkPeak=9.4, Impact=false, TemporalScore=0, PostImpact=true, ActiveMotion=false, State=MONITORING, Latency=2ms
09-03 16:49:01.189 D/WatchFallML(17999): Activity=SITTING, FallProb=0.1400, AccPeak=9.73, AccMin=9.38, AccRange=0.35, AccStd=0.08, GyroPeak=0.03, JerkPeak=13.8, Impact=false, TemporalScore=0, PostImpact=true, ActiveMotion=false, State=MONITORING, Latency=2ms
09-03 16:49:01.448 I/hwservicemanager(  287): getTransport: Cannot find entry android.hardware.memtrack@1.0::IMemtrack/default in either framework or device VINTF manifest.
09-03 16:49:01.464 I/hwservicemanager(  287): getTransport: Cannot find entry android.hardware.memtrack@1.0::IMemtrack/default in either framework or device VINTF manifest.
09-03 16:49:01.465 E/HidlServiceManagement(18933): Service android.hardware.memtrack@1.0::IMemtrack/default must be in VINTF manifest in order to register/get.
09-03 16:49:01.465 E/LegacySupport(18933): Could not register service android.hardware.memtrack@1.0::IMemtrack/default (-2147483648).
09-03 16:49:01.502 D/WatchFallML(17999): Activity=SITTING, FallProb=0.1400, AccPeak=9.73, AccMin=9.38, AccRange=0.35, AccStd=0.08, GyroPeak=0.03, JerkPeak=13.8, Impact=false, TemporalScore=0, PostImpact=true, ActiveMotion=false, State=MONITORING, Latency=9ms
09-03 16:49:01.851 D/WatchFallML(17999): Activity=SITTING, FallProb=0.0700, AccPeak=9.68, AccMin=9.44, AccRange=0.24, AccStd=0.06, GyroPeak=0.03, JerkPeak=8.0, Impact=false, TemporalScore=0, PostImpact=true, ActiveMotion=false, State=MONITORING, Latency=11ms
09-03 16:49:02.160 D/WatchFallML(17999): Activity=SITTING, FallProb=0.0700, AccPeak=9.68, AccMin=9.44, AccRange=0.24, AccStd=0.06, GyroPeak=0.03, JerkPeak=7.7, Impact=false, TemporalScore=0, PostImpact=true, ActiveMotion=false, State=MONITORING, Latency=6ms
09-03 16:49:02.412 I/bt_btm_pm( 1193): system/stack/acl/btm_pm.cc:720 btm_pm_proc_mode_change: Power mode switched from immediate:sniff[2] to immediate:active[0]
09-03 16:49:02.472 V/LocationManagerService(  601): passive provider registration 1000/android[SensorNotificationService]/55F1BC4A dropped delivery - too close
09-03 16:49:02.472 V/LocationManagerService(  601): passive provider registration 5010/com.samsung.android.watch.runestone.app/CF6603C7 dropped delivery - too fast (deltaMs=1996).
09-03 16:49:02.520 D/WatchFallML(17999): Activity=SITTING, FallProb=0.1200, AccPeak=9.62, AccMin=9.45, AccRange=0.17, AccStd=0.04, GyroPeak=0.03, JerkPeak=6.2, Impact=false, TemporalScore=0, PostImpact=true, ActiveMotion=false, State=MONITORING, Latency=2ms
09-03 16:49:02.655 E/BatteryStatsService(  601): Invalid uid for waking network packet: -1
09-03 16:49:02.656 E/BatteryStatsService(  601): Invalid uid for waking network packet: -1
09-03 16:49:02.745 V/LocationManagerService(  601): passive provider registration 1000/android[SensorNotificationService]/55F1BC4A dropped delivery - too close
09-03 16:49:02.746 V/LocationManagerService(  601): passive provider registration 5010/com.samsung.android.watch.runestone.app/CF6603C7 dropped delivery - too fast (deltaMs=3012).
09-03 16:49:02.869 D/WatchFallML(17999): Activity=SITTING, FallProb=0.1100, AccPeak=9.61, AccMin=9.41, AccRange=0.20, AccStd=0.04, GyroPeak=0.03, JerkPeak=8.5, Impact=false, TemporalScore=0, PostImpact=true, ActiveMotion=false, State=MONITORING, Latency=2ms
09-03 16:49:02.900 D/io_stats(  319): !@ 179,0 r 458439 10117324 w 43252 418156 d 8289 623412 f 3241 4351 iot 666020 0 th 0 0 0 pt 0 inp 0 0 11168.184
09-03 16:49:03.173 I/wpa_supplicant( 1095): Heartbeat 1095
09-03 16:49:03.185 D/WatchFallML(17999): Activity=SITTING, FallProb=0.1200, AccPeak=9.61, AccMin=9.41, AccRange=0.20, AccStd=0.05, GyroPeak=0.03, JerkPeak=8.5, Impact=false, TemporalScore=0, PostImpact=true, ActiveMotion=false, State=MONITORING, Latency=2ms
09-03 16:49:03.304 E/Watchdog(  601): !@Sync: 372 heap: 59 / 60 FD: 777 [2026-09-03 16:49:03.303]
09-03 16:49:03.392 D/WifiHAL (  458): GetLinkStatCommand: zero radio case
09-03 16:49:03.518 D/WatchFallML(17999): Activity=SITTING, FallProb=0.1500, AccPeak=9.61, AccMin=9.38, AccRange=0.23, AccStd=0.05, GyroPeak=0.03, JerkPeak=10.5, Impact=false, TemporalScore=0, PostImpact=true, ActiveMotion=false, State=MONITORING, Latency=4ms
09-03 16:49:03.719 V/LocationManagerService(  601): passive provider registration 1000/android[SensorNotificationService]/55F1BC4A dropped delivery - too close
09-03 16:49:03.719 V/LocationManagerService(  601): passive provider registration 5010/com.samsung.android.watch.runestone.app/CF6603C7 dropped delivery - too fast (deltaMs=4001).
09-03 16:49:03.864 D/WatchFallML(17999): Activity=SITTING, FallProb=0.1500, AccPeak=9.59, AccMin=9.37, AccRange=0.22, AccStd=0.05, GyroPeak=0.03, JerkPeak=10.5, Impact=false, TemporalScore=0, PostImpact=true, ActiveMotion=false, State=MONITORING, Latency=3ms
09-03 16:49:04.150 D/WatchFallML(17999): Activity=SITTING, FallProb=0.1400, AccPeak=9.58, AccMin=9.37, AccRange=0.22, AccStd=0.04, GyroPeak=0.03, JerkPeak=8.6, Impact=false, TemporalScore=0, PostImpact=true, ActiveMotion=false, State=MONITORING, Latency=2ms
09-03 16:49:04.179 D/BatteryService(  601): Sending ACTION_BATTERY_CHANGED: level:89, status:2, health:2, ac:false, usb:false, wireless:true, misc:0x0, charge_type:1, charger_type:0, voltage:4343, temperature:414, online:11, current_avg:89, hvc:false, capacity:280000, current_event:0x0, current_now:92, mcc:0, mcv:0, cc:323280, present:true, scale:100, technology:Li-ion
09-03 16:49:04.187 E/BatteryDump(  489): !@new_battery_dump : 4343,92,2000,168,89,414,0,Chg,Normal,Good,INBOX_WRL,90,Normal,0,0,9668,205,0,0xfd,0x8a,0x0f,0x5e,0x01,0x34,0x00,0x01,0,0,8728,4243,1,1,4829,4732,173,4336,0x11,0,2,0x130,0x80,0x56,143,0x3,0x0,0x0
09-03 16:49:04.199 D/SYSTEM_UI( 1181): BatteryIndicatorPresenter$3.onReceive(19): onReceive() Received Action =  android.intent.action.BATTERY_CHANGED
09-03 16:49:04.199 D/SYSTEM_UI( 1181): BatteryIndicatorPresenter$3.onReceive(103): level          89 --> 89
09-03 16:49:04.200 D/SYSTEM_UI( 1181): BatteryIndicatorPresenter$3.onReceive(130): status         2 --> 2
09-03 16:49:04.201 D/PowerUI ( 1181): onReceive() Received Action =  android.intent.action.BATTERY_CHANGED
09-03 16:49:04.202 D/PowerUI ( 1181): plugged=true
09-03 16:49:04.202 I/PowerUI ( 1181): ACTION_BATTERY_CHANGED : mPlugType=4 mBatteryStatus=2
09-03 16:49:04.202 I/PowerUI ( 1181): oldMisalign : false, curMisalign : false
09-03 16:49:04.223 I/PowerUI ( 1181): maybeShowBatteryWarningV2 plugged=true bucket=1
09-03 16:49:04.223 I/PowerUI.NotificationHelper( 1181): cancelNotification  notificationID = 9009
09-03 16:49:04.234 D/AdaptiveBrightnessLongtermModelBuilder(  601): Received android.intent.action.BATTERY_CHANGED
09-03 16:49:04.242 I/NfcWirelessCharge( 1164): chargeMode: 4, isWirelessCharging: true
09-03 16:49:04.568 D/WatchFallML(17999): Activity=SITTING, FallProb=0.1400, AccPeak=9.58, AccMin=9.41, AccRange=0.17, AccStd=0.04, GyroPeak=0.03, JerkPeak=8.1, Impact=false, TemporalScore=0, PostImpact=true, ActiveMotion=false, State=MONITORING, Latency=10ms
09-03 16:49:04.689 V/LocationManagerService(  601): passive provider registration 1000/android[SensorNotificationService]/55F1BC4A dropped delivery - too close
09-03 16:49:04.689 V/LocationManagerService(  601): passive provider registration 5010/com.samsung.android.watch.runestone.app/CF6603C7 dropped delivery - too fast (deltaMs=4964).
09-03 16:49:04.700 I/Watchface( 1109): [ModelBattery] action:android.intent.action.BATTERY_CHANGED
09-03 16:49:04.700 I/Watchface( 1109): [ModelBattery] scale[100] level[89] status[2] isCharging[true] batteryLow[false]
09-03 16:49:04.700 I/Watchface( 1109): [ModelBattery] putAll to pendingUpdatedValues!! size:2
09-03 16:49:04.836 E/BatteryStatsService(  601): Invalid uid for waking network packet: -1
09-03 16:49:04.850 D/WatchFallML(17999): Activity=SITTING, FallProb=0.1500, AccPeak=9.58, AccMin=9.40, AccRange=0.18, AccStd=0.05, GyroPeak=0.03, JerkPeak=8.2, Impact=false, TemporalScore=0, PostImpact=true, ActiveMotion=false, State=MONITORING, Latency=2ms
09-03 16:49:04.852 E/BatteryStatsService(  601): Invalid uid for waking network packet: -1
09-03 16:49:04.901 D/io_stats(  319): !@ 179,0 r 458439 10117324 w 43254 418164 d 8289 623412 f 3241 4351 iot 666028 0 th 0 0 0 pt 0 inp 0 0 11170.185
09-03 16:49:04.902 D/io_stats(  319): !@ Read_top(KB): init(18933) 128
09-03 16:49:04.902 D/io_stats(  319): !@ Write_top(KB): vendor.samsung.(489) 8
09-03 16:49:05.163 D/WatchFallML(17999): Activity=SITTING, FallProb=0.1500, AccPeak=9.62, AccMin=9.40, AccRange=0.22, AccStd=0.04, GyroPeak=0.03, JerkPeak=8.2, Impact=false, TemporalScore=0, PostImpact=true, ActiveMotion=false, State=MONITORING, Latency=6ms
09-03 16:49:05.504 D/WatchFallML(17999): Activity=SITTING, FallProb=0.1500, AccPeak=9.62, AccMin=9.41, AccRange=0.20, AccStd=0.04, GyroPeak=0.03, JerkPeak=8.5, Impact=false, TemporalScore=0, PostImpact=true, ActiveMotion=false, State=MONITORING, Latency=3ms
09-03 16:49:05.655 I/bt_btm_pm( 1193): system/stack/acl/btm_pm.cc:280 BTM_SetPowerMode: Setting power mode for peer:xx:xx:xx:xx:71:14 current_mode:immediate:active[0] new_mode:forced:sniff[2]
09-03 16:49:05.655 I/bt_btm_pm( 1193): system/stack/acl/btm_pm.cc:573 btm_pm_snd_md_req: Switching from immediate:active[0x00] to immediate:sniff[0x02]
09-03 16:49:05.656 I/bt_btm_pm( 1193): system/stack/acl/btm_pm.cc:963 btm_sniff_wakelock: set sniff wakelock
09-03 16:49:05.673 I/bt_btm_pm( 1193): system/stack/acl/btm_pm.cc:720 btm_pm_proc_mode_change: Power mode switched from immediate:pending[5] to immediate:sniff[2]
09-03 16:49:05.687 V/LocationManagerService(  601): passive provider registration 1000/android[SensorNotificationService]/55F1BC4A dropped delivery - too close
09-03 16:49:05.688 V/LocationManagerService(  601): passive provider registration 5010/com.samsung.android.watch.runestone.app/CF6603C7 dropped delivery - too fast (deltaMs=5980).
09-03 16:49:05.707 I/bt_btm_pm( 1193): system/stack/acl/btm_pm.cc:958 btm_sniff_wakelock_timeout: btm sniff wakelock timeout
09-03 16:49:05.867 D/WatchFallML(17999): Activity=SITTING, FallProb=0.1500, AccPeak=9.61, AccMin=9.41, AccRange=0.19, AccStd=0.05, GyroPeak=0.03, JerkPeak=8.5, Impact=false, TemporalScore=0, PostImpact=true, ActiveMotion=false, State=MONITORING, Latency=2ms
09-03 16:49:06.212 D/WatchFallML(17999): Activity=SITTING, FallProb=0.1500, AccPeak=9.61, AccMin=9.43, AccRange=0.18, AccStd=0.04, GyroPeak=0.03, JerkPeak=7.2, Impact=false, TemporalScore=0, PostImpact=true, ActiveMotion=false, State=MONITORING, Latency=11ms
09-03 16:49:06.434 I/hwservicemanager(  287): getTransport: Cannot find entry android.hardware.memtrack@1.0::IMemtrack/default in either framework or device VINTF manifest.
09-03 16:49:06.446 I/hwservicemanager(  287): getTransport: Cannot find entry android.hardware.memtrack@1.0::IMemtrack/default in either framework or device VINTF manifest.
09-03 16:49:06.447 E/HidlServiceManagement(18935): Service android.hardware.memtrack@1.0::IMemtrack/default must be in VINTF manifest in order to register/get.
09-03 16:49:06.448 E/LegacySupport(18935): Could not register service android.hardware.memtrack@1.0::IMemtrack/default (-2147483648).
09-03 16:49:06.551 D/WifiHAL (  458): GetLinkStatCommand: zero radio case
09-03 16:49:06.566 D/WatchFallML(17999): Activity=SITTING, FallProb=0.1500, AccPeak=9.66, AccMin=9.43, AccRange=0.22, AccStd=0.04, GyroPeak=0.03, JerkPeak=8.8, Impact=false, TemporalScore=0, PostImpact=true, ActiveMotion=false, State=MONITORING, Latency=7ms
09-03 16:49:06.670 D/SYSTEM_UI( 1181): QuickpanelView$$ExternalSyntheticOutline0.m(13): wifi rssi : -66
09-03 16:49:06.702 D/SYSTEM_UI( 1181): WifiConnection$2.onReceive(42): wifi rssi level : 3
09-03 16:49:06.709 D/SYSTEM_UI( 1181): QuickpanelView$$ExternalSyntheticOutline0.m(13): updateMainIcon mMainIconResId= 2131233882
09-03 16:49:06.876 D/WatchFallML(17999): Activity=SITTING, FallProb=0.1500, AccPeak=9.66, AccMin=9.46, AccRange=0.20, AccStd=0.04, GyroPeak=0.03, JerkPeak=8.8, Impact=false, TemporalScore=0, PostImpact=true, ActiveMotion=false, State=MONITORING, Latency=4ms
09-03 16:49:06.907 I/bt_btm_pm( 1193): system/stack/acl/btm_pm.cc:720 btm_pm_proc_mode_change: Power mode switched from immediate:sniff[2] to immediate:active[0]
09-03 16:49:06.908 D/io_stats(  319): !@ 179,0 r 458443 10117352 w 43254 418164 d 8289 623412 f 3241 4351 iot 666040 0 th 0 0 0 pt 0 inp 0 0 11172.192
09-03 16:49:07.017 V/LocationManagerService(  601): passive provider registration 1000/android[SensorNotificationService]/55F1BC4A dropped delivery - too close
09-03 16:49:07.017 V/LocationManagerService(  601): passive provider registration 5010/com.samsung.android.watch.runestone.app/CF6603C7 dropped delivery - too fast (deltaMs=7001).
09-03 16:49:07.167 D/WatchFallML(17999): Activity=SITTING, FallProb=0.1200, AccPeak=9.66, AccMin=9.42, AccRange=0.24, AccStd=0.05, GyroPeak=0.03, JerkPeak=10.0, Impact=false, TemporalScore=0, PostImpact=true, ActiveMotion=false, State=MONITORING, Latency=4ms
09-03 16:49:07.500 D/WatchFallML(17999): Activity=SITTING, FallProb=0.1200, AccPeak=9.62, AccMin=9.36, AccRange=0.26, AccStd=0.05, GyroPeak=0.03, JerkPeak=10.0, Impact=false, TemporalScore=0, PostImpact=true, ActiveMotion=false, State=MONITORING, Latency=2ms
09-03 16:49:07.765 V/LocationManagerService(  601): passive provider registration 1000/android[SensorNotificationService]/55F1BC4A dropped delivery - too close
09-03 16:49:07.765 V/LocationManagerService(  601): passive provider registration 5010/com.samsung.android.watch.runestone.app/CF6603C7 dropped delivery - too fast (deltaMs=7986).
09-03 16:49:07.833 D/WatchFallML(17999): Activity=SITTING, FallProb=0.1500, AccPeak=9.58, AccMin=9.36, AccRange=0.23, AccStd=0.05, GyroPeak=0.03, JerkPeak=9.1, Impact=false, TemporalScore=0, PostImpact=true, ActiveMotion=false, State=MONITORING, Latency=2ms
09-03 16:49:08.178 D/WatchFallML(17999): Activity=SITTING, FallProb=0.1500, AccPeak=9.59, AccMin=9.42, AccRange=0.18, AccStd=0.04, GyroPeak=0.03, JerkPeak=8.9, Impact=false, TemporalScore=0, PostImpact=true, ActiveMotion=false, State=MONITORING, Latency=2ms
09-03 16:49:08.211 I/rkstack.process( 1144): Background concurrent mark compact GC freed 2280KB AllocSpace bytes, 0(0B) LOS objects, 49% free, 2392KB/4785KB, paused 830us,11.402ms total 114.564ms
09-03 16:49:08.565 D/WatchFallML(17999): Activity=SITTING, FallProb=0.1500, AccPeak=9.61, AccMin=9.42, AccRange=0.20, AccStd=0.04, GyroPeak=0.03, JerkPeak=8.9, Impact=false, TemporalScore=0, PostImpact=true, ActiveMotion=false, State=MONITORING, Latency=2ms
09-03 16:49:08.651 E/BatteryStatsService(  601): Invalid uid for waking network packet: -1
09-03 16:49:08.653 E/BatteryStatsService(  601): Invalid uid for waking network packet: -1
09-03 16:49:08.748 V/LocationManagerService(  601): passive provider registration 1000/android[SensorNotificationService]/55F1BC4A dropped delivery - too close
09-03 16:49:08.749 V/LocationManagerService(  601): passive provider registration 5010/com.samsung.android.watch.runestone.app/CF6603C7 dropped delivery - too fast (deltaMs=8969).
09-03 16:49:08.811 I/ilesensorlogger(17999): Background concurrent mark compact GC freed 6096KB AllocSpace bytes, 0(0B) LOS objects, 21% free, 21MB/27MB, paused 5.797ms,12.026ms total 234.792ms
09-03 16:49:08.858 D/WatchFallML(17999): Activity=SITTING, FallProb=0.1500, AccPeak=9.61, AccMin=9.41, AccRange=0.21, AccStd=0.05, GyroPeak=0.03, JerkPeak=7.6, Impact=false, TemporalScore=0, PostImpact=true, ActiveMotion=false, State=MONITORING, Latency=7ms
09-03 16:49:08.909 D/io_stats(  319): !@ 179,0 r 458450 10117496 w 43254 418164 d 8289 623412 f 3241 4351 iot 666056 0 th 0 0 0 pt 0 inp 0 0 11174.193
09-03 16:49:08.910 D/io_stats(  319): !@ Read_top(KB): rkstack.process(1144) 144 kworker/u4:2(18678) 16 d.process.acore(1787) 12
09-03 16:49:09.009 E/SSRM:DHMS_BASEFRAMEWORK(  601): e = /sys/class/sec/sec-cp-thermistor/temperature: open failed: ENOENT (No such file or directory)
09-03 16:49:09.014 I/SSRM:Temperature(  601): SIOP:: AP : 439 CP : -999 BLK : 443 BAT : 414
09-03 16:49:09.222 D/WatchFallML(17999): Activity=SITTING, FallProb=0.1500, AccPeak=9.59, AccMin=9.41, AccRange=0.18, AccStd=0.05, GyroPeak=0.03, JerkPeak=7.1, Impact=false, TemporalScore=0, PostImpact=true, ActiveMotion=false, State=MONITORING, Latency=6ms
09-03 16:49:09.534 D/WatchFallML(17999): Activity=SITTING, FallProb=0.1500, AccPeak=9.61, AccMin=9.44, AccRange=0.18, AccStd=0.05, GyroPeak=0.03, JerkPeak=7.3, Impact=false, TemporalScore=0, PostImpact=true, ActiveMotion=false, State=MONITORING, Latency=11ms
09-03 16:49:09.694 D/WifiHAL (  458): GetLinkStatCommand: zero radio case
09-03 16:49:09.709 I/bt_btm_pm( 1193): system/stack/acl/btm_pm.cc:280 BTM_SetPowerMode: Setting power mode for peer:xx:xx:xx:xx:71:14 current_mode:immediate:active[0] new_mode:forced:sniff[2]
09-03 16:49:09.709 I/bt_btm_pm( 1193): system/stack/acl/btm_pm.cc:573 btm_pm_snd_md_req: Switching from immediate:active[0x00] to immediate:sniff[0x02]
09-03 16:49:09.709 I/bt_btm_pm( 1193): system/stack/acl/btm_pm.cc:963 btm_sniff_wakelock: set sniff wakelock
09-03 16:49:09.755 I/bt_btm_pm( 1193): system/stack/acl/btm_pm.cc:720 btm_pm_proc_mode_change: Power mode switched from immediate:pending[5] to immediate:sniff[2]
09-03 16:49:09.760 I/bt_btm_pm( 1193): system/stack/acl/btm_pm.cc:958 btm_sniff_wakelock_timeout: btm sniff wakelock timeout
09-03 16:49:09.770 D/SYSTEM_UI( 1181): QuickpanelView$$ExternalSyntheticOutline0.m(13): wifi rssi : -63
09-03 16:49:09.773 D/SYSTEM_UI( 1181): WifiConnection$2.onReceive(42): wifi rssi level : 4
09-03 16:49:09.780 D/SYSTEM_UI( 1181): QuickpanelView$$ExternalSyntheticOutline0.m(13): updateMainIcon mMainIconResId= 2131233883
09-03 16:49:09.821 D/WatchFallML(17999): Activity=SITTING, FallProb=0.1500, AccPeak=9.61, AccMin=9.37, AccRange=0.24, AccStd=0.05, GyroPeak=0.03, JerkPeak=9.4, Impact=false, TemporalScore=0, PostImpact=true, ActiveMotion=false, State=MONITORING, Latency=2ms
09-03 16:49:09.850 V/LocationManagerService(  601): passive provider registration 1000/android[SensorNotificationService]/55F1BC4A dropped delivery - too close
09-03 16:49:09.850 V/LocationManagerService(  601): passive provider registration 5010/com.samsung.android.watch.runestone.app/CF6603C7 dropped delivery - too fast (deltaMs=10019).
09-03 16:49:10.015 E/BatteryStatsService(  601): Invalid uid for waking network packet: -1
09-03 16:49:10.016 E/BatteryStatsService(  601): Invalid uid for waking network packet: -1
09-03 16:49:10.017 E/BatteryStatsService(  601): Invalid uid for waking network packet: -1
09-03 16:49:10.017 E/BatteryStatsService(  601): Invalid uid for waking network packet: -1
09-03 16:49:10.019 E/BatteryStatsService(  601): Invalid uid for waking network packet: -1
09-03 16:49:10.019 E/BatteryStatsService(  601): Invalid uid for waking network packet: -1
09-03 16:49:10.221 D/WatchFallML(17999): Activity=SITTING, FallProb=0.1500, AccPeak=9.56, AccMin=9.37, AccRange=0.19, AccStd=0.04, GyroPeak=0.03, JerkPeak=9.4, Impact=false, TemporalScore=0, PostImpact=true, ActiveMotion=false, State=MONITORING, Latency=9ms
09-03 16:49:10.525 D/WatchFallML(17999): Activity=SITTING, FallProb=0.1500, AccPeak=9.55, AccMin=9.40, AccRange=0.15, AccStd=0.03, GyroPeak=0.03, JerkPeak=4.5, Impact=false, TemporalScore=0, PostImpact=true, ActiveMotion=false, State=MONITORING, Latency=4ms
09-03 16:49:10.619 E/BatteryStatsService(  601): Invalid uid for waking network packet: -1
09-03 16:49:10.627 E/BatteryStatsService(  601): Invalid uid for waking network packet: -1
09-03 16:49:10.629 E/BatteryStatsService(  601): Invalid uid for waking network packet: -1
09-03 16:49:10.636 E/BatteryStatsService(  601): Invalid uid for waking network packet: -1
09-03 16:49:10.637 E/BatteryStatsService(  601): Invalid uid for waking network packet: -1
09-03 16:49:10.637 E/BatteryStatsService(  601): Invalid uid for waking network packet: -1
09-03 16:49:10.638 E/BatteryStatsService(  601): Invalid uid for waking network packet: -1
09-03 16:49:10.811 E/BatteryStatsService(  601): Invalid uid for waking network packet: -1
09-03 16:49:10.812 E/BatteryStatsService(  601): Invalid uid for waking network packet: -1
09-03 16:49:10.813 E/BatteryStatsService(  601): Invalid uid for waking network packet: -1
09-03 16:49:10.819 E/BatteryStatsService(  601): Invalid uid for waking network packet: -1
09-03 16:49:10.819 E/BatteryStatsService(  601): Invalid uid for waking network packet: -1
09-03 16:49:10.820 E/BatteryStatsService(  601): Invalid uid for waking network packet: -1
09-03 16:49:10.821 E/BatteryStatsService(  601): Invalid uid for waking network packet: -1
09-03 16:49:10.821 E/BatteryStatsService(  601): Invalid uid for waking network packet: -1
09-03 16:49:10.908 D/WatchFallML(17999): Activity=SITTING, FallProb=0.1500, AccPeak=9.60, AccMin=9.41, AccRange=0.19, AccStd=0.05, GyroPeak=0.03, JerkPeak=6.9, Impact=false, TemporalScore=0, PostImpact=true, ActiveMotion=false, State=MONITORING, Latency=2ms
09-03 16:49:10.911 D/io_stats(  319): !@ 179,0 r 458454 10117512 w 43254 418164 d 8289 623412 f 3241 4351 iot 666072 0 th 0 0 0 pt 0 inp 0 0 11176.195
09-03 16:49:11.194 D/WatchFallML(17999): Activity=SITTING, FallProb=0.1200, AccPeak=9.60, AccMin=9.41, AccRange=0.19, AccStd=0.05, GyroPeak=0.03, JerkPeak=6.9, Impact=false, TemporalScore=0, PostImpact=true, ActiveMotion=false, State=MONITORING, Latency=3ms
09-03 16:49:11.398 I/bt_btm_pm( 1193): system/stack/acl/btm_pm.cc:720 btm_pm_proc_mode_change: Power mode switched from immediate:sniff[2] to immediate:active[0]
09-03 16:49:11.489 I/hwservicemanager(  287): getTransport: Cannot find entry android.hardware.memtrack@1.0::IMemtrack/default in either framework or device VINTF manifest.
09-03 16:49:11.511 I/hwservicemanager(  287): getTransport: Cannot find entry android.hardware.memtrack@1.0::IMemtrack/default in either framework or device VINTF manifest.
09-03 16:49:11.514 E/HidlServiceManagement(18936): Service android.hardware.memtrack@1.0::IMemtrack/default must be in VINTF manifest in order to register/get.
09-03 16:49:11.514 E/LegacySupport(18936): Could not register service android.hardware.memtrack@1.0::IMemtrack/default (-2147483648).
09-03 16:49:11.550 D/WatchFallML(17999): Activity=SITTING, FallProb=0.0800, AccPeak=9.66, AccMin=9.43, AccRange=0.23, AccStd=0.05, GyroPeak=0.03, JerkPeak=8.3, Impact=false, TemporalScore=0, PostImpact=true, ActiveMotion=false, State=MONITORING, Latency=13ms
09-03 16:49:11.570 V/LocationManagerService(  601): passive provider registration 1000/android[SensorNotificationService]/55F1BC4A dropped delivery - too close
09-03 16:49:11.571 V/LocationManagerService(  601): passive provider registration 5010/com.samsung.android.watch.runestone.app/CF6603C7 dropped delivery - too fast (deltaMs=11004).
09-03 16:49:11.735 V/LocationManagerService(  601): passive provider registration 1000/android[SensorNotificationService]/55F1BC4A dropped delivery - too close
09-03 16:49:11.735 V/LocationManagerService(  601): passive provider registration 5010/com.samsung.android.watch.runestone.app/CF6603C7 dropped delivery - too fast (deltaMs=12010).
09-03 16:49:11.842 E/BatteryStatsService(  601): Invalid uid for waking network packet: -1
09-03 16:49:11.852 D/WatchFallML(17999): Activity=SITTING, FallProb=0.0900, AccPeak=9.66, AccMin=9.44, AccRange=0.22, AccStd=0.04, GyroPeak=0.03, JerkPeak=8.3, Impact=false, TemporalScore=0, PostImpact=true, ActiveMotion=false, State=MONITORING, Latency=8ms
09-03 16:49:11.854 E/BatteryStatsService(  601): Invalid uid for waking network packet: -1
09-03 16:49:11.856 E/BatteryStatsService(  601): Invalid uid for waking network packet: -1
09-03 16:49:11.857 E/BatteryStatsService(  601): Invalid uid for waking network packet: -1
09-03 16:49:11.857 E/BatteryStatsService(  601): Invalid uid for waking network packet: -1
09-03 16:49:11.858 E/BatteryStatsService(  601): Invalid uid for waking network packet: -1
09-03 16:49:12.186 D/WatchFallML(17999): Activity=SITTING, FallProb=0.1500, AccPeak=9.61, AccMin=9.44, AccRange=0.17, AccStd=0.04, GyroPeak=0.03, JerkPeak=7.3, Impact=false, TemporalScore=0, PostImpact=true, ActiveMotion=false, State=MONITORING, Latency=6ms
09-03 16:49:12.559 D/WatchFallML(17999): Activity=SITTING, FallProb=0.1500, AccPeak=9.61, AccMin=9.47, AccRange=0.14, AccStd=0.04, GyroPeak=0.03, JerkPeak=4.8, Impact=false, TemporalScore=0, PostImpact=true, ActiveMotion=false, State=MONITORING, Latency=4ms
09-03 16:49:12.719 I/bt_btm_pm( 1193): system/stack/acl/btm_pm.cc:280 BTM_SetPowerMode: Setting power mode for peer:xx:xx:xx:xx:71:14 current_mode:immediate:active[0] new_mode:forced:sniff[2]
09-03 16:49:12.719 I/bt_btm_pm( 1193): system/stack/acl/btm_pm.cc:573 btm_pm_snd_md_req: Switching from immediate:active[0x00] to immediate:sniff[0x02]
09-03 16:49:12.719 I/bt_btm_pm( 1193): system/stack/acl/btm_pm.cc:963 btm_sniff_wakelock: set sniff wakelock
09-03 16:49:12.770 I/bt_btm_pm( 1193): system/stack/acl/btm_pm.cc:958 btm_sniff_wakelock_timeout: btm sniff wakelock timeout
09-03 16:49:12.784 V/LocationManagerService(  601): passive provider registration 1000/android[SensorNotificationService]/55F1BC4A dropped delivery - too close
09-03 16:49:12.784 V/LocationManagerService(  601): passive provider registration 5010/com.samsung.android.watch.runestone.app/CF6603C7 dropped delivery - too fast (deltaMs=12996).
09-03 16:49:12.812 D/WifiHAL (  458): GetLinkStatCommand: zero radio case
09-03 16:49:12.814 I/bt_btm_pm( 1193): system/stack/acl/btm_pm.cc:720 btm_pm_proc_mode_change: Power mode switched from immediate:pending[5] to immediate:sniff[2]
09-03 16:49:12.875 D/WatchFallML(17999): Activity=SITTING, FallProb=0.1400, AccPeak=9.66, AccMin=9.42, AccRange=0.24, AccStd=0.05, GyroPeak=0.03, JerkPeak=8.4, Impact=false, TemporalScore=0, PostImpact=true, ActiveMotion=false, State=MONITORING, Latency=5ms
09-03 16:49:12.913 D/io_stats(  319): !@ 179,0 r 458473 10117588 w 43304 418492 d 8289 623412 f 3242 4355 iot 666100 0 th 0 0 0 pt 0 inp 0 0 11178.196
09-03 16:49:12.913 D/io_stats(  319): !@ Read_top(KB): f2fs_ckpt-254:4(349) 88 arable.systemui(1181) 4
09-03 16:49:12.913 D/io_stats(  319): !@ Write_top(KB): f2fs_ckpt-254:4(349) 108 kworker/u4:2(18678) 8
09-03 16:49:13.173 I/wpa_supplicant( 1095): Heartbeat 1096
09-03 16:49:13.204 D/WatchFallML(17999): Activity=SITTING, FallProb=0.1400, AccPeak=9.66, AccMin=9.42, AccRange=0.24, AccStd=0.05, GyroPeak=0.03, JerkPeak=8.4, Impact=false, TemporalScore=0, PostImpact=true, ActiveMotion=false, State=MONITORING, Latency=2ms
09-03 16:49:13.569 D/WatchFallML(17999): Activity=SITTING, FallProb=0.1500, AccPeak=9.60, AccMin=9.42, AccRange=0.18, AccStd=0.04, GyroPeak=0.03, JerkPeak=5.2, Impact=false, TemporalScore=0, PostImpact=true, ActiveMotion=false, State=MONITORING, Latency=10ms
09-03 16:49:13.695 E/BatteryStatsService(  601): Invalid uid for waking network packet: -1
09-03 16:49:13.697 E/BatteryStatsService(  601): Invalid uid for waking network packet: -1
09-03 16:49:13.697 E/BatteryStatsService(  601): Invalid uid for waking network packet: -1
09-03 16:49:13.891 D/WatchFallML(17999): Activity=SITTING, FallProb=0.1500, AccPeak=9.64, AccMin=9.43, AccRange=0.20, AccStd=0.04, GyroPeak=0.03, JerkPeak=5.5, Impact=false, TemporalScore=0, PostImpact=true, ActiveMotion=false, State=MONITORING, Latency=3ms
09-03 16:49:14.207 D/WatchFallML(17999): Activity=SITTING, FallProb=0.0700, AccPeak=9.64, AccMin=9.43, AccRange=0.21, AccStd=0.05, GyroPeak=0.03, JerkPeak=6.1, Impact=false, TemporalScore=0, PostImpact=true, ActiveMotion=false, State=MONITORING, Latency=2ms
09-03 16:49:14.270 E/BatteryDump(  489): !@new_battery_dump : 4346,94,2000,168,89,415,0,Chg,Normal,Good,INBOX_WRL,90,Normal,0,0,9668,205,0,0x14,0x8b,0x0f,0x5e,0x01,0x34,0x00,0x01,0,0,8735,4244,1,1,4834,4732,173,4346,0x11,0,2,0x130,0x80,0x56,143,0x3,0x0,0x0
09-03 16:49:14.272 D/[SS]BattFunctions(  601): [sendRemainingChargingTimeChangedIntent]remainingChargingTime:1685 ,mLastRemainingChargingTime:1691
09-03 16:49:14.274 D/BatteryService(  601): Sending ACTION_BATTERY_CHANGED: level:89, status:2, health:2, ac:false, usb:false, wireless:true, misc:0x0, charge_type:1, charger_type:0, voltage:4346, temperature:415, online:11, current_avg:90, hvc:false, capacity:280000, current_event:0x0, current_now:94, mcc:0, mcv:0, cc:323280, present:true, scale:100, technology:Li-ion
09-03 16:49:14.293 D/PowerUI ( 1181): onReceive() Received Action =  android.intent.action.BATTERY_CHANGED
09-03 16:49:14.293 D/PowerUI ( 1181): plugged=true
09-03 16:49:14.306 D/SYSTEM_UI( 1181): BatteryIndicatorPresenter$3.onReceive(19): onReceive() Received Action =  android.intent.action.BATTERY_CHANGED
09-03 16:49:14.306 D/SYSTEM_UI( 1181): BatteryIndicatorPresenter$3.onReceive(103): level          89 --> 89
09-03 16:49:14.306 I/PowerUI ( 1181): ACTION_BATTERY_CHANGED : mPlugType=4 mBatteryStatus=2
09-03 16:49:14.306 I/PowerUI ( 1181): oldMisalign : false, curMisalign : false
09-03 16:49:14.307 D/PowerUI ( 1181): onReceive() Received Action =  com.samsung.server.BatteryService.action.SEC_BATTERY_REMAINING_CHARGING_TIME_CHANGED
09-03 16:49:14.307 D/PowerUI ( 1181): onReceive() Unsupported Action 
09-03 16:49:14.307 I/PowerUI ( 1181): maybeShowBatteryWarningV2 plugged=true bucket=1
09-03 16:49:14.307 I/PowerUI.NotificationHelper( 1181): cancelNotification  notificationID = 9009
09-03 16:49:14.310 D/SYSTEM_UI( 1181): BatteryIndicatorPresenter$3.onReceive(130): status         2 --> 2
09-03 16:49:14.316 D/AdaptiveBrightnessLongtermModelBuilder(  601): Received android.intent.action.BATTERY_CHANGED
09-03 16:49:14.332 I/NfcWirelessCharge( 1164): chargeMode: 4, isWirelessCharging: true
09-03 16:49:14.551 D/WatchFallML(17999): Activity=SITTING, FallProb=0.0700, AccPeak=9.63, AccMin=9.42, AccRange=0.21, AccStd=0.05, GyroPeak=0.03, JerkPeak=7.3, Impact=false, TemporalScore=0, PostImpact=true, ActiveMotion=false, State=MONITORING, Latency=5ms
09-03 16:49:14.721 E/BatteryStatsService(  601): Invalid uid for waking network packet: -1
09-03 16:49:14.723 E/BatteryStatsService(  601): Invalid uid for waking network packet: -1
09-03 16:49:14.784 I/Watchface( 1109): [ModelBattery] action:android.intent.action.BATTERY_CHANGED
09-03 16:49:14.784 I/Watchface( 1109): [ModelBattery] scale[100] level[89] status[2] isCharging[true] batteryLow[false]
09-03 16:49:14.784 I/Watchface( 1109): [ModelBattery] putAll to pendingUpdatedValues!! size:2
09-03 16:49:14.881 I/bt_btm_pm( 1193): system/stack/acl/btm_pm.cc:720 btm_pm_proc_mode_change: Power mode switched from immediate:sniff[2] to immediate:active[0]
09-03 16:49:14.896 D/WatchFallML(17999): Activity=SITTING, FallProb=0.0700, AccPeak=9.62, AccMin=9.42, AccRange=0.20, AccStd=0.05, GyroPeak=0.03, JerkPeak=9.7, Impact=false, TemporalScore=0, PostImpact=true, ActiveMotion=false, State=MONITORING, Latency=17ms
09-03 16:49:14.925 V/LocationManagerService(  601): passive provider registration 1000/android[SensorNotificationService]/55F1BC4A dropped delivery - too close
09-03 16:49:14.925 V/LocationManagerService(  601): passive provider registration 5010/com.samsung.android.watch.runestone.app/CF6603C7 dropped delivery - too fast (deltaMs=14006).
09-03 16:49:14.927 D/io_stats(  319): !@ 179,0 r 458473 10117588 w 43306 418500 d 8289 623412 f 3242 4355 iot 666104 0 th 0 0 0 pt 0 inp 0 0 11180.211
09-03 16:49:15.108 V/LocationManagerService(  601): passive provider registration 1000/android[SensorNotificationService]/55F1BC4A dropped delivery - too close
09-03 16:49:15.109 V/LocationManagerService(  601): passive provider registration 5010/com.samsung.android.watch.runestone.app/CF6603C7 dropped delivery - too fast (deltaMs=15008).
09-03 16:49:15.292 D/WatchFallML(17999): Activity=SITTING, FallProb=0.0700, AccPeak=9.62, AccMin=9.40, AccRange=0.21, AccStd=0.06, GyroPeak=0.03, JerkPeak=9.7, Impact=false, TemporalScore=0, PostImpact=true, ActiveMotion=false, State=MONITORING, Latency=3ms
09-03 16:49:15.636 D/WatchFallML(17999): Activity=SITTING, FallProb=0.0400, AccPeak=9.59, AccMin=9.40, AccRange=0.18, AccStd=0.05, GyroPeak=0.04, JerkPeak=7.6, Impact=false, TemporalScore=0, PostImpact=true, ActiveMotion=false, State=MONITORING, Latency=2ms
09-03 16:49:15.870 V/LocationManagerService(  601): passive provider registration 1000/android[SensorNotificationService]/55F1BC4A dropped delivery - too close
09-03 16:49:15.871 V/LocationManagerService(  601): passive provider registration 5010/com.samsung.android.watch.runestone.app/CF6603C7 dropped delivery - too fast (deltaMs=15989).
09-03 16:49:15.946 D/WifiHAL (  458): GetLinkStatCommand: zero radio case
09-03 16:49:16.063 D/SYSTEM_UI( 1181): QuickpanelView$$ExternalSyntheticOutline0.m(13): wifi rssi : -68
09-03 16:49:16.065 D/SYSTEM_UI( 1181): WifiConnection$2.onReceive(42): wifi rssi level : 3
09-03 16:49:16.065 D/SYSTEM_UI( 1181): QuickpanelView$$ExternalSyntheticOutline0.m(13): updateMainIcon mMainIconResId= 2131233882
09-03 16:49:16.091 D/WatchFallML(17999): Activity=SITTING, FallProb=0.0600, AccPeak=9.64, AccMin=9.41, AccRange=0.23, AccStd=0.05, GyroPeak=0.04, JerkPeak=6.2, Impact=false, TemporalScore=0, PostImpact=true, ActiveMotion=false, State=MONITORING, Latency=3ms
09-03 16:49:16.141 I/[SSW]SyncQueue$SyncAlarmReceiver(17961): onReceive - action : com.sec.android.easyMover.action.WEAR_SYNC, attemptCount : 9, attemptCountWakeup : 0
09-03 16:49:16.249 I/[SSW]SyncQueue(17961): reserveAlarm - (reserveNextAlarm) at 2026-09-03T16:51:16.249386+05:30[Asia/Kolkata], attemptCount : 10, attemptCountWakeUp : 0
09-03 16:49:16.286 D/WatchFallML(17999): Activity=SITTING, FallProb=0.0900, AccPeak=9.64, AccMin=9.41, AccRange=0.23, AccStd=0.05, GyroPeak=0.03, JerkPeak=6.4, Impact=false, TemporalScore=0, PostImpact=true, ActiveMotion=false, State=MONITORING, Latency=49ms
09-03 16:49:16.334 I/[SSW]PermissionChecker(17961): checkAllPermissions - 10
09-03 16:49:16.491 E/BatteryStatsService(  601): Invalid uid for waking network packet: -1
09-03 16:49:16.569 D/WatchFallML(17999): Activity=SITTING, FallProb=0.1200, AccPeak=9.60, AccMin=9.44, AccRange=0.16, AccStd=0.04, GyroPeak=0.03, JerkPeak=6.4, Impact=false, TemporalScore=0, PostImpact=true, ActiveMotion=false, State=MONITORING, Latency=2ms
09-03 16:49:16.629 I/[SSW]WearSettingManager(17961): setSettingInfo. 0 -> 0
09-03 16:49:16.632 I/[SSW]SyncQueue(17961): checkPreCondition() : false (isInteractive : true, batteryLevel : 89, freeSpace : 6718812160, SsmState : Idle, isWorking : false, isAllPermissionsOk : false, temperature : 439)
09-03 16:49:16.928 D/io_stats(  319): !@ 179,0 r 458508 10118188 w 43308 418508 d 8290 625460 f 3242 4355 iot 666308 0 th 0 0 0 pt 0 inp 0 0 11182.212
09-03 16:49:16.929 D/io_stats(  319): !@ Read_top(KB): system_server(601) 484 kworker/u4:2(18678) 116
09-03 16:49:16.929 D/io_stats(  319): !@ Write_top(KB): droid.easyMover(17961) 8 vendor.samsung.(489) 8
09-03 16:49:16.954 D/WatchFallML(17999): Activity=SITTING, FallProb=0.1400, AccPeak=9.60, AccMin=9.42, AccRange=0.19, AccStd=0.04, GyroPeak=0.03, JerkPeak=5.5, Impact=false, TemporalScore=0, PostImpact=true, ActiveMotion=false, State=MONITORING, Latency=3ms
09-03 16:49:16.999 I/hwservicemanager(  287): getTransport: Cannot find entry android.hardware.memtrack@1.0::IMemtrack/default in either framework or device VINTF manifest.
09-03 16:49:17.019 I/hwservicemanager(  287): getTransport: Cannot find entry android.hardware.memtrack@1.0::IMemtrack/default in either framework or device VINTF manifest.
09-03 16:49:17.021 E/HidlServiceManagement(18942): Service android.hardware.memtrack@1.0::IMemtrack/default must be in VINTF manifest in order to register/get.
09-03 16:49:17.021 E/LegacySupport(18942): Could not register service android.hardware.memtrack@1.0::IMemtrack/default (-2147483648).
09-03 16:49:17.079 W/system_server(  601): Suspending all threads took: 112.730ms
09-03 16:49:17.181 V/LocationManagerService(  601): passive provider registration 1000/android[SensorNotificationService]/55F1BC4A dropped delivery - too close
09-03 16:49:17.181 V/LocationManagerService(  601): passive provider registration 5010/com.samsung.android.watch.runestone.app/CF6603C7 dropped delivery - too fast (deltaMs=16986).
09-03 16:49:17.225 E/BatteryStatsService(  601): Invalid uid for waking network packet: -1
09-03 16:49:17.226 D/WatchFallML(17999): Activity=SITTING, FallProb=0.1600, AccPeak=9.60, AccMin=9.41, AccRange=0.20, AccStd=0.04, GyroPeak=0.03, JerkPeak=7.8, Impact=false, TemporalScore=0, PostImpact=true, ActiveMotion=false, State=MONITORING, Latency=6ms
09-03 16:49:17.228 E/BatteryStatsService(  601): Invalid uid for waking network packet: -1
09-03 16:49:17.229 E/BatteryStatsService(  601): Invalid uid for waking network packet: -1
09-03 16:49:17.229 E/BatteryStatsService(  601): Invalid uid for waking network packet: -1
09-03 16:49:17.479 I/ilesensorlogger(17999): Background concurrent mark compact GC freed 6344KB AllocSpace bytes, 0(0B) LOS objects, 21% free, 21MB/27MB, paused 5.458ms,21.042ms total 577.472ms
09-03 16:49:17.603 D/WatchFallML(17999): Activity=SITTING, FallProb=0.1500, AccPeak=9.61, AccMin=9.41, AccRange=0.21, AccStd=0.05, GyroPeak=0.03, JerkPeak=10.0, Impact=false, TemporalScore=0, PostImpact=true, ActiveMotion=false, State=MONITORING, Latency=2ms
09-03 16:49:17.716 I/bt_btm_pm( 1193): system/stack/acl/btm_pm.cc:280 BTM_SetPowerMode: Setting power mode for peer:xx:xx:xx:xx:71:14 current_mode:immediate:active[0] new_mode:forced:sniff[2]
09-03 16:49:17.716 I/bt_btm_pm( 1193): system/stack/acl/btm_pm.cc:573 btm_pm_snd_md_req: Switching from immediate:active[0x00] to immediate:sniff[0x02]
09-03 16:49:17.716 I/bt_btm_pm( 1193): system/stack/acl/btm_pm.cc:963 btm_sniff_wakelock: set sniff wakelock
09-03 16:49:17.734 I/bt_btm_pm( 1193): system/stack/acl/btm_pm.cc:720 btm_pm_proc_mode_change: Power mode switched from immediate:pending[5] to immediate:sniff[2]
09-03 16:49:17.767 I/bt_btm_pm( 1193): system/stack/acl/btm_pm.cc:958 btm_sniff_wakelock_timeout: btm sniff wakelock timeout
09-03 16:49:17.926 W/Looper  (  601): Slow dispatch took 121ms main app=system_server main=true group=FOREGROUND h=com.android.server.power.Notifier$NotifierHandler c=com.android.server.power.Notifier$$ExternalSyntheticLambda2@a350474 m=0
09-03 16:49:17.945 D/WatchFallML(17999): Activity=SITTING, FallProb=0.1500, AccPeak=9.63, AccMin=9.41, AccRange=0.22, AccStd=0.05, GyroPeak=0.03, JerkPeak=10.0, Impact=false, TemporalScore=0, PostImpact=true, ActiveMotion=false, State=MONITORING, Latency=22ms
09-03 16:49:18.109 E/BatteryStatsService(  601): Invalid uid for waking network packet: -1
09-03 16:49:18.111 E/BatteryStatsService(  601): Invalid uid for waking network packet: -1
09-03 16:49:18.113 E/BatteryStatsService(  601): Invalid uid for waking network packet: -1
09-03 16:49:18.132 E/BatteryStatsService(  601): Invalid uid for waking network packet: -1
09-03 16:49:18.133 E/BatteryStatsService(  601): Invalid uid for waking network packet: -1
09-03 16:49:18.134 E/BatteryStatsService(  601): Invalid uid for waking network packet: -1
09-03 16:49:18.138 I/SurfaceFlinger(  514): SFWD update time=11183421804615
09-03 16:49:18.177 V/LocationManagerService(  601): passive provider registration 1000/android[SensorNotificationService]/55F1BC4A dropped delivery - too close
09-03 16:49:18.177 V/LocationManagerService(  601): passive provider registration 5010/com.samsung.android.watch.runestone.app/CF6603C7 dropped delivery - too fast (deltaMs=17980).
09-03 16:49:18.242 D/WatchFallML(17999): Activity=SITTING, FallProb=0.1400, AccPeak=9.65, AccMin=9.43, AccRange=0.21, AccStd=0.05, GyroPeak=0.03, JerkPeak=7.7, Impact=false, TemporalScore=0, PostImpact=true, ActiveMotion=false, State=MONITORING, Latency=2ms
09-03 16:49:18.378 I/bt_btm_pm( 1193): system/stack/acl/btm_pm.cc:720 btm_pm_proc_mode_change: Power mode switched from immediate:sniff[2] to immediate:active[0]
09-03 16:49:18.547 D/WatchFallML(17999): Activity=SITTING, FallProb=0.1400, AccPeak=9.65, AccMin=9.43, AccRange=0.21, AccStd=0.05, GyroPeak=0.03, JerkPeak=7.7, Impact=false, TemporalScore=0, PostImpact=true, ActiveMotion=false, State=MONITORING, Latency=11ms
09-03 16:49:18.570 I/system_server(  601): Background concurrent mark compact GC freed 22MB AllocSpace bytes, 71(1420KB) LOS objects, 38% free, 37MB/61MB, paused 213.384ms,157.078ms total 3.642s
09-03 16:49:18.810 V/LocationManagerService(  601): passive provider registration 1000/android[SensorNotificationService]/55F1BC4A dropped delivery - too close
09-03 16:49:18.810 V/LocationManagerService(  601): passive provider registration 5010/com.samsung.android.watch.runestone.app/CF6603C7 dropped delivery - too fast (deltaMs=19012).
09-03 16:49:18.849 D/WatchFallML(17999): Activity=SITTING, FallProb=0.1400, AccPeak=9.64, AccMin=9.43, AccRange=0.20, AccStd=0.04, GyroPeak=0.03, JerkPeak=7.2, Impact=false, TemporalScore=0, PostImpact=true, ActiveMotion=false, State=MONITORING, Latency=3ms
09-03 16:49:18.930 D/io_stats(  319): !@ 179,0 r 458521 10118300 w 43308 418508 d 8290 625460 f 3242 4355 iot 666408 0 th 0 0 0 pt 0 inp 0 0 11184.214
09-03 16:49:19.062 E/SSRM:DHMS_BASEFRAMEWORK(  601): e = /sys/class/sec/sec-cp-thermistor/temperature: open failed: ENOENT (No such file or directory)
09-03 16:49:19.066 I/SSRM:Temperature(  601): SIOP:: AP : 442 CP : -999 BLK : 444 BAT : 415
09-03 16:49:19.155 D/WifiHAL (  458): GetLinkStatCommand: zero radio case
09-03 16:49:19.199 D/WatchFallML(17999): Activity=SITTING, FallProb=0.1500, AccPeak=9.64, AccMin=9.45, AccRange=0.19, AccStd=0.05, GyroPeak=0.03, JerkPeak=9.4, Impact=false, TemporalScore=0, PostImpact=true, ActiveMotion=false, State=MONITORING, Latency=4ms
09-03 16:49:19.222 D/SYSTEM_UI( 1181): QuickpanelView$$ExternalSyntheticOutline0.m(13): wifi rssi : -63
09-03 16:49:19.228 D/SYSTEM_UI( 1181): WifiConnection$2.onReceive(42): wifi rssi level : 4
09-03 16:49:19.229 D/SYSTEM_UI( 1181): QuickpanelView$$ExternalSyntheticOutline0.m(13): updateMainIcon mMainIconResId= 2131233883
09-03 16:49:19.518 E/BatteryStatsService(  601): Invalid uid for waking network packet: -1
09-03 16:49:19.522 E/BatteryStatsService(  601): Invalid uid for waking network packet: -1
09-03 16:49:19.523 E/BatteryStatsService(  601): Invalid uid for waking network packet: -1
09-03 16:49:19.527 E/BatteryStatsService(  601): Invalid uid for waking network packet: -1
09-03 16:49:19.528 E/BatteryStatsService(  601): Invalid uid for waking network packet: -1
09-03 16:49:19.566 D/WatchFallML(17999): Activity=SITTING, FallProb=0.1400, AccPeak=9.64, AccMin=9.45, AccRange=0.19, AccStd=0.05, GyroPeak=0.03, JerkPeak=9.4, Impact=false, TemporalScore=0, PostImpact=true, ActiveMotion=false, State=MONITORING, Latency=14ms
09-03 16:49:19.777 I/bt_btm_pm( 1193): system/stack/acl/btm_pm.cc:280 BTM_SetPowerMode: Setting power mode for peer:xx:xx:xx:xx:71:14 current_mode:immediate:active[0] new_mode:forced:sniff[2]
09-03 16:49:19.777 I/bt_btm_pm( 1193): system/stack/acl/btm_pm.cc:573 btm_pm_snd_md_req: Switching from immediate:active[0x00] to immediate:sniff[0x02]
09-03 16:49:19.777 I/bt_btm_pm( 1193): system/stack/acl/btm_pm.cc:963 btm_sniff_wakelock: set sniff wakelock
09-03 16:49:19.807 I/bt_btm_pm( 1193): system/stack/acl/btm_pm.cc:720 btm_pm_proc_mode_change: Power mode switched from immediate:pending[5] to immediate:sniff[2]
09-03 16:49:19.827 V/LocationManagerService(  601): passive provider registration 1000/android[SensorNotificationService]/55F1BC4A dropped delivery - too close
09-03 16:49:19.827 V/LocationManagerService(  601): passive provider registration 5010/com.samsung.android.watch.runestone.app/CF6603C7 dropped delivery - too fast (deltaMs=20014).
09-03 16:49:19.828 I/bt_btm_pm( 1193): system/stack/acl/btm_pm.cc:958 btm_sniff_wakelock_timeout: btm sniff wakelock timeout
09-03 16:49:19.880 D/WatchFallML(17999): Activity=SITTING, FallProb=0.1500, AccPeak=9.66, AccMin=9.46, AccRange=0.20, AccStd=0.05, GyroPeak=0.03, JerkPeak=8.5, Impact=false, TemporalScore=0, PostImpact=true, ActiveMotion=false, State=MONITORING, Latency=3ms
09-03 16:49:20.227 D/WatchFallML(17999): Activity=SITTING, FallProb=0.1500, AccPeak=9.66, AccMin=9.42, AccRange=0.24, AccStd=0.06, GyroPeak=0.03, JerkPeak=8.5, Impact=false, TemporalScore=0, PostImpact=true, ActiveMotion=false, State=MONITORING, Latency=2ms
09-03 16:49:20.561 D/WatchFallML(17999): Activity=SITTING, FallProb=0.1500, AccPeak=9.66, AccMin=9.40, AccRange=0.26, AccStd=0.05, GyroPeak=0.03, JerkPeak=8.0, Impact=false, TemporalScore=0, PostImpact=true, ActiveMotion=false, State=MONITORING, Latency=3ms
09-03 16:49:20.580 E/BatteryStatsService(  601): Invalid uid for waking network packet: -1
09-03 16:49:20.583 E/BatteryStatsService(  601): Invalid uid for waking network packet: -1
09-03 16:49:20.589 E/BatteryStatsService(  601): Invalid uid for waking network packet: -1
09-03 16:49:20.854 D/WatchFallML(17999): Activity=SITTING, FallProb=0.1400, AccPeak=9.60, AccMin=9.40, AccRange=0.21, AccStd=0.05, GyroPeak=0.03, JerkPeak=9.8, Impact=false, TemporalScore=0, PostImpact=true, ActiveMotion=false, State=MONITORING, Latency=2ms
09-03 16:49:20.933 D/io_stats(  319): !@ Read_top(KB): system_server(601) 112
09-03 16:49:21.026 D/InetDiagMessage(  601): Destroyed 0 sockets, proto=IPPROTO_TCP, family=AF_INET, states=14
09-03 16:49:21.028 D/InetDiagMessage(  601): Destroyed 0 sockets, proto=IPPROTO_TCP, family=AF_INET6, states=14
09-03 16:49:21.028 D/InetDiagMessage(  601): Destroyed live tcp sockets for uids={10074} in 3ms
09-03 16:49:21.030 D/InetDiagMessage(  601): Destroyed 0 sockets, proto=IPPROTO_TCP, family=AF_INET, states=14
09-03 16:49:21.031 D/InetDiagMessage(  601): Destroyed 0 sockets, proto=IPPROTO_TCP, family=AF_INET6, states=14
09-03 16:49:21.031 D/InetDiagMessage(  601): Destroyed live tcp sockets for uids={20074} in 2ms
09-03 16:49:21.215 D/WatchFallML(17999): Activity=SITTING, FallProb=0.1500, AccPeak=9.60, AccMin=9.40, AccRange=0.21, AccStd=0.05, GyroPeak=0.03, JerkPeak=9.8, Impact=false, TemporalScore=0, PostImpact=true, ActiveMotion=false, State=MONITORING, Latency=3ms
09-03 16:49:21.364 I/bt_btm_pm( 1193): system/stack/acl/btm_pm.cc:720 btm_pm_proc_mode_change: Power mode switched from immediate:sniff[2] to immediate:active[0]
09-03 16:49:21.440 V/LocationManagerService(  601): passive provider registration 1000/android[SensorNotificationService]/55F1BC4A dropped delivery - too close
09-03 16:49:21.440 V/LocationManagerService(  601): passive provider registration 5010/com.samsung.android.watch.runestone.app/CF6603C7 dropped delivery - too fast (deltaMs=21013).
09-03 16:49:21.517 I/hwservicemanager(  287): getTransport: Cannot find entry android.hardware.memtrack@1.0::IMemtrack/default in either framework or device VINTF manifest.
09-03 16:49:21.536 I/hwservicemanager(  287): getTransport: Cannot find entry android.hardware.memtrack@1.0::IMemtrack/default in either framework or device VINTF manifest.
09-03 16:49:21.537 E/HidlServiceManagement(18943): Service android.hardware.memtrack@1.0::IMemtrack/default must be in VINTF manifest in order to register/get.
09-03 16:49:21.538 E/LegacySupport(18943): Could not register service android.hardware.memtrack@1.0::IMemtrack/default (-2147483648).
09-03 16:49:21.581 D/WatchFallML(17999): Activity=SITTING, FallProb=0.1500, AccPeak=9.62, AccMin=9.41, AccRange=0.21, AccStd=0.05, GyroPeak=0.03, JerkPeak=6.4, Impact=false, TemporalScore=0, PostImpact=true, ActiveMotion=false, State=MONITORING, Latency=2ms
09-03 16:49:21.602 E/BatteryStatsService(  601): Invalid uid for waking network packet: -1
09-03 16:49:21.604 E/BatteryStatsService(  601): Invalid uid for waking network packet: -1
09-03 16:49:21.770 V/LocationManagerService(  601): passive provider registration 1000/android[SensorNotificationService]/55F1BC4A dropped delivery - too close
09-03 16:49:21.770 V/LocationManagerService(  601): passive provider registration 5010/com.samsung.android.watch.runestone.app/CF6603C7 dropped delivery - too fast (deltaMs=21991).
09-03 16:49:21.882 D/WatchFallML(17999): Activity=SITTING, FallProb=0.1500, AccPeak=9.62, AccMin=9.42, AccRange=0.20, AccStd=0.05, GyroPeak=0.03, JerkPeak=6.8, Impact=false, TemporalScore=0, PostImpact=true, ActiveMotion=false, State=MONITORING, Latency=2ms
09-03 16:49:22.105 E/BatteryStatsService(  601): Invalid uid for waking network packet: -1
09-03 16:49:22.108 E/BatteryStatsService(  601): Invalid uid for waking network packet: -1
09-03 16:49:22.110 E/BatteryStatsService(  601): Invalid uid for waking network packet: -1
09-03 16:49:22.111 E/BatteryStatsService(  601): Invalid uid for waking network packet: -1
09-03 16:49:22.111 E/BatteryStatsService(  601): Invalid uid for waking network packet: -1
09-03 16:49:22.114 E/BatteryStatsService(  601): Invalid uid for waking network packet: -1
09-03 16:49:22.223 D/WatchFallML(17999): Activity=SITTING, FallProb=0.1200, AccPeak=9.62, AccMin=9.41, AccRange=0.21, AccStd=0.05, GyroPeak=0.03, JerkPeak=6.8, Impact=false, TemporalScore=0, PostImpact=true, ActiveMotion=false, State=MONITORING, Latency=2ms
09-03 16:49:22.340 D/WifiHAL (  458): GetLinkStatCommand: zero radio case
09-03 16:49:22.419 D/SYSTEM_UI( 1181): QuickpanelView$$ExternalSyntheticOutline0.m(13): wifi rssi : -65
09-03 16:49:22.433 D/SYSTEM_UI( 1181): WifiConnection$2.onReceive(42): wifi rssi level : 3
09-03 16:49:22.446 D/SYSTEM_UI( 1181): QuickpanelView$$ExternalSyntheticOutline0.m(13): updateMainIcon mMainIconResId= 2131233882
09-03 16:49:22.605 D/WatchFallML(17999): Activity=SITTING, FallProb=0.1500, AccPeak=9.61, AccMin=9.41, AccRange=0.20, AccStd=0.05, GyroPeak=0.03, JerkPeak=6.4, Impact=false, TemporalScore=0, PostImpact=true, ActiveMotion=false, State=MONITORING, Latency=7ms
09-03 16:49:22.757 I/bt_btm_pm( 1193): system/stack/acl/btm_pm.cc:280 BTM_SetPowerMode: Setting power mode for peer:xx:xx:xx:xx:71:14 current_mode:immediate:active[0] new_mode:forced:sniff[2]
09-03 16:49:22.757 I/bt_btm_pm( 1193): system/stack/acl/btm_pm.cc:573 btm_pm_snd_md_req: Switching from immediate:active[0x00] to immediate:sniff[0x02]
09-03 16:49:22.757 I/bt_btm_pm( 1193): system/stack/acl/btm_pm.cc:963 btm_sniff_wakelock: set sniff wakelock
09-03 16:49:22.774 I/bt_btm_pm( 1193): system/stack/acl/btm_pm.cc:720 btm_pm_proc_mode_change: Power mode switched from immediate:pending[5] to immediate:sniff[2]
09-03 16:49:22.808 I/bt_btm_pm( 1193): system/stack/acl/btm_pm.cc:958 btm_sniff_wakelock_timeout: btm sniff wakelock timeout
09-03 16:49:22.812 V/LocationManagerService(  601): passive provider registration 1000/android[SensorNotificationService]/55F1BC4A dropped delivery - too close
09-03 16:49:22.814 V/LocationManagerService(  601): passive provider registration 5010/com.samsung.android.watch.runestone.app/CF6603C7 dropped delivery - too fast (deltaMs=23013).
09-03 16:49:22.879 D/WatchFallML(17999): Activity=SITTING, FallProb=0.1500, AccPeak=9.61, AccMin=9.41, AccRange=0.20, AccStd=0.05, GyroPeak=0.03, JerkPeak=7.0, Impact=false, TemporalScore=0, PostImpact=true, ActiveMotion=false, State=MONITORING, Latency=4ms
09-03 16:49:22.936 D/io_stats(  319): !@ 179,0 r 458521 10118300 w 43310 418524 d 8290 625460 f 3242 4355 iot 666420 0 th 0 0 0 pt 0 inp 0 0 11188.219
09-03 16:49:23.040 E/BatteryStatsService(  601): Invalid uid for waking network packet: -1
09-03 16:49:23.042 E/BatteryStatsService(  601): Invalid uid for waking network packet: -1
09-03 16:49:23.050 E/BatteryStatsService(  601): Invalid uid for waking network packet: -1
09-03 16:49:23.053 E/BatteryStatsService(  601): Invalid uid for waking network packet: -1
09-03 16:49:23.058 E/BatteryStatsService(  601): Invalid uid for waking network packet: -1
09-03 16:49:23.174 I/wpa_supplicant( 1095): Heartbeat 1097
09-03 16:49:23.214 D/WatchFallML(17999): Activity=SITTING, FallProb=0.1500, AccPeak=9.57, AccMin=9.41, AccRange=0.16, AccStd=0.04, GyroPeak=0.03, JerkPeak=7.0, Impact=false, TemporalScore=0, PostImpact=true, ActiveMotion=false, State=MONITORING, Latency=3ms
09-03 16:49:23.543 D/WatchFallML(17999): Activity=SITTING, FallProb=0.1400, AccPeak=9.58, AccMin=9.39, AccRange=0.19, AccStd=0.05, GyroPeak=0.03, JerkPeak=9.0, Impact=false, TemporalScore=0, PostImpact=true, ActiveMotion=false, State=MONITORING, Latency=3ms
09-03 16:49:23.559 E/BatteryStatsService(  601): Invalid uid for waking network packet: -1
09-03 16:49:23.560 E/BatteryStatsService(  601): Invalid uid for waking network packet: -1
09-03 16:49:23.562 E/BatteryStatsService(  601): Invalid uid for waking network packet: -1
09-03 16:49:23.563 E/BatteryStatsService(  601): Invalid uid for waking network packet: -1
09-03 16:49:23.563 E/BatteryStatsService(  601): Invalid uid for waking network packet: -1
09-03 16:49:23.564 E/BatteryStatsService(  601): Invalid uid for waking network packet: -1
09-03 16:49:23.908 D/WatchFallML(17999): Activity=SITTING, FallProb=0.1200, AccPeak=9.60, AccMin=9.39, AccRange=0.21, AccStd=0.05, GyroPeak=0.03, JerkPeak=9.0, Impact=false, TemporalScore=0, PostImpact=true, ActiveMotion=false, State=MONITORING, Latency=3ms
09-03 16:49:24.236 D/WatchFallML(17999): Activity=SITTING, FallProb=0.0700, AccPeak=9.60, AccMin=9.39, AccRange=0.21, AccStd=0.04, GyroPeak=0.03, JerkPeak=8.6, Impact=false, TemporalScore=0, PostImpact=true, ActiveMotion=false, State=MONITORING, Latency=4ms
09-03 16:49:24.364 I/bt_btm_pm( 1193): system/stack/acl/btm_pm.cc:720 btm_pm_proc_mode_change: Power mode switched from immediate:sniff[2] to immediate:active[0]
09-03 16:49:24.399 E/BatteryDump(  489): !@new_battery_dump : 4344,92,2000,168,90,415,0,Chg,Normal,Good,INBOX_WRL,90,Normal,0,0,9668,205,0,0x0a,0x8b,0x0f,0x5e,0x01,0x34,0x00,0x01,0,0,8742,4244,1,1,4834,4742,173,4337,0x11,0,2,0x130,0x80,0x56,143,0x3,0x0,0x0
09-03 16:49:24.411 D/[SS]BattFunctions(  601): [sendRemainingChargingTimeChangedIntent]remainingChargingTime:1680 ,mLastRemainingChargingTime:1685
09-03 16:49:24.425 D/PowerUI ( 1181): onReceive() Received Action =  com.samsung.server.BatteryService.action.SEC_BATTERY_REMAINING_CHARGING_TIME_CHANGED
09-03 16:49:24.425 D/PowerUI ( 1181): onReceive() Unsupported Action 
09-03 16:49:24.521 D/BatteryService(  601): Sending ACTION_BATTERY_CHANGED: level:90, status:2, health:2, ac:false, usb:false, wireless:true, misc:0x0, charge_type:1, charger_type:0, voltage:4344, temperature:415, online:11, current_avg:90, hvc:false, capacity:280000, current_event:0x0, current_now:92, mcc:0, mcv:0, cc:323640, present:true, scale:100, technology:Li-ion
09-03 16:49:24.542 D/PowerUI ( 1181): onReceive() Received Action =  android.intent.action.BATTERY_CHANGED
09-03 16:49:24.542 D/PowerUI ( 1181): plugged=true
09-03 16:49:24.542 I/PowerUI ( 1181): ACTION_BATTERY_CHANGED : mPlugType=4 mBatteryStatus=2
09-03 16:49:24.542 I/PowerUI ( 1181): oldMisalign : false, curMisalign : false
09-03 16:49:24.542 I/PowerUI ( 1181): checkSendBatteryUpdate, sendBatteryData
09-03 16:49:24.545 D/SYSTEM_UI( 1181): BatteryIndicatorPresenter$3.onReceive(19): onReceive() Received Action =  android.intent.action.BATTERY_CHANGED
09-03 16:49:24.545 D/SYSTEM_UI( 1181): BatteryIndicatorPresenter$3.onReceive(103): level          89 --> 90
09-03 16:49:24.545 D/SYSTEM_UI( 1181): BatteryIndicatorPresenter$3.onReceive(130): status         2 --> 2
09-03 16:49:24.546 I/PowerUI ( 1181): maybeShowBatteryWarningV2 plugged=true bucket=1
09-03 16:49:24.546 I/PowerUI.NotificationHelper( 1181): cancelNotification  notificationID = 9009
09-03 16:49:24.603 E/BatteryStatsService(  601): Invalid uid for waking network packet: -1
09-03 16:49:24.608 E/BatteryStatsService(  601): Invalid uid for waking network packet: -1
09-03 16:49:24.609 E/BatteryStatsService(  601): Invalid uid for waking network packet: -1
09-03 16:49:24.610 E/BatteryStatsService(  601): Invalid uid for waking network packet: -1
09-03 16:49:24.611 I/WFModule( 1044): [SetViewToggleButtonReceiver$$ExternalSyntheticOutline0] m(13) > begin onBatteryStatusState, isCharging:true
09-03 16:49:24.611 E/BatteryStatsService(  601): Invalid uid for waking network packet: -1
09-03 16:49:24.611 I/AndroidXWFEngine( 1044): [AndroidXWatchFaceEngine] sendSystemState(6) > send system state in sub-thread
09-03 16:49:24.612 I/AndroidXWFEngine( 1044): [AndroidXWatchFaceEngine$$ExternalSyntheticLambda0] run(28) > begin sendSystemStateInternal, WatchFaceSystemState{inAmbientMode=false, interruptionFilter=0, unreadNotificationCount=1, notificationCount=8, statusIndicator=Optional.absent()}
09-03 16:49:24.616 D/SYSTEM_UI( 1181): BatteryIndicatorPresenter$$ExternalSyntheticLambda0.handleMessage(8): handle msg
09-03 16:49:24.617 D/SYSTEM_UI( 1181): BatteryIndicatorPresenter$$ExternalSyntheticLambda0.handleMessage(36): onBatteryLevelChanged
09-03 16:49:24.617 D/SYSTEM_UI( 1181): BatteryIndicatorPresenter$$ExternalSyntheticLambda0.handleMessage(131): onBatteryLevelChanged() isSomethingChanged! Level:90, PluggedIn:true, Charging:true, BatteryStatus:2
09-03 16:49:24.621 I/WFModule( 1044): [WatchFaceModule] onBatteryStatusState(24) > end onBatteryStatusState
09-03 16:49:24.621 I/AndroidXWFEngine( 1044): [AndroidXWatchFaceEngine$$ExternalSyntheticLambda0] run(66) > end sendSystemStateInternal
09-03 16:49:24.622 I/SecWFOverlayController( 1044): [WatchFaceOverlayModule] onBatteryState(39) > setChargingStatus():: charging : true fullyCharged : false
09-03 16:49:24.622 I/SecWFOverlayController( 1044): [SecWatchFaceOverlayController] updateIcons(8) > updateIcons()::
09-03 16:49:24.622 I/SecWFOverlayController( 1044): [SchoolModeStateImpl$$ExternalSyntheticOutline0] m(8) > locationEnabled: true
09-03 16:49:24.623 I/SecWFOverlayController( 1044): [SecWatchFaceOverlayController] updateChargingIcon(6) > updateChargingIcon()::
09-03 16:49:24.623 I/SecWFOverlayController( 1044): [SecWatchFaceOverlayController] updateAirplaneModeIcon(6) > updateAirplaneModeIcon()::
09-03 16:49:24.623 I/SecWFOverlayController( 1044): [SchoolModeStateImpl$$ExternalSyntheticOutline0] m(8) > update dnd mode: false
09-03 16:49:24.623 I/SecWFOverlayController( 1044): [SecAppsItemSyncManagerImpl$$ExternalSyntheticOutline0] m(9) > Shop demo : 0
09-03 16:49:24.623 I/PowerUI.LaunchUtils( 1181): callBsApi call BatterySavingSettings in worker thread
09-03 16:49:24.624 I/SecWFOverlayController( 1044): [SecAppsItemSyncManagerImpl$$ExternalSyntheticOutline0] m(9) > SETUP_SKIPPED: 0
09-03 16:49:24.629 W/Looper  (  601): Slow dispatch took 108ms main app=system_server main=true group=FOREGROUND h=android.os.Handler c=null m=1
09-03 16:49:24.640 I/SecWFOverlayController( 1044): [SetViewToggleButtonReceiver$$ExternalSyntheticOutline0] m(13) > read setting_kids_mode_state: false
09-03 16:49:24.642 W/SecWFOverlayController( 1044): [SecWatchFaceOverlayController] updateIcons(211) > isDeviceManaged: false, deviceType: 1
09-03 16:49:24.643 I/SecWFOverlayController( 1044): [SecWatchFaceOverlayController] updateIcons(221) > BT disconnect icon is displayed.
09-03 16:49:24.643 I/SecWFOverlayController( 1044): [SecWatchFaceOverlayController] updateIcons(246) > updateModes() ::
09-03 16:49:24.643 I/SecWFOverlayController( 1044): [SecWatchFaceOverlayController] updateIcons(325) > updateStaminaModeIcon
09-03 16:49:24.644 I/SecWFOverlayController( 1044): [SecWatchFaceOverlayController] updateIcons(380) > [{HIGH_POWER_LOCATION, true}, {CHARGING, true}]
09-03 16:49:24.650 D/AdaptiveBrightnessLongtermModelBuilder(  601): Received android.intent.action.BATTERY_CHANGED
09-03 16:49:24.654 I/NfcWirelessCharge( 1164): chargeMode: 4, isWirelessCharging: true
09-03 16:49:24.661 D/ActivityManager(  601): sync unfroze 15885 com.samsung.android.batterysavingsettings for 7
09-03 16:49:24.671 I/SecStatusIndicatorsContainer( 1044): [SecStatusIndicatorsContainer] setColor(17) > bgColor: null, iconColor: null
09-03 16:49:24.673 I/SecStatusIndicatorsContainer( 1044): [SecStatusIndicatorsContainer] setColor(17) > bgColor: null, iconColor: null
09-03 16:49:24.675 I/SecStatusIndicatorsContainer( 1044): [SecStatusIndicatorsContainer] setColor(17) > bgColor: null, iconColor: null
09-03 16:49:24.677 I/SecStatusIndicatorsContainer( 1044): [SecStatusIndicatorsContainer] setColor(17) > bgColor: null, iconColor: null
09-03 16:49:24.677 W/SysUI   ( 1044): [SecWatchFaceOverlayController] updateIcons(505) > [SALogUtil] sending Samsung analytics logs: HM0007
09-03 16:49:24.678 W/SysUI   ( 1044): [EventBus]WatchFaceOverlayModule block main thread too much time : (event : BatteryChargeStateEvent, 57ms). Move this operation to sub thread
09-03 16:49:24.703 V/LocationManagerService(  601): passive provider registration 1000/android[SensorNotificationService]/55F1BC4A dropped delivery - too close
09-03 16:49:24.703 V/LocationManagerService(  601): passive provider registration 5010/com.samsung.android.watch.runestone.app/CF6603C7 dropped delivery - too fast (deltaMs=24008).
09-03 16:49:24.710 W/ContentProviderHelper(  601): Slow operation: 54ms so far, now at getContentProviderImpl: after updateOomAdj
09-03 16:49:24.710 W/ContentProviderHelper(  601): Slow operation: 55ms so far, now at getContentProviderImpl: done!
09-03 16:49:24.712 E/ActivityManager(  601): Sending non-protected broadcast android.support.wearable.complications.ACTION_REQUEST_UPDATE_ALL from system 1044:com.samsung.android.wearable.sysui/u0a16 pkg com.samsung.android.wearable.sysui
09-03 16:49:24.712 E/ActivityManager(  601): java.lang.Throwable
09-03 16:49:24.712 E/ActivityManager(  601): 	at com.android.server.am.BroadcastController.checkBroadcastFromSystem(qb/112629584 da2668213873155c075611debd402b75647f9519ec8764a6d2524f2906c44dbd:221)
09-03 16:49:24.712 E/ActivityManager(  601): 	at com.android.server.am.BroadcastController.broadcastIntentLockedTraced(qb/112629584 da2668213873155c075611debd402b75647f9519ec8764a6d2524f2906c44dbd:337)
09-03 16:49:24.712 E/ActivityManager(  601): 	at com.android.server.am.BroadcastController.broadcastIntentLocked(qb/112629584 da2668213873155c075611debd402b75647f9519ec8764a6d2524f2906c44dbd:18)
09-03 16:49:24.712 E/ActivityManager(  601): 	at com.android.server.am.ActivityManagerService.broadcastIntentWithFeature(qb/112629584 da2668213873155c075611debd402b75647f9519ec8764a6d2524f2906c44dbd:145)
09-03 16:49:24.712 E/ActivityManager(  601): 	at android.app.IActivityManager$Stub.onTransact$broadcastIntentWithFeature$(IActivityManager.java:11258)
09-03 16:49:24.712 E/ActivityManager(  601): 	at android.app.IActivityManager$Stub.onTransact(IActivityManager.java:2950)
09-03 16:49:24.712 E/ActivityManager(  601): 	at com.android.server.am.ActivityManagerService.onTransact(qb/112629584 da2668213873155c075611debd402b75647f9519ec8764a6d2524f2906c44dbd:286)
09-03 16:49:24.712 E/ActivityManager(  601): 	at android.os.Binder.execTransactInternal(Binder.java:1426)
09-03 16:49:24.712 E/ActivityManager(  601): 	at android.os.Binder.execTransact(Binder.java:1365)
09-03 16:49:24.713 D/WatchFallML(17999): Activity=SITTING, FallProb=0.0900, AccPeak=9.61, AccMin=9.44, AccRange=0.17, AccStd=0.05, GyroPeak=0.03, JerkPeak=4.7, Impact=false, TemporalScore=0, PostImpact=true, ActiveMotion=false, State=MONITORING, Latency=3ms
09-03 16:49:24.732 I/Bss.BatteryDataBsApi(15885): API send_battery_info_data
09-03 16:49:24.733 I/Bss.BatteryDataManager(15885): getDeviceBatteryItem
09-03 16:49:24.750 E/bt_hf_client( 1193): system/bta/hf_client/bta_hf_client_at.cc:1954 bta_hf_client_send_at_biev: HF indicators 2 is disabled
09-03 16:49:24.757 D/ActivityManager(  601): sync unfroze 1740 com.sec.android.diagmonagent for 7
09-03 16:49:24.770 I/DMASA[S]( 1740): [a]check quota : 4Q5-399-1001005
09-03 16:49:24.771 I/DMASA[S]( 1740): [b]4Q5-399-1001005 remain quota : 737
09-03 16:49:24.772 I/DMASA[S]( 1740): [a]Receive log ok : 4Q5-399-1001005
09-03 16:49:24.791 I/RutCore (  601): getRemainingUsageTime: mode(0), time(948)
09-03 16:49:24.794 I/RutCore (  601): getRemainingUsageTime: mode(1), time(1422)
09-03 16:49:24.795 I/RutCore (  601): getRemainingUsageTime: mode(full), time(1053)
09-03 16:49:24.796 I/Bss.ChargingTimeUtils(15885): battery RUT : 1053, Mode : 3
09-03 16:49:24.796 I/Bss.BatteryDataManager(15885): DeviceBatteryItem
09-03 16:49:24.796 I/Bss.BatteryDataManager(15885): batteryLevel : 90
09-03 16:49:24.796 I/Bss.BatteryDataManager(15885): batteryStatus : 2
09-03 16:49:24.796 I/Bss.BatteryDataManager(15885): usedTimeSinceLastCharge : 39896332000
09-03 16:49:24.796 I/Bss.BatteryDataManager(15885): remainingChargeTime : 1680000
09-03 16:49:24.796 I/Bss.BatteryDataManager(15885): remainingUsageTime : 948
09-03 16:49:24.796 I/Bss.BatteryDataManager(15885): remainingUsageTimeInPowerSaveMode : 1422
09-03 16:49:24.796 I/Bss.BatteryDataManager(15885): psmStatus : false
09-03 16:49:24.796 I/Bss.BatteryDataManager(15885): psmControlRestricted : 0
09-03 16:49:24.796 I/Bss.BatteryDataManager(15885): totalUsage : 0.0
09-03 16:49:24.796 I/Bss.BatteryDataManager(15885): totalDischarge : 0.0
09-03 16:49:24.796 I/Bss.BatteryDataManager(15885): usageTimeForFullCharge : 1053
09-03 16:49:24.796 I/Bss.BatteryDataManager(15885): isProtectedFully : false
09-03 16:49:24.797 I/Bss.BatteryDataBsApi(15885): oldPlugType = 4 , current plug type = 4
09-03 16:49:24.797 I/Bss.BatteryDataBsApi(15885): oldBatteryStatus = 2 , current battery status = 2
09-03 16:49:24.797 I/Bss.BatteryDataBsApi(15885): oldBatteryLevel = 89 , current battery level = 90
09-03 16:49:24.797 I/Bss.BatteryDataBsApi(15885): oldProtectedStatus = false , current protected status = false
09-03 16:49:24.798 I/Bss.BsApiProvider(15885): send_battery_info_data from com.google.android.apps.wearable.systemui 1788434364797
09-03 16:49:24.845 V/LocationManagerService(  601): passive provider registration 1000/android[SensorNotificationService]/55F1BC4A dropped delivery - too close
09-03 16:49:24.845 V/LocationManagerService(  601): passive provider registration 5010/com.samsung.android.watch.runestone.app/CF6603C7 dropped delivery - too fast (deltaMs=25005).
09-03 16:49:24.953 D/io_stats(  319): !@ 179,0 r 458522 10118304 w 43322 418572 d 8361 626256 f 3242 4356 iot 666552 0 th 0 0 0 pt 0 inp 0 0 11190.236
09-03 16:49:24.956 D/io_stats(  319): !@ Read_top(KB): system_server(601) 4
09-03 16:49:24.956 D/io_stats(  319): !@ Write_top(KB): id.diagmonagent(1740) 28 kworker/u4:1(18521) 16 arable.systemui(1181) 8
09-03 16:49:24.959 D/WatchFallML(17999): Activity=SITTING, FallProb=0.1500, AccPeak=9.61, AccMin=9.44, AccRange=0.17, AccStd=0.05, GyroPeak=0.03, JerkPeak=4.7, Impact=false, TemporalScore=0, PostImpact=true, ActiveMotion=false, State=MONITORING, Latency=6ms
09-03 16:49:25.037 I/Watchface( 1109): [ModelBattery] action:android.intent.action.BATTERY_CHANGED
09-03 16:49:25.038 I/Watchface( 1109): [ModelBattery] scale[100] level[90] status[2] isCharging[true] batteryLow[false]
09-03 16:49:25.038 I/Watchface( 1109): [ModelBattery] updatedValues.put BATTERY_LEVEL[90]
09-03 16:49:25.038 I/Watchface( 1109): [ModelBattery] updatedValues.put BATTERY_PERCENT[90]
09-03 16:49:25.038 I/Watchface( 1109): [ModelBattery] putAll to pendingUpdatedValues!! size:2
09-03 16:49:25.067 I/ilesensorlogger(17999): Background concurrent mark compact GC freed 5968KB AllocSpace bytes, 0(0B) LOS objects, 21% free, 21MB/27MB, paused 2.541ms,15.845ms total 267.061ms
09-03 16:49:25.092 D/WearServices( 1056): [UpdateRequestReceiver]UpdateRequestReceiver received an update intent: Intent { act=android.support.wearable.complications.ACTION_REQUEST_UPDATE_ALL flg=0x10 pkg=com.google.wear.services (has extras) }
09-03 16:49:25.258 D/WatchFallML(17999): Activity=SITTING, FallProb=0.0700, AccPeak=9.66, AccMin=9.45, AccRange=0.20, AccStd=0.04, GyroPeak=0.03, JerkPeak=9.3, Impact=false, TemporalScore=0, PostImpact=true, ActiveMotion=false, State=MONITORING, Latency=3ms
09-03 16:49:25.418 I/adbd    ( 1489): New TLS connection [fd=25]
09-03 16:49:25.420 I/adbd    ( 1489): host-25: write thread spawning
09-03 16:49:25.421 I/adbd    ( 1489): host-25: read thread spawning
09-03 16:49:25.421 I/adbd    ( 1489): host-25: read failed: Success
09-03 16:49:25.421 I/adbd    ( 1489): host-25: connection terminated: read failed
09-03 16:49:25.422 I/adbd    ( 1489): BlockingConnectionAdapter(host-25): stopping
09-03 16:49:25.423 I/adbd    ( 1489): BlockingConnectionAdapter(host-25): stopped
09-03 16:49:25.423 I/adbd    ( 1489): BlockingConnectionAdapter(host-25): destructing
09-03 16:49:25.423 I/adbd    ( 1489): BlockingConnectionAdapter(host-25): already stopped
09-03 16:49:25.492 D/WifiHAL (  458): GetLinkStatCommand: zero radio case
09-03 16:49:25.602 D/WatchFallML(17999): Activity=SITTING, FallProb=0.0600, AccPeak=9.66, AccMin=9.46, AccRange=0.20, AccStd=0.05, GyroPeak=0.03, JerkPeak=9.3, Impact=false, TemporalScore=0, PostImpact=true, ActiveMotion=false, State=MONITORING, Latency=2ms
09-03 16:49:25.728 I/bt_btm_pm( 1193): system/stack/acl/btm_pm.cc:280 BTM_SetPowerMode: Setting power mode for peer:xx:xx:xx:xx:71:14 current_mode:immediate:active[0] new_mode:forced:sniff[2]
09-03 16:49:25.728 I/bt_btm_pm( 1193): system/stack/acl/btm_pm.cc:573 btm_pm_snd_md_req: Switching from immediate:active[0x00] to immediate:sniff[0x02]
09-03 16:49:25.729 I/bt_btm_pm( 1193): system/stack/acl/btm_pm.cc:963 btm_sniff_wakelock: set sniff wakelock
09-03 16:49:25.779 I/bt_btm_pm( 1193): system/stack/acl/btm_pm.cc:720 btm_pm_proc_mode_change: Power mode switched from immediate:pending[5] to immediate:sniff[2]
09-03 16:49:25.779 I/bt_btm_pm( 1193): system/stack/acl/btm_pm.cc:958 btm_sniff_wakelock_timeout: btm sniff wakelock timeout
09-03 16:49:25.788 V/LocationManagerService(  601): passive provider registration 1000/android[SensorNotificationService]/55F1BC4A dropped delivery - too close
09-03 16:49:25.788 V/LocationManagerService(  601): passive provider registration 5010/com.samsung.android.watch.runestone.app/CF6603C7 dropped delivery - too fast (deltaMs=25981).
09-03 16:49:25.902 D/WatchFallML(17999): Activity=SITTING, FallProb=0.1200, AccPeak=9.63, AccMin=9.46, AccRange=0.17, AccStd=0.04, GyroPeak=0.03, JerkPeak=7.3, Impact=false, TemporalScore=0, PostImpact=true, ActiveMotion=false, State=MONITORING, Latency=8ms
09-03 16:49:26.109 E/BatteryStatsService(  601): Invalid uid for waking network packet: -1
09-03 16:49:26.119 E/BatteryStatsService(  601): Invalid uid for waking network packet: -1
09-03 16:49:26.120 E/BatteryStatsService(  601): Invalid uid for waking network packet: -1
09-03 16:49:26.123 E/BatteryStatsService(  601): Invalid uid for waking network packet: -1
09-03 16:49:26.186 W/droid.easyMover(17961): Suspending all threads took: 7.864ms
09-03 16:49:26.252 D/WatchFallML(17999): Activity=SITTING, FallProb=0.1500, AccPeak=9.63, AccMin=9.40, AccRange=0.23, AccStd=0.05, GyroPeak=0.03, JerkPeak=7.3, Impact=false, TemporalScore=0, PostImpact=true, ActiveMotion=false, State=MONITORING, Latency=2ms
09-03 16:49:26.527 I/hwservicemanager(  287): getTransport: Cannot find entry android.hardware.memtrack@1.0::IMemtrack/default in either framework or device VINTF manifest.
09-03 16:49:26.546 I/hwservicemanager(  287): getTransport: Cannot find entry android.hardware.memtrack@1.0::IMemtrack/default in either framework or device VINTF manifest.
09-03 16:49:26.547 E/HidlServiceManagement(18950): Service android.hardware.memtrack@1.0::IMemtrack/default must be in VINTF manifest in order to register/get.
09-03 16:49:26.548 E/LegacySupport(18950): Could not register service android.hardware.memtrack@1.0::IMemtrack/default (-2147483648).
09-03 16:49:26.601 D/WatchFallML(17999): Activity=SITTING, FallProb=0.1200, AccPeak=9.66, AccMin=9.40, AccRange=0.26, AccStd=0.06, GyroPeak=0.03, JerkPeak=10.8, Impact=false, TemporalScore=0, PostImpact=true, ActiveMotion=false, State=MONITORING, Latency=11ms
09-03 16:49:26.676 E/BatteryStatsService(  601): Invalid uid for waking network packet: -1
09-03 16:49:26.677 E/BatteryStatsService(  601): Invalid uid for waking network packet: -1
09-03 16:49:26.917 D/WatchFallML(17999): Activity=SITTING, FallProb=0.1500, AccPeak=9.66, AccMin=9.40, AccRange=0.26, AccStd=0.05, GyroPeak=0.03, JerkPeak=10.8, Impact=false, TemporalScore=0, PostImpact=true, ActiveMotion=false, State=MONITORING, Latency=8ms
09-03 16:49:27.233 D/WatchFallML(17999): Activity=SITTING, FallProb=0.1500, AccPeak=9.60, AccMin=9.44, AccRange=0.15, AccStd=0.04, GyroPeak=0.03, JerkPeak=6.8, Impact=false, TemporalScore=0, PostImpact=true, ActiveMotion=false, State=MONITORING, Latency=5ms
09-03 16:49:27.349 I/bt_btm_pm( 1193): system/stack/acl/btm_pm.cc:720 btm_pm_proc_mode_change: Power mode switched from immediate:sniff[2] to immediate:active[0]
09-03 16:49:27.492 V/LocationManagerService(  601): passive provider registration 1000/android[SensorNotificationService]/55F1BC4A dropped delivery - too close
09-03 16:49:27.493 V/LocationManagerService(  601): passive provider registration 5010/com.samsung.android.watch.runestone.app/CF6603C7 dropped delivery - too fast (deltaMs=27011).
09-03 16:49:27.570 D/WatchFallML(17999): Activity=SITTING, FallProb=0.1500, AccPeak=9.59, AccMin=9.44, AccRange=0.14, AccStd=0.03, GyroPeak=0.03, JerkPeak=4.9, Impact=false, TemporalScore=0, PostImpact=true, ActiveMotion=false, State=MONITORING, Latency=2ms
09-03 16:49:27.678 E/BatteryStatsService(  601): Invalid uid for waking network packet: -1
09-03 16:49:27.687 E/BatteryStatsService(  601): Invalid uid for waking network packet: -1
09-03 16:49:27.718 V/LocationManagerService(  601): passive provider registration 1000/android[SensorNotificationService]/55F1BC4A dropped delivery - too close
09-03 16:49:27.718 V/LocationManagerService(  601): passive provider registration 5010/com.samsung.android.watch.runestone.app/CF6603C7 dropped delivery - too fast (deltaMs=28000).
09-03 16:49:27.931 D/WatchFallML(17999): Activity=SITTING, FallProb=0.1700, AccPeak=9.57, AccMin=9.42, AccRange=0.14, AccStd=0.04, GyroPeak=0.03, JerkPeak=6.2, Impact=false, TemporalScore=0, PostImpact=true, ActiveMotion=false, State=MONITORING, Latency=3ms
09-03 16:49:28.268 D/WatchFallML(17999): Activity=SITTING, FallProb=0.1800, AccPeak=9.58, AccMin=9.42, AccRange=0.16, AccStd=0.04, GyroPeak=0.03, JerkPeak=6.2, Impact=false, TemporalScore=0, PostImpact=true, ActiveMotion=false, State=MONITORING, Latency=11ms
09-03 16:49:28.581 D/WifiHAL (  458): GetLinkStatCommand: zero radio case
09-03 16:49:28.605 D/WatchFallML(17999): Activity=SITTING, FallProb=0.1500, AccPeak=9.59, AccMin=9.43, AccRange=0.16, AccStd=0.04, GyroPeak=0.03, JerkPeak=7.1, Impact=false, TemporalScore=0, PostImpact=true, ActiveMotion=false, State=MONITORING, Latency=11ms
09-03 16:49:28.693 I/bt_btm_pm( 1193): system/stack/acl/btm_pm.cc:280 BTM_SetPowerMode: Setting power mode for peer:xx:xx:xx:xx:71:14 current_mode:immediate:active[0] new_mode:forced:sniff[2]
09-03 16:49:28.693 I/bt_btm_pm( 1193): system/stack/acl/btm_pm.cc:573 btm_pm_snd_md_req: Switching from immediate:active[0x00] to immediate:sniff[0x02]
09-03 16:49:28.693 I/bt_btm_pm( 1193): system/stack/acl/btm_pm.cc:963 btm_sniff_wakelock: set sniff wakelock
09-03 16:49:28.710 I/bt_btm_pm( 1193): system/stack/acl/btm_pm.cc:720 btm_pm_proc_mode_change: Power mode switched from immediate:pending[5] to immediate:sniff[2]
09-03 16:49:28.746 I/bt_btm_pm( 1193): system/stack/acl/btm_pm.cc:958 btm_sniff_wakelock_timeout: btm sniff wakelock timeout
09-03 16:49:28.749 V/LocationManagerService(  601): passive provider registration 1000/android[SensorNotificationService]/55F1BC4A dropped delivery - too close
09-03 16:49:28.749 V/LocationManagerService(  601): passive provider registration 5010/com.samsung.android.watch.runestone.app/CF6603C7 dropped delivery - too fast (deltaMs=29009).
09-03 16:49:28.886 D/WatchFallML(17999): Activity=SITTING, FallProb=0.1500, AccPeak=9.59, AccMin=9.43, AccRange=0.16, AccStd=0.04, GyroPeak=0.03, JerkPeak=7.1, Impact=false, TemporalScore=0, PostImpact=true, ActiveMotion=false, State=MONITORING, Latency=9ms
09-03 16:49:29.067 E/BatteryStatsService(  601): Invalid uid for waking network packet: -1
09-03 16:49:29.070 E/BatteryStatsService(  601): Invalid uid for waking network packet: -1
09-03 16:49:29.072 E/BatteryStatsService(  601): Invalid uid for waking network packet: -1
09-03 16:49:29.074 E/BatteryStatsService(  601): Invalid uid for waking network packet: -1
09-03 16:49:29.133 E/SSRM:DHMS_BASEFRAMEWORK(  601): e = /sys/class/sec/sec-cp-thermistor/temperature: open failed: ENOENT (No such file or directory)
09-03 16:49:29.137 I/SSRM:Temperature(  601): SIOP:: AP : 443 CP : -999 BLK : 445 BAT : 415
09-03 16:49:29.220 D/WatchFallML(17999): Activity=SITTING, FallProb=0.1400, AccPeak=9.62, AccMin=9.43, AccRange=0.19, AccStd=0.04, GyroPeak=0.03, JerkPeak=8.8, Impact=false, TemporalScore=0, PostImpact=true, ActiveMotion=false, State=MONITORING, Latency=2ms
09-03 16:49:29.568 D/WatchFallML(17999): Activity=SITTING, FallProb=0.1500, AccPeak=9.62, AccMin=9.37, AccRange=0.25, AccStd=0.05, GyroPeak=0.03, JerkPeak=8.8, Impact=false, TemporalScore=0, PostImpact=true, ActiveMotion=false, State=MONITORING, Latency=5ms
09-03 16:49:29.914 D/WatchFallML(17999): Activity=SITTING, FallProb=0.1400, AccPeak=9.64, AccMin=9.37, AccRange=0.28, AccStd=0.05, GyroPeak=0.03, JerkPeak=7.5, Impact=false, TemporalScore=0, PostImpact=true, ActiveMotion=false, State=MONITORING, Latency=9ms
09-03 16:49:30.265 D/WatchFallML(17999): Activity=SITTING, FallProb=0.1500, AccPeak=9.64, AccMin=9.43, AccRange=0.22, AccStd=0.05, GyroPeak=0.03, JerkPeak=6.7, Impact=false, TemporalScore=0, PostImpact=true, ActiveMotion=false, State=MONITORING, Latency=3ms
09-03 16:49:30.343 I/bt_btm_pm( 1193): system/stack/acl/btm_pm.cc:720 btm_pm_proc_mode_change: Power mode switched from immediate:sniff[2] to immediate:active[0]
09-03 16:49:30.461 V/LocationManagerService(  601): passive provider registration 1000/android[SensorNotificationService]/55F1BC4A dropped delivery - too close
09-03 16:49:30.567 D/WatchFallML(17999): Activity=SITTING, FallProb=0.1500, AccPeak=9.64, AccMin=9.44, AccRange=0.21, AccStd=0.05, GyroPeak=0.03, JerkPeak=8.0, Impact=false, TemporalScore=0, PostImpact=true, ActiveMotion=false, State=MONITORING, Latency=2ms
09-03 16:49:30.798 V/LocationManagerService(  601): passive provider registration 1000/android[SensorNotificationService]/55F1BC4A dropped delivery - too close
09-03 16:49:30.798 V/LocationManagerService(  601): passive provider registration 5010/com.samsung.android.watch.runestone.app/CF6603C7 dropped delivery - too fast (deltaMs=994).
09-03 16:49:30.915 D/WatchFallML(17999): Activity=SITTING, FallProb=0.1400, AccPeak=9.65, AccMin=9.44, AccRange=0.21, AccStd=0.05, GyroPeak=0.03, JerkPeak=8.6, Impact=false, TemporalScore=0, PostImpact=true, ActiveMotion=false, State=MONITORING, Latency=11ms
09-03 16:49:31.012 E/BatteryStatsService(  601): Invalid uid for waking network packet: -1
09-03 16:49:31.013 E/BatteryStatsService(  601): Invalid uid for waking network packet: -1
09-03 16:49:31.264 D/WatchFallML(17999): Activity=SITTING, FallProb=0.1400, AccPeak=9.65, AccMin=9.43, AccRange=0.22, AccStd=0.04, GyroPeak=0.03, JerkPeak=8.6, Impact=false, TemporalScore=0, PostImpact=true, ActiveMotion=false, State=MONITORING, Latency=2ms
09-03 16:49:31.535 I/hwservicemanager(  287): getTransport: Cannot find entry android.hardware.memtrack@1.0::IMemtrack/default in either framework or device VINTF manifest.
09-03 16:49:31.543 I/hwservicemanager(  287): getTransport: Cannot find entry android.hardware.memtrack@1.0::IMemtrack/default in either framework or device VINTF manifest.
09-03 16:49:31.544 E/HidlServiceManagement(18951): Service android.hardware.memtrack@1.0::IMemtrack/default must be in VINTF manifest in order to register/get.
09-03 16:49:31.545 E/LegacySupport(18951): Could not register service android.hardware.memtrack@1.0::IMemtrack/default (-2147483648).
09-03 16:49:31.637 D/WatchFallML(17999): Activity=SITTING, FallProb=0.1400, AccPeak=9.60, AccMin=9.42, AccRange=0.18, AccStd=0.05, GyroPeak=0.03, JerkPeak=6.0, Impact=false, TemporalScore=0, PostImpact=true, ActiveMotion=false, State=MONITORING, Latency=6ms
09-03 16:49:31.719 D/WifiHAL (  458): GetLinkStatCommand: zero radio case
09-03 16:49:31.744 V/LocationManagerService(  601): passive provider registration 1000/android[SensorNotificationService]/55F1BC4A dropped delivery - too close
09-03 16:49:31.744 V/LocationManagerService(  601): passive provider registration 5010/com.samsung.android.watch.runestone.app/CF6603C7 dropped delivery - too fast (deltaMs=1946).
09-03 16:49:31.903 D/WatchFallML(17999): Activity=SITTING, FallProb=0.1500, AccPeak=9.60, AccMin=9.42, AccRange=0.18, AccStd=0.05, GyroPeak=0.03, JerkPeak=6.3, Impact=false, TemporalScore=0, PostImpact=true, ActiveMotion=false, State=MONITORING, Latency=2ms
09-03 16:49:31.990 I/adbd    ( 1489): New TLS connection [fd=25]
09-03 16:49:31.992 I/adbd    ( 1489): host-25: read thread spawning
09-03 16:49:31.994 I/adbd    ( 1489): host-25: read failed: Success
09-03 16:49:31.995 I/adbd    ( 1489): host-25: connection terminated: read failed
09-03 16:49:31.995 I/adbd    ( 1489): BlockingConnectionAdapter(host-25): stopping
09-03 16:49:31.998 I/adbd    ( 1489): host-25: write thread spawning
09-03 16:49:31.999 I/adbd    ( 1489): BlockingConnectionAdapter(host-25): stopped
09-03 16:49:31.999 I/adbd    ( 1489): BlockingConnectionAdapter(host-25): destructing
09-03 16:49:31.999 I/adbd    ( 1489): BlockingConnectionAdapter(host-25): already stopped
09-03 16:49:32.282 D/WatchFallML(17999): Activity=SITTING, FallProb=0.1400, AccPeak=9.60, AccMin=9.44, AccRange=0.17, AccStd=0.04, GyroPeak=0.03, JerkPeak=6.3, Impact=false, TemporalScore=0, PostImpact=true, ActiveMotion=false, State=MONITORING, Latency=17ms
09-03 16:49:32.404 E/BatteryStatsService(  601): Invalid uid for waking network packet: -1
09-03 16:49:32.434 E/BatteryStatsService(  601): Invalid uid for waking network packet: -1
09-03 16:49:32.435 E/BatteryStatsService(  601): Invalid uid for waking network packet: -1
09-03 16:49:32.650 I/ilesensorlogger(17999): Background concurrent mark compact GC freed 6144KB AllocSpace bytes, 0(0B) LOS objects, 21% free, 21MB/27MB, paused 3.109ms,16.174ms total 223.025ms
09-03 16:49:32.677 I/bt_btm_pm( 1193): system/stack/acl/btm_pm.cc:280 BTM_SetPowerMode: Setting power mode for peer:xx:xx:xx:xx:71:14 current_mode:immediate:active[0] new_mode:forced:sniff[2]
09-03 16:49:32.677 I/bt_btm_pm( 1193): system/stack/acl/btm_pm.cc:573 btm_pm_snd_md_req: Switching from immediate:active[0x00] to immediate:sniff[0x02]
09-03 16:49:32.677 I/bt_btm_pm( 1193): system/stack/acl/btm_pm.cc:963 btm_sniff_wakelock: set sniff wakelock
09-03 16:49:32.682 D/WatchFallML(17999): Activity=SITTING, FallProb=0.1400, AccPeak=9.57, AccMin=9.42, AccRange=0.15, AccStd=0.04, GyroPeak=0.03, JerkPeak=5.9, Impact=false, TemporalScore=0, PostImpact=true, ActiveMotion=false, State=MONITORING, Latency=5ms
09-03 16:49:32.699 I/bt_btm_pm( 1193): system/stack/acl/btm_pm.cc:720 btm_pm_proc_mode_change: Power mode switched from immediate:pending[5] to immediate:sniff[2]
09-03 16:49:32.713 V/LocationManagerService(  601): passive provider registration 1000/android[SensorNotificationService]/55F1BC4A dropped delivery - too close
09-03 16:49:32.713 V/LocationManagerService(  601): passive provider registration 5010/com.samsung.android.watch.runestone.app/CF6603C7 dropped delivery - too fast (deltaMs=2962).
09-03 16:49:32.729 I/bt_btm_pm( 1193): system/stack/acl/btm_pm.cc:958 btm_sniff_wakelock_timeout: btm sniff wakelock timeout
09-03 16:49:32.914 D/WatchFallML(17999): Activity=SITTING, FallProb=0.1400, AccPeak=9.57, AccMin=9.42, AccRange=0.15, AccStd=0.04, GyroPeak=0.03, JerkPeak=5.5, Impact=false, TemporalScore=0, PostImpact=true, ActiveMotion=false, State=MONITORING, Latency=2ms
09-03 16:49:33.176 I/wpa_supplicant( 1095): Heartbeat 1098
09-03 16:49:33.275 D/WatchFallML(17999): Activity=SITTING, FallProb=0.1500, AccPeak=9.57, AccMin=9.42, AccRange=0.15, AccStd=0.04, GyroPeak=0.03, JerkPeak=6.2, Impact=false, TemporalScore=0, PostImpact=true, ActiveMotion=false, State=MONITORING, Latency=2ms
09-03 16:49:33.314 E/Watchdog(  601): !@Sync: 373 heap: 40 / 61 FD: 766 [2026-09-03 16:49:33.314]
09-03 16:49:33.618 D/WatchFallML(17999): Activity=SITTING, FallProb=0.1500, AccPeak=9.62, AccMin=9.40, AccRange=0.23, AccStd=0.05, GyroPeak=0.03, JerkPeak=11.3, Impact=false, TemporalScore=0, PostImpact=true, ActiveMotion=false, State=MONITORING, Latency=2ms
09-03 16:49:33.934 D/WatchFallML(17999): Activity=SITTING, FallProb=0.1400, AccPeak=9.62, AccMin=9.40, AccRange=0.23, AccStd=0.05, GyroPeak=0.03, JerkPeak=11.3, Impact=false, TemporalScore=0, PostImpact=true, ActiveMotion=false, State=MONITORING, Latency=13ms
09-03 16:49:34.303 D/WatchFallML(17999): Activity=SITTING, FallProb=0.1400, AccPeak=9.66, AccMin=9.40, AccRange=0.26, AccStd=0.06, GyroPeak=0.03, JerkPeak=7.6, Impact=false, TemporalScore=0, PostImpact=true, ActiveMotion=false, State=MONITORING, Latency=3ms
09-03 16:49:34.331 I/bt_btm_pm( 1193): system/stack/acl/btm_pm.cc:720 btm_pm_proc_mode_change: Power mode switched from immediate:sniff[2] to immediate:active[0]
09-03 16:49:34.377 V/LocationManagerService(  601): passive provider registration 1000/android[SensorNotificationService]/55F1BC4A dropped delivery - too close
09-03 16:49:34.378 V/LocationManagerService(  601): passive provider registration 5010/com.samsung.android.watch.runestone.app/CF6603C7 dropped delivery - too fast (deltaMs=3957).
09-03 16:49:34.593 D/WatchFallML(17999): Activity=SITTING, FallProb=0.1400, AccPeak=9.66, AccMin=9.44, AccRange=0.22, AccStd=0.05, GyroPeak=0.03, JerkPeak=7.6, Impact=false, TemporalScore=0, PostImpact=true, ActiveMotion=false, State=MONITORING, Latency=6ms
09-03 16:49:34.646 E/BatteryDump(  489): !@new_battery_dump : 4324,69,2000,168,90,418,0,Chg,Normal,Good,INBOX_WRL,90,Normal,0,0,9647,205,0,0x61,0x8a,0x0f,0x5e,0x01,0x34,0x00,0x01,0,0,8750,4245,1,1,4834,4737,172,4352,0x11,0,2,0x130,0x80,0x56,143,0x3,0x0,0x0
09-03 16:49:34.678 D/[SS]BattFunctions(  601): [sendRemainingChargingTimeChangedIntent]remainingChargingTime:1667 ,mLastRemainingChargingTime:1680
09-03 16:49:34.678 D/BatteryService(  601): Sending ACTION_BATTERY_CHANGED: level:90, status:2, health:2, ac:false, usb:false, wireless:true, misc:0x0, charge_type:1, charger_type:0, voltage:4324, temperature:418, online:11, current_avg:87, hvc:false, capacity:280000, current_event:0x0, current_now:69, mcc:0, mcv:0, cc:324000, present:true, scale:100, technology:Li-ion
09-03 16:49:34.698 D/SYSTEM_UI( 1181): BatteryIndicatorPresenter$3.onReceive(19): onReceive() Received Action =  android.intent.action.BATTERY_CHANGED
09-03 16:49:34.699 D/SYSTEM_UI( 1181): BatteryIndicatorPresenter$3.onReceive(103): level          90 --> 90
09-03 16:49:34.699 D/SYSTEM_UI( 1181): BatteryIndicatorPresenter$3.onReceive(130): status         2 --> 2
09-03 16:49:34.706 D/AdaptiveBrightnessLongtermModelBuilder(  601): Received android.intent.action.BATTERY_CHANGED
09-03 16:49:34.710 D/PowerUI ( 1181): onReceive() Received Action =  com.samsung.server.BatteryService.action.SEC_BATTERY_REMAINING_CHARGING_TIME_CHANGED
09-03 16:49:34.710 D/PowerUI ( 1181): onReceive() Unsupported Action 
09-03 16:49:34.716 D/PowerUI ( 1181): onReceive() Received Action =  android.intent.action.BATTERY_CHANGED
09-03 16:49:34.716 D/PowerUI ( 1181): plugged=true
09-03 16:49:34.716 I/PowerUI ( 1181): maybeShowBatteryWarningV2 plugged=true bucket=1
09-03 16:49:34.716 I/PowerUI.NotificationHelper( 1181): cancelNotification  notificationID = 9009
09-03 16:49:34.718 I/PowerUI ( 1181): ACTION_BATTERY_CHANGED : mPlugType=4 mBatteryStatus=2
09-03 16:49:34.718 I/PowerUI ( 1181): oldMisalign : false, curMisalign : false
09-03 16:49:34.742 I/NfcWirelessCharge( 1164): chargeMode: 4, isWirelessCharging: true
09-03 16:49:34.780 V/LocationManagerService(  601): passive provider registration 1000/android[SensorNotificationService]/55F1BC4A dropped delivery - too close
09-03 16:49:34.780 V/LocationManagerService(  601): passive provider registration 5010/com.samsung.android.watch.runestone.app/CF6603C7 dropped delivery - too fast (deltaMs=5011).
09-03 16:49:34.882 D/WifiHAL (  458): GetLinkStatCommand: zero radio case
09-03 16:49:34.932 D/SYSTEM_UI( 1181): QuickpanelView$$ExternalSyntheticOutline0.m(13): wifi rssi : -63
09-03 16:49:34.959 D/SYSTEM_UI( 1181): WifiConnection$2.onReceive(42): wifi rssi level : 4
09-03 16:49:34.966 D/SYSTEM_UI( 1181): QuickpanelView$$ExternalSyntheticOutline0.m(13): updateMainIcon mMainIconResId= 2131233883
09-03 16:49:35.022 D/io_stats(  319): !@ 179,0 r 458525 10118320 w 43327 418608 d 8362 626260 f 3243 4357 iot 666584 0 th 0 0 0 pt 0 inp 0 0 11200.247
09-03 16:49:35.045 D/WatchFallML(17999): Activity=SITTING, FallProb=0.1500, AccPeak=9.62, AccMin=9.45, AccRange=0.17, AccStd=0.04, GyroPeak=0.03, JerkPeak=6.2, Impact=false, TemporalScore=0, PostImpact=true, ActiveMotion=false, State=MONITORING, Latency=17ms
09-03 16:49:35.184 I/Watchface( 1109): [ModelBattery] action:android.intent.action.BATTERY_CHANGED
09-03 16:49:35.184 I/Watchface( 1109): [ModelBattery] scale[100] level[90] status[2] isCharging[true] batteryLow[false]
09-03 16:49:35.185 I/Watchface( 1109): [ModelBattery] putAll to pendingUpdatedValues!! size:2
09-03 16:49:35.261 D/WatchFallML(17999): Activity=SITTING, FallProb=0.1500, AccPeak=9.62, AccMin=9.45, AccRange=0.17, AccStd=0.04, GyroPeak=0.03, JerkPeak=6.2, Impact=false, TemporalScore=0, PostImpact=true, ActiveMotion=false, State=MONITORING, Latency=2ms
09-03 16:49:35.613 D/WatchFallML(17999): Activity=SITTING, FallProb=0.1500, AccPeak=9.63, AccMin=9.46, AccRange=0.17, AccStd=0.04, GyroPeak=0.03, JerkPeak=8.1, Impact=false, TemporalScore=0, PostImpact=true, ActiveMotion=false, State=MONITORING, Latency=2ms
09-03 16:49:35.730 I/bt_btm_pm( 1193): system/stack/acl/btm_pm.cc:280 BTM_SetPowerMode: Setting power mode for peer:xx:xx:xx:xx:71:14 current_mode:immediate:active[0] new_mode:forced:sniff[2]
09-03 16:49:35.730 I/bt_btm_pm( 1193): system/stack/acl/btm_pm.cc:573 btm_pm_snd_md_req: Switching from immediate:active[0x00] to immediate:sniff[0x02]
09-03 16:49:35.730 I/bt_btm_pm( 1193): system/stack/acl/btm_pm.cc:963 btm_sniff_wakelock: set sniff wakelock
09-03 16:49:35.763 I/bt_btm_pm( 1193): system/stack/acl/btm_pm.cc:720 btm_pm_proc_mode_change: Power mode switched from immediate:pending[5] to immediate:sniff[2]
09-03 16:49:35.781 I/bt_btm_pm( 1193): system/stack/acl/btm_pm.cc:958 btm_sniff_wakelock_timeout: btm sniff wakelock timeout
09-03 16:49:35.813 V/LocationManagerService(  601): passive provider registration 1000/android[SensorNotificationService]/55F1BC4A dropped delivery - too close
09-03 16:49:35.813 V/LocationManagerService(  601): passive provider registration 5010/com.samsung.android.watch.runestone.app/CF6603C7 dropped delivery - too fast (deltaMs=5983).
09-03 16:49:35.926 D/WatchFallML(17999): Activity=SITTING, FallProb=0.1500, AccPeak=9.63, AccMin=9.46, AccRange=0.17, AccStd=0.04, GyroPeak=0.03, JerkPeak=8.1, Impact=false, TemporalScore=0, PostImpact=true, ActiveMotion=false, State=MONITORING, Latency=7ms
09-03 16:49:36.277 D/WatchFallML(17999): Activity=SITTING, FallProb=0.1500, AccPeak=9.60, AccMin=9.34, AccRange=0.26, AccStd=0.05, GyroPeak=0.03, JerkPeak=7.5, Impact=false, TemporalScore=0, PostImpact=true, ActiveMotion=false, State=MONITORING, Latency=2ms
09-03 16:49:36.562 I/hwservicemanager(  287): getTransport: Cannot find entry android.hardware.memtrack@1.0::IMemtrack/default in either framework or device VINTF manifest.
09-03 16:49:36.579 I/hwservicemanager(  287): getTransport: Cannot find entry android.hardware.memtrack@1.0::IMemtrack/default in either framework or device VINTF manifest.
09-03 16:49:36.580 E/HidlServiceManagement(18956): Service android.hardware.memtrack@1.0::IMemtrack/default must be in VINTF manifest in order to register/get.
09-03 16:49:36.580 E/LegacySupport(18956): Could not register service android.hardware.memtrack@1.0::IMemtrack/default (-2147483648).
09-03 16:49:36.607 D/WatchFallML(17999): Activity=SITTING, FallProb=0.1500, AccPeak=9.60, AccMin=9.34, AccRange=0.26, AccStd=0.05, GyroPeak=0.03, JerkPeak=7.5, Impact=false, TemporalScore=0, PostImpact=true, ActiveMotion=false, State=MONITORING, Latency=1ms
09-03 16:49:36.676 E/BatteryStatsService(  601): Invalid uid for waking network packet: -1
09-03 16:49:36.682 E/BatteryStatsService(  601): Invalid uid for waking network packet: -1
09-03 16:49:36.912 D/WatchFallML(17999): Activity=SITTING, FallProb=0.0900, AccPeak=9.59, AccMin=9.44, AccRange=0.15, AccStd=0.04, GyroPeak=0.03, JerkPeak=6.7, Impact=false, TemporalScore=0, PostImpact=true, ActiveMotion=false, State=MONITORING, Latency=5ms
09-03 16:49:37.024 D/io_stats(  319): !@ 179,0 r 458527 10118344 w 43327 418608 d 8362 626260 f 3243 4357 iot 666588 0 th 0 0 0 pt 0 inp 0 0 11202.307
09-03 16:49:37.025 D/io_stats(  319): !@ Read_top(KB): kworker/u4:2(18678) 24 .gms.persistent(1288) 12 vendor.samsung.(489) 4
09-03 16:49:37.025 D/io_stats(  319): !@ Write_top(KB): jbd2/mmcblk0p2-(314) 20 vendor.samsung.(489) 12
09-03 16:49:37.258 D/WatchFallML(17999): Activity=SITTING, FallProb=0.0900, AccPeak=9.59, AccMin=9.43, AccRange=0.15, AccStd=0.05, GyroPeak=0.03, JerkPeak=6.7, Impact=false, TemporalScore=0, PostImpact=true, ActiveMotion=false, State=MONITORING, Latency=2ms
09-03 16:49:37.565 E/BatteryStatsService(  601): Invalid uid for waking network packet: -1
09-03 16:49:37.572 E/BatteryStatsService(  601): Invalid uid for waking network packet: -1
09-03 16:49:37.574 E/BatteryStatsService(  601): Invalid uid for waking network packet: -1
09-03 16:49:37.575 E/BatteryStatsService(  601): Invalid uid for waking network packet: -1
09-03 16:49:37.582 E/BatteryStatsService(  601): Invalid uid for waking network packet: -1
09-03 16:49:37.648 D/WatchFallML(17999): Activity=SITTING, FallProb=0.1300, AccPeak=9.62, AccMin=9.32, AccRange=0.30, AccStd=0.06, GyroPeak=0.03, JerkPeak=9.4, Impact=false, TemporalScore=0, PostImpact=true, ActiveMotion=false, State=MONITORING, Latency=2ms
09-03 16:49:37.823 I/bt_btm_pm( 1193): system/stack/acl/btm_pm.cc:720 btm_pm_proc_mode_change: Power mode switched from immediate:sniff[2] to immediate:active[0]
09-03 16:49:37.827 I/PowerManagerService(  601): [PWL] On : 8812099 (2391011 ms ago)
09-03 16:49:37.827 I/PowerManagerService(  601): [PWL]  mStayOn: true  mWakeLockSummary & WAKE_LOCK_STAY_AWAKE: 20  mUserActivitySummary: 0x4
09-03 16:49:37.828 I/PowerManagerService(  601): [PWL]  SCREEN_BRIGHT_WAKE_LOCK           'WindowManager/displayId:0' ON_AFTER_RELEASE ACQ=-2m8s645ms (uid=1000 pid=601 pkg=android ws=WorkSource{10165 com.suman.mobilesensorlogger} displayId=0 lock=94062ca)
09-03 16:49:37.925 D/WatchFallML(17999): Activity=SITTING, FallProb=0.1500, AccPeak=9.62, AccMin=9.32, AccRange=0.30, AccStd=0.06, GyroPeak=0.03, JerkPeak=9.4, Impact=false, TemporalScore=0, PostImpact=true, ActiveMotion=false, State=MONITORING, Latency=12ms
09-03 16:49:37.994 V/LocationManagerService(  601): passive provider registration 1000/android[SensorNotificationService]/55F1BC4A dropped delivery - too close
09-03 16:49:37.994 V/LocationManagerService(  601): passive provider registration 5010/com.samsung.android.watch.runestone.app/CF6603C7 dropped delivery - too fast (deltaMs=7005).
09-03 16:49:38.009 V/LocationManagerService(  601): passive provider registration 1000/android[SensorNotificationService]/55F1BC4A dropped delivery - too close
09-03 16:49:38.009 V/LocationManagerService(  601): passive provider registration 5010/com.samsung.android.watch.runestone.app/CF6603C7 dropped delivery - too fast (deltaMs=7999).
09-03 16:49:38.059 D/WifiHAL (  458): GetLinkStatCommand: zero radio case
09-03 16:49:38.089 D/SYSTEM_UI( 1181): QuickpanelView$$ExternalSyntheticOutline0.m(13): wifi rssi : -65
09-03 16:49:38.116 D/SYSTEM_UI( 1181): WifiConnection$2.onReceive(42): wifi rssi level : 3
09-03 16:49:38.117 D/SYSTEM_UI( 1181): QuickpanelView$$ExternalSyntheticOutline0.m(13): updateMainIcon mMainIconResId= 2131233882
09-03 16:49:38.269 D/WatchFallML(17999): Activity=SITTING, FallProb=0.1400, AccPeak=9.59, AccMin=9.38, AccRange=0.20, AccStd=0.04, GyroPeak=0.03, JerkPeak=7.4, Impact=false, TemporalScore=0, PostImpact=true, ActiveMotion=false, State=MONITORING, Latency=4ms
09-03 16:49:38.610 D/WatchFallML(17999): Activity=SITTING, FallProb=0.1400, AccPeak=9.62, AccMin=9.41, AccRange=0.21, AccStd=0.05, GyroPeak=0.03, JerkPeak=7.8, Impact=false, TemporalScore=0, PostImpact=true, ActiveMotion=false, State=MONITORING, Latency=3ms
09-03 16:49:38.625 E/BatteryStatsService(  601): Invalid uid for waking network packet: -1
09-03 16:49:38.626 E/BatteryStatsService(  601): Invalid uid for waking network packet: -1
09-03 16:49:38.627 E/BatteryStatsService(  601): Invalid uid for waking network packet: -1
09-03 16:49:38.628 E/BatteryStatsService(  601): Invalid uid for waking network packet: -1
09-03 16:49:38.629 E/BatteryStatsService(  601): Invalid uid for waking network packet: -1
09-03 16:49:38.630 E/BatteryStatsService(  601): Invalid uid for waking network packet: -1
09-03 16:49:38.781 V/LocationManagerService(  601): passive provider registration 1000/android[SensorNotificationService]/55F1BC4A dropped delivery - too close
09-03 16:49:38.781 V/LocationManagerService(  601): passive provider registration 5010/com.samsung.android.watch.runestone.app/CF6603C7 dropped delivery - too fast (deltaMs=8986).
09-03 16:49:38.878 E/BatteryStatsService(  601): Invalid uid for waking network packet: -1
09-03 16:49:38.880 E/BatteryStatsService(  601): Invalid uid for waking network packet: -1
09-03 16:49:38.882 E/BatteryStatsService(  601): Invalid uid for waking network packet: -1
09-03 16:49:38.883 E/BatteryStatsService(  601): Invalid uid for waking network packet: -1
09-03 16:49:38.884 E/BatteryStatsService(  601): Invalid uid for waking network packet: -1
09-03 16:49:38.885 E/BatteryStatsService(  601): Invalid uid for waking network packet: -1
09-03 16:49:38.887 E/BatteryStatsService(  601): Invalid uid for waking network packet: -1
09-03 16:49:38.970 D/WatchFallML(17999): Activity=SITTING, FallProb=0.1400, AccPeak=9.62, AccMin=9.42, AccRange=0.21, AccStd=0.05, GyroPeak=0.03, JerkPeak=7.8, Impact=false, TemporalScore=0, PostImpact=true, ActiveMotion=false, State=MONITORING, Latency=7ms
09-03 16:49:39.027 D/io_stats(  319): !@ 179,0 r 458528 10118348 w 43327 418608 d 8362 626260 f 3243 4357 iot 666592 0 th 0 0 0 pt 0 inp 0 0 11204.310
09-03 16:49:39.186 E/SSRM:DHMS_BASEFRAMEWORK(  601): e = /sys/class/sec/sec-cp-thermistor/temperature: open failed: ENOENT (No such file or directory)
09-03 16:49:39.190 I/SSRM:Temperature(  601): SIOP:: AP : 444 CP : -999 BLK : 446 BAT : 418
09-03 16:49:39.265 D/WatchFallML(17999): Activity=SITTING, FallProb=0.1500, AccPeak=9.60, AccMin=9.42, AccRange=0.18, AccStd=0.05, GyroPeak=0.03, JerkPeak=7.3, Impact=false, TemporalScore=0, PostImpact=true, ActiveMotion=false, State=MONITORING, Latency=3ms
09-03 16:49:39.543 E/BatteryStatsService(  601): Invalid uid for waking network packet: -1
09-03 16:49:39.545 I/adbd    ( 1489): New TLS connection [fd=25]
09-03 16:49:39.547 E/BatteryStatsService(  601): Invalid uid for waking network packet: -1
09-03 16:49:39.553 I/adbd    ( 1489): host-25: read thread spawning
09-03 16:49:39.553 I/adbd    ( 1489): host-25: read failed: Success
09-03 16:49:39.554 I/adbd    ( 1489): host-25: connection terminated: read failed
09-03 16:49:39.554 I/adbd    ( 1489): BlockingConnectionAdapter(host-25): stopping
09-03 16:49:39.561 I/adbd    ( 1489): host-25: write thread spawning
09-03 16:49:39.562 I/adbd    ( 1489): BlockingConnectionAdapter(host-25): stopped
09-03 16:49:39.562 I/adbd    ( 1489): BlockingConnectionAdapter(host-25): destructing
09-03 16:49:39.562 I/adbd    ( 1489): BlockingConnectionAdapter(host-25): already stopped
09-03 16:49:39.564 E/BatteryStatsService(  601): Invalid uid for waking network packet: -1
09-03 16:49:39.565 E/BatteryStatsService(  601): Invalid uid for waking network packet: -1
09-03 16:49:39.579 E/BatteryStatsService(  601): Invalid uid for waking network packet: -1
09-03 16:49:39.581 E/BatteryStatsService(  601): Invalid uid for waking network packet: -1
09-03 16:49:39.588 E/BatteryStatsService(  601): Invalid uid for waking network packet: -1
09-03 16:49:39.606 D/WatchFallML(17999): Activity=SITTING, FallProb=0.1200, AccPeak=9.63, AccMin=9.43, AccRange=0.20, AccStd=0.05, GyroPeak=0.03, JerkPeak=7.6, Impact=false, TemporalScore=0, PostImpact=true, ActiveMotion=false, State=MONITORING, Latency=9ms
09-03 16:49:39.756 V/LocationManagerService(  601): passive provider registration 1000/android[SensorNotificationService]/55F1BC4A dropped delivery - too close
09-03 16:49:39.756 V/LocationManagerService(  601): passive provider registration 5010/com.samsung.android.watch.runestone.app/CF6603C7 dropped delivery - too fast (deltaMs=10001).
09-03 16:49:39.987 D/WatchFallML(17999): Activity=SITTING, FallProb=0.1200, AccPeak=9.63, AccMin=9.44, AccRange=0.19, AccStd=0.05, GyroPeak=0.03, JerkPeak=7.6, Impact=false, TemporalScore=0, PostImpact=true, ActiveMotion=false, State=MONITORING, Latency=16ms
09-03 16:49:40.137 I/ilesensorlogger(17999): Background concurrent mark compact GC freed 6144KB AllocSpace bytes, 0(0B) LOS objects, 21% free, 21MB/27MB, paused 3.171ms,15.358ms total 257.280ms
09-03 16:49:40.293 D/WatchFallML(17999): Activity=SITTING, FallProb=0.1500, AccPeak=9.63, AccMin=9.46, AccRange=0.17, AccStd=0.05, GyroPeak=0.03, JerkPeak=8.6, Impact=false, TemporalScore=0, PostImpact=true, ActiveMotion=false, State=MONITORING, Latency=10ms
09-03 16:49:40.578 E/BatteryStatsService(  601): Invalid uid for waking network packet: -1
09-03 16:49:40.579 E/BatteryStatsService(  601): Invalid uid for waking network packet: -1
09-03 16:49:40.582 E/BatteryStatsService(  601): Invalid uid for waking network packet: -1
09-03 16:49:40.583 E/BatteryStatsService(  601): Invalid uid for waking network packet: -1
09-03 16:49:40.622 D/WatchFallML(17999): Activity=SITTING, FallProb=0.1700, AccPeak=9.63, AccMin=9.45, AccRange=0.18, AccStd=0.05, GyroPeak=0.03, JerkPeak=8.6, Impact=false, TemporalScore=0, PostImpact=true, ActiveMotion=false, State=MONITORING, Latency=11ms
09-03 16:49:40.710 V/LocationManagerService(  601): passive provider registration 1000/android[SensorNotificationService]/55F1BC4A dropped delivery - too close
09-03 16:49:40.710 V/LocationManagerService(  601): passive provider registration 5010/com.samsung.android.watch.runestone.app/CF6603C7 dropped delivery - too fast (deltaMs=10988).
09-03 16:49:40.936 D/WatchFallML(17999): Activity=SITTING, FallProb=0.1400, AccPeak=9.61, AccMin=9.45, AccRange=0.16, AccStd=0.04, GyroPeak=0.03, JerkPeak=5.9, Impact=false, TemporalScore=0, PostImpact=true, ActiveMotion=false, State=MONITORING, Latency=9ms
09-03 16:49:41.028 D/io_stats(  319): !@ 179,0 r 458528 10118348 w 43329 418624 d 8362 626260 f 3243 4357 iot 666596 0 th 0 0 0 pt 0 inp 0 0 11206.312
09-03 16:49:41.030 D/io_stats(  319): !@ Read_top(KB): system_server(601) 4
09-03 16:49:41.030 D/io_stats(  319): !@ Write_top(KB): kworker/u4:1(18521) 16
09-03 16:49:41.171 D/WifiHAL (  458): GetLinkStatCommand: zero radio case
09-03 16:49:41.289 D/WatchFallML(17999): Activity=SITTING, FallProb=0.1200, AccPeak=9.66, AccMin=9.43, AccRange=0.23, AccStd=0.04, GyroPeak=0.03, JerkPeak=5.7, Impact=false, TemporalScore=0, PostImpact=true, ActiveMotion=false, State=MONITORING, Latency=3ms
09-03 16:49:41.555 I/hwservicemanager(  287): getTransport: Cannot find entry android.hardware.memtrack@1.0::IMemtrack/default in either framework or device VINTF manifest.
09-03 16:49:41.571 I/hwservicemanager(  287): getTransport: Cannot find entry android.hardware.memtrack@1.0::IMemtrack/default in either framework or device VINTF manifest.
09-03 16:49:41.575 E/HidlServiceManagement(18959): Service android.hardware.memtrack@1.0::IMemtrack/default must be in VINTF manifest in order to register/get.
09-03 16:49:41.575 E/LegacySupport(18959): Could not register service android.hardware.memtrack@1.0::IMemtrack/default (-2147483648).
09-03 16:49:41.641 D/WatchFallML(17999): Activity=SITTING, FallProb=0.1500, AccPeak=9.66, AccMin=9.43, AccRange=0.23, AccStd=0.05, GyroPeak=0.03, JerkPeak=5.7, Impact=false, TemporalScore=0, PostImpact=true, ActiveMotion=false, State=MONITORING, Latency=2ms
09-03 16:49:41.685 I/bt_btm_pm( 1193): system/stack/acl/btm_pm.cc:280 BTM_SetPowerMode: Setting power mode for peer:xx:xx:xx:xx:71:14 current_mode:immediate:active[0] new_mode:forced:sniff[2]
09-03 16:49:41.685 I/bt_btm_pm( 1193): system/stack/acl/btm_pm.cc:573 btm_pm_snd_md_req: Switching from immediate:active[0x00] to immediate:sniff[0x02]
09-03 16:49:41.685 I/bt_btm_pm( 1193): system/stack/acl/btm_pm.cc:963 btm_sniff_wakelock: set sniff wakelock
09-03 16:49:41.710 I/bt_btm_pm( 1193): system/stack/acl/btm_pm.cc:720 btm_pm_proc_mode_change: Power mode switched from immediate:pending[5] to immediate:sniff[2]
09-03 16:49:41.736 I/bt_btm_pm( 1193): system/stack/acl/btm_pm.cc:958 btm_sniff_wakelock_timeout: btm sniff wakelock timeout
09-03 16:49:41.737 E/BatteryStatsService(  601): Invalid uid for waking network packet: -1
09-03 16:49:41.762 V/LocationManagerService(  601): passive provider registration 1000/android[SensorNotificationService]/55F1BC4A dropped delivery - too close
09-03 16:49:41.762 V/LocationManagerService(  601): passive provider registration 5010/com.samsung.android.watch.runestone.app/CF6603C7 dropped delivery - too fast (deltaMs=11963).
09-03 16:49:41.979 D/WatchFallML(17999): Activity=SITTING, FallProb=0.1800, AccPeak=9.67, AccMin=9.39, AccRange=0.28, AccStd=0.06, GyroPeak=0.03, JerkPeak=11.0, Impact=false, TemporalScore=0, PostImpact=true, ActiveMotion=false, State=MONITORING, Latency=5ms
09-03 16:49:42.294 D/WatchFallML(17999): Activity=SITTING, FallProb=0.1600, AccPeak=9.67, AccMin=9.39, AccRange=0.28, AccStd=0.05, GyroPeak=0.03, JerkPeak=11.0, Impact=false, TemporalScore=0, PostImpact=true, ActiveMotion=false, State=MONITORING, Latency=2ms
09-03 16:49:42.314 I/bt_btm_pm( 1193): system/stack/acl/btm_pm.cc:720 btm_pm_proc_mode_change: Power mode switched from immediate:sniff[2] to immediate:active[0]
09-03 16:49:42.662 D/WatchFallML(17999): Activity=SITTING, FallProb=0.1400, AccPeak=9.62, AccMin=9.41, AccRange=0.21, AccStd=0.04, GyroPeak=0.03, JerkPeak=6.7, Impact=false, TemporalScore=0, PostImpact=true, ActiveMotion=false, State=MONITORING, Latency=5ms
09-03 16:49:42.775 V/LocationManagerService(  601): passive provider registration 1000/android[SensorNotificationService]/55F1BC4A dropped delivery - too close
09-03 16:49:42.775 V/LocationManagerService(  601): passive provider registration 5010/com.samsung.android.watch.runestone.app/CF6603C7 dropped delivery - too fast (deltaMs=12961).
09-03 16:49:42.922 D/WatchFallML(17999): Activity=SITTING, FallProb=0.1500, AccPeak=9.57, AccMin=9.41, AccRange=0.16, AccStd=0.04, GyroPeak=0.03, JerkPeak=6.4, Impact=false, TemporalScore=0, PostImpact=true, ActiveMotion=false, State=MONITORING, Latency=2ms
09-03 16:49:43.031 D/io_stats(  319): !@ 179,0 r 458528 10118348 w 43330 418628 d 8362 626260 f 3243 4357 iot 666604 0 th 0 0 0 pt 0 inp 0 0 11208.314
09-03 16:49:43.176 I/wpa_supplicant( 1095): Heartbeat 1099
09-03 16:49:43.303 D/WatchFallML(17999): Activity=SITTING, FallProb=0.1400, AccPeak=9.63, AccMin=9.42, AccRange=0.21, AccStd=0.05, GyroPeak=0.03, JerkPeak=8.5, Impact=false, TemporalScore=0, PostImpact=true, ActiveMotion=false, State=MONITORING, Latency=16ms
09-03 16:49:43.637 D/WatchFallML(17999): Activity=SITTING, FallProb=0.1500, AccPeak=9.63, AccMin=9.43, AccRange=0.20, AccStd=0.05, GyroPeak=0.03, JerkPeak=8.5, Impact=false, TemporalScore=0, PostImpact=true, ActiveMotion=false, State=MONITORING, Latency=2ms
09-03 16:49:43.652 E/BatteryStatsService(  601): Invalid uid for waking network packet: -1
09-03 16:49:43.742 I/bt_btm_pm( 1193): system/stack/acl/btm_pm.cc:280 BTM_SetPowerMode: Setting power mode for peer:xx:xx:xx:xx:71:14 current_mode:immediate:active[0] new_mode:forced:sniff[2]
09-03 16:49:43.743 I/bt_btm_pm( 1193): system/stack/acl/btm_pm.cc:573 btm_pm_snd_md_req: Switching from immediate:active[0x00] to immediate:sniff[0x02]
09-03 16:49:43.743 I/bt_btm_pm( 1193): system/stack/acl/btm_pm.cc:963 btm_sniff_wakelock: set sniff wakelock
09-03 16:49:43.762 I/bt_btm_pm( 1193): system/stack/acl/btm_pm.cc:720 btm_pm_proc_mode_change: Power mode switched from immediate:pending[5] to immediate:sniff[2]
09-03 16:49:43.777 V/LocationManagerService(  601): passive provider registration 1000/android[SensorNotificationService]/55F1BC4A dropped delivery - too close
09-03 16:49:43.777 V/LocationManagerService(  601): passive provider registration 5010/com.samsung.android.watch.runestone.app/CF6603C7 dropped delivery - too fast (deltaMs=13975).
09-03 16:49:43.793 I/bt_btm_pm( 1193): system/stack/acl/btm_pm.cc:958 btm_sniff_wakelock_timeout: btm sniff wakelock timeout
09-03 16:49:43.961 D/WatchFallML(17999): Activity=SITTING, FallProb=0.1500, AccPeak=9.60, AccMin=9.43, AccRange=0.17, AccStd=0.05, GyroPeak=0.03, JerkPeak=7.7, Impact=false, TemporalScore=0, PostImpact=true, ActiveMotion=false, State=MONITORING, Latency=4ms
09-03 16:49:44.286 D/WifiHAL (  458): GetLinkStatCommand: zero radio case
09-03 16:49:44.306 E/BatteryStatsService(  601): Invalid uid for waking network packet: -1
09-03 16:49:44.307 E/BatteryStatsService(  601): Invalid uid for waking network packet: -1
09-03 16:49:44.307 E/BatteryStatsService(  601): Invalid uid for waking network packet: -1
09-03 16:49:44.340 D/WatchFallML(17999): Activity=SITTING, FallProb=0.1500, AccPeak=9.59, AccMin=9.42, AccRange=0.17, AccStd=0.04, GyroPeak=0.03, JerkPeak=6.1, Impact=false, TemporalScore=0, PostImpact=true, ActiveMotion=false, State=MONITORING, Latency=3ms
09-03 16:49:44.366 D/SYSTEM_UI( 1181): QuickpanelView$$ExternalSyntheticOutline0.m(13): wifi rssi : -62
09-03 16:49:44.387 D/SYSTEM_UI( 1181): WifiConnection$2.onReceive(42): wifi rssi level : 4
09-03 16:49:44.389 D/SYSTEM_UI( 1181): QuickpanelView$$ExternalSyntheticOutline0.m(13): updateMainIcon mMainIconResId= 2131233883
09-03 16:49:44.617 D/WatchFallML(17999): Activity=SITTING, FallProb=0.1500, AccPeak=9.58, AccMin=9.40, AccRange=0.18, AccStd=0.04, GyroPeak=0.03, JerkPeak=7.2, Impact=false, TemporalScore=0, PostImpact=true, ActiveMotion=false, State=MONITORING, Latency=2ms
09-03 16:49:44.669 E/BatteryDump(  489): !@new_battery_dump : 4331,76,2000,168,90,420,0,Chg,Normal,Good,INBOX_WRL,90,Normal,0,0,9647,205,0,0x98,0x8a,0x0f,0x5e,0x01,0x34,0x00,0x01,0,0,8752,4246,1,1,4834,4732,172,4345,0x11,0,2,0x130,0x80,0x56,143,0x3,0x0,0x0
09-03 16:49:44.685 D/BatteryService(  601): Sending ACTION_BATTERY_CHANGED: level:90, status:2, health:2, ac:false, usb:false, wireless:true, misc:0x0, charge_type:1, charger_type:0, voltage:4331, temperature:420, online:11, current_avg:84, hvc:false, capacity:280000, current_event:0x0, current_now:76, mcc:0, mcv:0, cc:324360, present:true, scale:100, technology:Li-ion
09-03 16:49:44.703 D/PowerUI ( 1181): onReceive() Received Action =  android.intent.action.BATTERY_CHANGED
09-03 16:49:44.704 D/PowerUI ( 1181): plugged=true
09-03 16:49:44.705 D/SYSTEM_UI( 1181): BatteryIndicatorPresenter$3.onReceive(19): onReceive() Received Action =  android.intent.action.BATTERY_CHANGED
09-03 16:49:44.706 D/SYSTEM_UI( 1181): BatteryIndicatorPresenter$3.onReceive(103): level          90 --> 90
09-03 16:49:44.706 D/SYSTEM_UI( 1181): BatteryIndicatorPresenter$3.onReceive(130): status         2 --> 2
09-03 16:49:44.706 I/PowerUI ( 1181): maybeShowBatteryWarningV2 plugged=true bucket=1
09-03 16:49:44.707 I/PowerUI.NotificationHelper( 1181): cancelNotification  notificationID = 9009
09-03 16:49:44.710 I/PowerUI ( 1181): ACTION_BATTERY_CHANGED : mPlugType=4 mBatteryStatus=2
09-03 16:49:44.710 I/PowerUI ( 1181): oldMisalign : false, curMisalign : false
09-03 16:49:44.726 D/AdaptiveBrightnessLongtermModelBuilder(  601): Received android.intent.action.BATTERY_CHANGED
09-03 16:49:44.787 I/NfcWirelessCharge( 1164): chargeMode: 4, isWirelessCharging: true
09-03 16:49:44.967 D/WatchFallML(17999): Activity=SITTING, FallProb=0.1500, AccPeak=9.56, AccMin=9.40, AccRange=0.16, AccStd=0.04, GyroPeak=0.03, JerkPeak=7.2, Impact=false, TemporalScore=0, PostImpact=true, ActiveMotion=false, State=MONITORING, Latency=10ms
09-03 16:49:45.035 D/io_stats(  319): !@ 179,0 r 458528 10118348 w 43335 418664 d 8363 626264 f 3243 4358 iot 666636 0 th 0 0 0 pt 0 inp 0 0 11210.318
09-03 16:49:45.037 D/io_stats(  319): !@ Write_top(KB): jbd2/mmcblk0p2-(314) 20 vendor.samsung.(489) 12 kworker/u4:1(18521) 4
09-03 16:49:45.206 I/Watchface( 1109): [ModelBattery] action:android.intent.action.BATTERY_CHANGED
09-03 16:49:45.207 I/Watchface( 1109): [ModelBattery] scale[100] level[90] status[2] isCharging[true] batteryLow[false]
09-03 16:49:45.207 I/Watchface( 1109): [ModelBattery] putAll to pendingUpdatedValues!! size:2
09-03 16:49:45.305 I/bt_btm_pm( 1193): system/stack/acl/btm_pm.cc:720 btm_pm_proc_mode_change: Power mode switched from immediate:sniff[2] to immediate:active[0]
09-03 16:49:45.336 D/WatchFallML(17999): Activity=SITTING, FallProb=0.1500, AccPeak=9.57, AccMin=9.41, AccRange=0.15, AccStd=0.04, GyroPeak=0.03, JerkPeak=6.3, Impact=false, TemporalScore=0, PostImpact=true, ActiveMotion=false, State=MONITORING, Latency=7ms
09-03 16:49:45.369 V/LocationManagerService(  601): passive provider registration 1000/android[SensorNotificationService]/55F1BC4A dropped delivery - too close
09-03 16:49:45.369 V/LocationManagerService(  601): passive provider registration 5010/com.samsung.android.watch.runestone.app/CF6603C7 dropped delivery - too fast (deltaMs=14965).
09-03 16:49:45.642 D/WatchFallML(17999): Activity=SITTING, FallProb=0.1400, AccPeak=9.62, AccMin=9.41, AccRange=0.21, AccStd=0.05, GyroPeak=0.03, JerkPeak=7.6, Impact=false, TemporalScore=0, PostImpact=true, ActiveMotion=false, State=MONITORING, Latency=14ms
09-03 16:49:45.726 V/LocationManagerService(  601): passive provider registration 1000/android[SensorNotificationService]/55F1BC4A dropped delivery - too close
09-03 16:49:45.726 V/LocationManagerService(  601): passive provider registration 5010/com.samsung.android.watch.runestone.app/CF6603C7 dropped delivery - too fast (deltaMs=15993).
09-03 16:49:45.993 D/WatchFallML(17999): Activity=SITTING, FallProb=0.1400, AccPeak=9.62, AccMin=9.42, AccRange=0.21, AccStd=0.05, GyroPeak=0.03, JerkPeak=7.6, Impact=false, TemporalScore=0, PostImpact=true, ActiveMotion=false, State=MONITORING, Latency=7ms
09-03 16:49:46.306 D/WatchFallML(17999): Activity=SITTING, FallProb=0.1500, AccPeak=9.61, AccMin=9.44, AccRange=0.17, AccStd=0.05, GyroPeak=0.03, JerkPeak=8.1, Impact=false, TemporalScore=0, PostImpact=true, ActiveMotion=false, State=MONITORING, Latency=4ms
09-03 16:49:46.587 I/hwservicemanager(  287): getTransport: Cannot find entry android.hardware.memtrack@1.0::IMemtrack/default in either framework or device VINTF manifest.
09-03 16:49:46.605 I/hwservicemanager(  287): getTransport: Cannot find entry android.hardware.memtrack@1.0::IMemtrack/default in either framework or device VINTF manifest.
09-03 16:49:46.607 E/HidlServiceManagement(18960): Service android.hardware.memtrack@1.0::IMemtrack/default must be in VINTF manifest in order to register/get.
09-03 16:49:46.607 E/LegacySupport(18960): Could not register service android.hardware.memtrack@1.0::IMemtrack/default (-2147483648).
09-03 16:49:46.636 D/WatchFallML(17999): Activity=SITTING, FallProb=0.1500, AccPeak=9.61, AccMin=9.42, AccRange=0.19, AccStd=0.05, GyroPeak=0.03, JerkPeak=8.1, Impact=false, TemporalScore=0, PostImpact=true, ActiveMotion=false, State=MONITORING, Latency=2ms
09-03 16:49:46.699 I/bt_btm_pm( 1193): system/stack/acl/btm_pm.cc:280 BTM_SetPowerMode: Setting power mode for peer:xx:xx:xx:xx:71:14 current_mode:immediate:active[0] new_mode:forced:sniff[2]
09-03 16:49:46.699 I/bt_btm_pm( 1193): system/stack/acl/btm_pm.cc:573 btm_pm_snd_md_req: Switching from immediate:active[0x00] to immediate:sniff[0x02]
09-03 16:49:46.699 I/bt_btm_pm( 1193): system/stack/acl/btm_pm.cc:963 btm_sniff_wakelock: set sniff wakelock
09-03 16:49:46.717 I/bt_btm_pm( 1193): system/stack/acl/btm_pm.cc:720 btm_pm_proc_mode_change: Power mode switched from immediate:pending[5] to immediate:sniff[2]
09-03 16:49:46.751 I/bt_btm_pm( 1193): system/stack/acl/btm_pm.cc:958 btm_sniff_wakelock_timeout: btm sniff wakelock timeout
09-03 16:49:46.769 V/LocationManagerService(  601): passive provider registration 1000/android[SensorNotificationService]/55F1BC4A dropped delivery - too close
09-03 16:49:46.769 V/LocationManagerService(  601): passive provider registration 5010/com.samsung.android.watch.runestone.app/CF6603C7 dropped delivery - too fast (deltaMs=16993).
09-03 16:49:46.924 D/WatchFallML(17999): Activity=SITTING, FallProb=0.1500, AccPeak=9.60, AccMin=9.42, AccRange=0.18, AccStd=0.04, GyroPeak=0.03, JerkPeak=7.5, Impact=false, TemporalScore=0, PostImpact=true, ActiveMotion=false, State=MONITORING, Latency=2ms
09-03 16:49:47.038 D/io_stats(  319): !@ 179,0 r 458528 10118348 w 43336 418668 d 8363 626264 f 3243 4358 iot 666640 0 th 0 0 0 pt 0 inp 0 0 11212.322
09-03 16:49:47.044 E/BatteryStatsService(  601): Invalid uid for waking network packet: -1
09-03 16:49:47.045 E/BatteryStatsService(  601): Invalid uid for waking network packet: -1
09-03 16:49:47.050 E/BatteryStatsService(  601): Invalid uid for waking network packet: -1
09-03 16:49:47.052 E/BatteryStatsService(  601): Invalid uid for waking network packet: -1
09-03 16:49:47.053 E/BatteryStatsService(  601): Invalid uid for waking network packet: -1
09-03 16:49:47.290 D/WatchFallML(17999): Activity=SITTING, FallProb=0.1500, AccPeak=9.60, AccMin=9.40, AccRange=0.20, AccStd=0.04, GyroPeak=0.03, JerkPeak=7.5, Impact=false, TemporalScore=0, PostImpact=true, ActiveMotion=false, State=MONITORING, Latency=18ms
09-03 16:49:47.449 D/WifiHAL (  458): GetLinkStatCommand: zero radio case
09-03 16:49:47.527 D/SYSTEM_UI( 1181): QuickpanelView$$ExternalSyntheticOutline0.m(13): wifi rssi : -65
09-03 16:49:47.528 D/SYSTEM_UI( 1181): WifiConnection$2.onReceive(42): wifi rssi level : 3
09-03 16:49:47.529 D/SYSTEM_UI( 1181): QuickpanelView$$ExternalSyntheticOutline0.m(13): updateMainIcon mMainIconResId= 2131233882
09-03 16:49:47.669 D/WatchFallML(17999): Activity=SITTING, FallProb=0.1400, AccPeak=9.57, AccMin=9.40, AccRange=0.17, AccStd=0.04, GyroPeak=0.03, JerkPeak=7.2, Impact=false, TemporalScore=0, PostImpact=true, ActiveMotion=false, State=MONITORING, Latency=2ms
09-03 16:49:47.673 I/ilesensorlogger(17999): Background concurrent mark compact GC freed 6144KB AllocSpace bytes, 0(0B) LOS objects, 21% free, 21MB/27MB, paused 3.683ms,17.269ms total 350.202ms
09-03 16:49:47.983 D/WatchFallML(17999): Activity=SITTING, FallProb=0.1200, AccPeak=9.57, AccMin=9.43, AccRange=0.14, AccStd=0.03, GyroPeak=0.03, JerkPeak=5.4, Impact=false, TemporalScore=0, PostImpact=true, ActiveMotion=false, State=MONITORING, Latency=8ms
09-03 16:49:48.065 E/BatteryStatsService(  601): Invalid uid for waking network packet: -1
09-03 16:49:48.175 I/SurfaceFlinger(  514): SFWD update time=11213458664825
09-03 16:49:48.296 I/bt_btm_pm( 1193): system/stack/acl/btm_pm.cc:720 btm_pm_proc_mode_change: Power mode switched from immediate:sniff[2] to immediate:active[0]
09-03 16:49:48.339 D/WatchFallML(17999): Activity=SITTING, FallProb=0.1500, AccPeak=9.58, AccMin=9.38, AccRange=0.21, AccStd=0.05, GyroPeak=0.03, JerkPeak=8.4, Impact=false, TemporalScore=0, PostImpact=true, ActiveMotion=false, State=MONITORING, Latency=7ms
09-03 16:49:48.357 V/LocationManagerService(  601): passive provider registration 1000/android[SensorNotificationService]/55F1BC4A dropped delivery - too close
09-03 16:49:48.357 V/LocationManagerService(  601): passive provider registration 5010/com.samsung.android.watch.runestone.app/CF6603C7 dropped delivery - too fast (deltaMs=17952).
09-03 16:49:48.684 D/WatchFallML(17999): Activity=SITTING, FallProb=0.1200, AccPeak=9.58, AccMin=9.38, AccRange=0.21, AccStd=0.05, GyroPeak=0.03, JerkPeak=8.4, Impact=false, TemporalScore=0, PostImpact=true, ActiveMotion=false, State=MONITORING, Latency=9ms
09-03 16:49:48.934 V/LocationManagerService(  601): passive provider registration 1000/android[SensorNotificationService]/55F1BC4A dropped delivery - too close
09-03 16:49:48.934 V/LocationManagerService(  601): passive provider registration 5010/com.samsung.android.watch.runestone.app/CF6603C7 dropped delivery - too fast (deltaMs=18991).
09-03 16:49:48.962 D/WatchFallML(17999): Activity=SITTING, FallProb=0.1200, AccPeak=9.56, AccMin=9.41, AccRange=0.15, AccStd=0.04, GyroPeak=0.03, JerkPeak=6.7, Impact=false, TemporalScore=0, PostImpact=true, ActiveMotion=false, State=MONITORING, Latency=7ms
09-03 16:49:49.039 D/io_stats(  319): !@ Write_top(KB): kworker/u4:4(18864) 4
09-03 16:49:49.246 E/SSRM:DHMS_BASEFRAMEWORK(  601): e = /sys/class/sec/sec-cp-thermistor/temperature: open failed: ENOENT (No such file or directory)
09-03 16:49:49.254 I/SSRM:Temperature(  601): SIOP:: AP : 445 CP : -999 BLK : 447 BAT : 420
09-03 16:49:49.338 D/WatchFallML(17999): Activity=SITTING, FallProb=0.1100, AccPeak=9.59, AccMin=9.43, AccRange=0.17, AccStd=0.04, GyroPeak=0.03, JerkPeak=6.7, Impact=false, TemporalScore=0, PostImpact=true, ActiveMotion=false, State=MONITORING, Latency=22ms
09-03 16:49:49.647 D/WatchFallML(17999): Activity=SITTING, FallProb=0.0700, AccPeak=9.59, AccMin=9.41, AccRange=0.18, AccStd=0.04, GyroPeak=0.04, JerkPeak=5.8, Impact=false, TemporalScore=0, PostImpact=true, ActiveMotion=false, State=MONITORING, Latency=9ms
09-03 16:49:49.734 V/LocationManagerService(  601): passive provider registration 1000/android[SensorNotificationService]/55F1BC4A dropped delivery - too close
09-03 16:49:49.734 V/LocationManagerService(  601): passive provider registration 5010/com.samsung.android.watch.runestone.app/CF6603C7 dropped delivery - too fast (deltaMs=19955).
09-03 16:49:49.952 D/WatchFallML(17999): Activity=SITTING, FallProb=0.0500, AccPeak=9.57, AccMin=9.40, AccRange=0.17, AccStd=0.04, GyroPeak=0.04, JerkPeak=5.3, Impact=false, TemporalScore=0, PostImpact=true, ActiveMotion=false, State=MONITORING, Latency=2ms
09-03 16:49:50.287 D/WatchFallML(17999): Activity=SITTING, FallProb=0.0600, AccPeak=9.60, AccMin=9.40, AccRange=0.19, AccStd=0.04, GyroPeak=0.03, JerkPeak=8.2, Impact=false, TemporalScore=0, PostImpact=true, ActiveMotion=false, State=MONITORING, Latency=6ms
09-03 16:49:50.671 D/WifiHAL (  458): GetLinkStatCommand: zero radio case
09-03 16:49:50.677 D/WatchFallML(17999): Activity=SITTING, FallProb=0.1200, AccPeak=9.60, AccMin=9.43, AccRange=0.16, AccStd=0.05, GyroPeak=0.03, JerkPeak=8.2, Impact=false, TemporalScore=0, PostImpact=true, ActiveMotion=false, State=MONITORING, Latency=2ms
09-03 16:49:50.694 V/LocationManagerService(  601): passive provider registration 1000/android[SensorNotificationService]/55F1BC4A dropped delivery - too close
09-03 16:49:50.694 V/LocationManagerService(  601): passive provider registration 5010/com.samsung.android.watch.runestone.app/CF6603C7 dropped delivery - too fast (deltaMs=20969).
09-03 16:49:50.702 E/IPCThreadState(  458): binder thread pool (1 threads) starved for 118 ms
09-03 16:49:50.798 D/SYSTEM_UI( 1181): QuickpanelView$$ExternalSyntheticOutline0.m(13): wifi rssi : -63
09-03 16:49:50.829 D/SYSTEM_UI( 1181): WifiConnection$2.onReceive(42): wifi rssi level : 4
09-03 16:49:50.833 D/SYSTEM_UI( 1181): QuickpanelView$$ExternalSyntheticOutline0.m(13): updateMainIcon mMainIconResId= 2131233883
09-03 16:49:50.997 D/WatchFallML(17999): Activity=SITTING, FallProb=0.1400, AccPeak=9.62, AccMin=9.43, AccRange=0.19, AccStd=0.05, GyroPeak=0.03, JerkPeak=7.8, Impact=false, TemporalScore=0, PostImpact=true, ActiveMotion=false, State=MONITORING, Latency=5ms
09-03 16:49:51.041 D/io_stats(  319): !@ 179,0 r 458528 10118348 w 43338 418684 d 8363 626264 f 3243 4358 iot 666644 0 th 0 0 0 pt 0 inp 0 0 11216.324
09-03 16:49:51.319 D/WatchFallML(17999): Activity=SITTING, FallProb=0.1500, AccPeak=9.62, AccMin=9.44, AccRange=0.19, AccStd=0.05, GyroPeak=0.03, JerkPeak=7.8, Impact=false, TemporalScore=0, PostImpact=true, ActiveMotion=false, State=MONITORING, Latency=2ms
09-03 16:49:51.583 I/hwservicemanager(  287): getTransport: Cannot find entry android.hardware.memtrack@1.0::IMemtrack/default in either framework or device VINTF manifest.
09-03 16:49:51.596 I/hwservicemanager(  287): getTransport: Cannot find entry android.hardware.memtrack@1.0::IMemtrack/default in either framework or device VINTF manifest.
09-03 16:49:51.597 E/HidlServiceManagement(18961): Service android.hardware.memtrack@1.0::IMemtrack/default must be in VINTF manifest in order to register/get.
09-03 16:49:51.598 E/LegacySupport(18961): Could not register service android.hardware.memtrack@1.0::IMemtrack/default (-2147483648).
09-03 16:49:51.659 D/WatchFallML(17999): Activity=SITTING, FallProb=0.1500, AccPeak=9.61, AccMin=9.44, AccRange=0.17, AccStd=0.05, GyroPeak=0.03, JerkPeak=6.6, Impact=false, TemporalScore=0, PostImpact=true, ActiveMotion=false, State=MONITORING, Latency=7ms
09-03 16:49:51.671 V/LocationManagerService(  601): passive provider registration 1000/android[SensorNotificationService]/55F1BC4A dropped delivery - too close
09-03 16:49:51.672 V/LocationManagerService(  601): passive provider registration 5010/com.samsung.android.watch.runestone.app/CF6603C7 dropped delivery - too fast (deltaMs=21943).
09-03 16:49:51.833 W/DMASA[C]( 1740): [DiagMonAgentApplication]onTrimMemory (40)
09-03 16:49:51.972 D/WatchFallML(17999): Activity=SITTING, FallProb=0.1500, AccPeak=9.63, AccMin=9.45, AccRange=0.18, AccStd=0.04, GyroPeak=0.03, JerkPeak=5.7, Impact=false, TemporalScore=0, PostImpact=true, ActiveMotion=false, State=MONITORING, Latency=4ms
09-03 16:49:52.318 D/WatchFallML(17999): Activity=SITTING, FallProb=0.1500, AccPeak=9.63, AccMin=9.43, AccRange=0.20, AccStd=0.05, GyroPeak=0.03, JerkPeak=8.7, Impact=false, TemporalScore=0, PostImpact=true, ActiveMotion=false, State=MONITORING, Latency=3ms
09-03 16:49:52.645 I/bt_btm_pm( 1193): system/stack/acl/btm_pm.cc:280 BTM_SetPowerMode: Setting power mode for peer:xx:xx:xx:xx:71:14 current_mode:immediate:active[0] new_mode:forced:sniff[2]
09-03 16:49:52.646 I/bt_btm_pm( 1193): system/stack/acl/btm_pm.cc:573 btm_pm_snd_md_req: Switching from immediate:active[0x00] to immediate:sniff[0x02]
09-03 16:49:52.646 I/bt_btm_pm( 1193): system/stack/acl/btm_pm.cc:963 btm_sniff_wakelock: set sniff wakelock
09-03 16:49:52.676 I/bt_btm_pm( 1193): system/stack/acl/btm_pm.cc:720 btm_pm_proc_mode_change: Power mode switched from immediate:pending[5] to immediate:sniff[2]
09-03 16:49:52.696 I/bt_btm_pm( 1193): system/stack/acl/btm_pm.cc:958 btm_sniff_wakelock_timeout: btm sniff wakelock timeout
09-03 16:49:52.699 D/WatchFallML(17999): Activity=SITTING, FallProb=0.1100, AccPeak=9.62, AccMin=9.39, AccRange=0.23, AccStd=0.05, GyroPeak=0.03, JerkPeak=8.7, Impact=false, TemporalScore=0, PostImpact=true, ActiveMotion=false, State=MONITORING, Latency=19ms
09-03 16:49:52.715 V/LocationManagerService(  601): passive provider registration 1000/android[SensorNotificationService]/55F1BC4A dropped delivery - too close
09-03 16:49:52.715 V/LocationManagerService(  601): passive provider registration 5010/com.samsung.android.watch.runestone.app/CF6603C7 dropped delivery - too fast (deltaMs=22960).
09-03 16:49:53.021 D/WatchFallML(17999): Activity=SITTING, FallProb=0.0900, AccPeak=9.63, AccMin=9.39, AccRange=0.23, AccStd=0.05, GyroPeak=0.03, JerkPeak=7.8, Impact=false, TemporalScore=0, PostImpact=true, ActiveMotion=false, State=MONITORING, Latency=15ms
09-03 16:49:53.042 D/io_stats(  319): !@ Write_top(KB): kworker/u4:2(18678) 16
09-03 16:49:53.179 I/wpa_supplicant( 1095): Heartbeat 1100
09-03 16:49:53.300 D/WatchFallML(17999): Activity=SITTING, FallProb=0.1200, AccPeak=9.67, AccMin=9.45, AccRange=0.22, AccStd=0.05, GyroPeak=0.03, JerkPeak=7.1, Impact=false, TemporalScore=0, PostImpact=true, ActiveMotion=false, State=MONITORING, Latency=10ms
09-03 16:49:53.673 D/WatchFallML(17999): Activity=SITTING, FallProb=0.1500, AccPeak=9.67, AccMin=9.45, AccRange=0.22, AccStd=0.05, GyroPeak=0.03, JerkPeak=6.1, Impact=false, TemporalScore=0, PostImpact=true, ActiveMotion=false, State=MONITORING, Latency=1ms
09-03 16:49:53.851 D/WifiHAL (  458): GetLinkStatCommand: zero radio case
09-03 16:49:54.013 D/WatchFallML(17999): Activity=SITTING, FallProb=0.1500, AccPeak=9.59, AccMin=9.41, AccRange=0.18, AccStd=0.04, GyroPeak=0.03, JerkPeak=6.7, Impact=false, TemporalScore=0, PostImpact=true, ActiveMotion=false, State=MONITORING, Latency=10ms
09-03 16:49:54.281 I/bt_btm_pm( 1193): system/stack/acl/btm_pm.cc:720 btm_pm_proc_mode_change: Power mode switched from immediate:sniff[2] to immediate:active[0]
09-03 16:49:54.314 D/WatchFallML(17999): Activity=SITTING, FallProb=0.1500, AccPeak=9.58, AccMin=9.41, AccRange=0.17, AccStd=0.04, GyroPeak=0.03, JerkPeak=8.5, Impact=false, TemporalScore=0, PostImpact=true, ActiveMotion=false, State=MONITORING, Latency=10ms
09-03 16:49:54.346 V/LocationManagerService(  601): passive provider registration 1000/android[SensorNotificationService]/55F1BC4A dropped delivery - too close
09-03 16:49:54.346 V/LocationManagerService(  601): passive provider registration 5010/com.samsung.android.watch.runestone.app/CF6603C7 dropped delivery - too fast (deltaMs=23955).
09-03 16:49:54.665 D/WatchFallML(17999): Activity=SITTING, FallProb=0.1500, AccPeak=9.58, AccMin=9.41, AccRange=0.17, AccStd=0.05, GyroPeak=0.03, JerkPeak=8.5, Impact=false, TemporalScore=0, PostImpact=true, ActiveMotion=false, State=MONITORING, Latency=1ms
09-03 16:49:54.681 I/ilesensorlogger(17999): Waiting for a blocking GC ProfileSaver
09-03 16:49:54.737 E/BatteryDump(  489): !@new_battery_dump : 4334,79,2000,168,90,420,0,Chg,Normal,Good,INBOX_WRL,90,Normal,0,0,9647,205,0,0xb8,0x8a,0x0f,0x5e,0x01,0x34,0x00,0x01,0,0,8759,4246,1,1,4834,4742,173,4345,0x11,0,2,0x130,0x80,0x56,143,0x3,0x0,0x0
09-03 16:49:54.739 D/BatteryService(  601): Sending ACTION_BATTERY_CHANGED: level:90, status:2, health:2, ac:false, usb:false, wireless:true, misc:0x0, charge_type:1, charger_type:0, voltage:4334, temperature:420, online:11, current_avg:82, hvc:false, capacity:280000, current_event:0x0, current_now:79, mcc:0, mcv:0, cc:324360, present:true, scale:100, technology:Li-ion
09-03 16:49:54.750 D/PowerUI ( 1181): onReceive() Received Action =  android.intent.action.BATTERY_CHANGED
09-03 16:49:54.750 D/PowerUI ( 1181): plugged=true
09-03 16:49:54.750 I/PowerUI ( 1181): ACTION_BATTERY_CHANGED : mPlugType=4 mBatteryStatus=2
09-03 16:49:54.751 I/PowerUI ( 1181): oldMisalign : false, curMisalign : false
09-03 16:49:54.751 I/PowerUI ( 1181): maybeShowBatteryWarningV2 plugged=true bucket=1
09-03 16:49:54.751 I/PowerUI.NotificationHelper( 1181): cancelNotification  notificationID = 9009
09-03 16:49:54.758 D/SYSTEM_UI( 1181): BatteryIndicatorPresenter$3.onReceive(19): onReceive() Received Action =  android.intent.action.BATTERY_CHANGED
09-03 16:49:54.761 D/SYSTEM_UI( 1181): BatteryIndicatorPresenter$3.onReceive(103): level          90 --> 90
09-03 16:49:54.761 D/SYSTEM_UI( 1181): BatteryIndicatorPresenter$3.onReceive(130): status         2 --> 2
09-03 16:49:54.775 I/NfcWirelessCharge( 1164): chargeMode: 4, isWirelessCharging: true
09-03 16:49:54.835 D/AdaptiveBrightnessLongtermModelBuilder(  601): Received android.intent.action.BATTERY_CHANGED
09-03 16:49:54.850 I/ilesensorlogger(17999): Background concurrent mark compact GC freed 6232KB AllocSpace bytes, 0(0B) LOS objects, 21% free, 21MB/27MB, paused 3.959ms,34.095ms total 367.724ms
09-03 16:49:54.852 I/ilesensorlogger(17999): WaitForGcToComplete blocked ProfileSaver on Background for 171.385ms
09-03 16:49:54.911 V/LocationManagerService(  601): passive provider registration 1000/android[SensorNotificationService]/55F1BC4A dropped delivery - too close
09-03 16:49:54.911 V/LocationManagerService(  601): passive provider registration 5010/com.samsung.android.watch.runestone.app/CF6603C7 dropped delivery - too fast (deltaMs=24976).
09-03 16:49:55.030 D/WatchFallML(17999): Activity=SITTING, FallProb=0.1400, AccPeak=9.59, AccMin=9.38, AccRange=0.21, AccStd=0.04, GyroPeak=0.03, JerkPeak=7.6, Impact=false, TemporalScore=0, PostImpact=true, ActiveMotion=false, State=MONITORING, Latency=8ms
09-03 16:49:55.106 D/io_stats(  319): !@ 179,0 r 458528 10118348 w 43340 418692 d 8363 626264 f 3243 4358 iot 666652 0 th 0 0 0 pt 0 inp 0 0 11220.390
